ISO-10303-21;
HEADER;
/* Generated by software containing ST-Developer
 * from STEP Tools, Inc. (www.steptools.com) 
 */

FILE_DESCRIPTION(
/* description */ (''),
/* implementation_level */ '2;1');

FILE_NAME(
/* name */ 'ensamble_herramienta.stp',
/* time_stamp */ '2026-03-12T17:33:18-05:00',
/* author */ ('User'),
/* organization */ (''),
/* preprocessor_version */ 'ST-DEVELOPER v20.1',
/* originating_system */ 'Autodesk Inventor 2026',
/* authorisation */ '');

FILE_SCHEMA (('AUTOMOTIVE_DESIGN { 1 0 10303 214 3 1 1 }'));
ENDSEC;

DATA;
#10=MECHANICAL_DESIGN_GEOMETRIC_PRESENTATION_REPRESENTATION('',(#108,#109,
#110,#111,#112,#113,#114,#115,#116,#117),#8831);
#11=ITEM_DEFINED_TRANSFORMATION($,$,#5676,#5792);
#12=ITEM_DEFINED_TRANSFORMATION($,$,#5548,#5793);
#13=ITEM_DEFINED_TRANSFORMATION($,$,#5582,#5794);
#14=ITEM_DEFINED_TRANSFORMATION($,$,#5711,#5795);
#15=ITEM_DEFINED_TRANSFORMATION($,$,#5626,#5796);
#16=ITEM_DEFINED_TRANSFORMATION($,$,#5626,#5797);
#17=ITEM_DEFINED_TRANSFORMATION($,$,#5645,#5798);
#18=ITEM_DEFINED_TRANSFORMATION($,$,#5548,#5799);
#19=ITEM_DEFINED_TRANSFORMATION($,$,#5582,#5800);
#20=ITEM_DEFINED_TRANSFORMATION($,$,#5626,#5801);
#21=ITEM_DEFINED_TRANSFORMATION($,$,#5626,#5802);
#22=ITEM_DEFINED_TRANSFORMATION($,$,#5645,#5803);
#23=ITEM_DEFINED_TRANSFORMATION($,$,#5676,#5804);
#24=ITEM_DEFINED_TRANSFORMATION($,$,#5711,#5805);
#25=ITEM_DEFINED_TRANSFORMATION($,$,#5721,#5806);
#26=ITEM_DEFINED_TRANSFORMATION($,$,#5505,#5909);
#27=ITEM_DEFINED_TRANSFORMATION($,$,#5547,#5910);
#28=ITEM_DEFINED_TRANSFORMATION($,$,#5807,#5911);
#29=ITEM_DEFINED_TRANSFORMATION($,$,#5876,#5912);
#30=(
REPRESENTATION_RELATIONSHIP($,$,#8886,#8881)
REPRESENTATION_RELATIONSHIP_WITH_TRANSFORMATION(#11)
SHAPE_REPRESENTATION_RELATIONSHIP()
);
#31=(
REPRESENTATION_RELATIONSHIP($,$,#8882,#8881)
REPRESENTATION_RELATIONSHIP_WITH_TRANSFORMATION(#12)
SHAPE_REPRESENTATION_RELATIONSHIP()
);
#32=(
REPRESENTATION_RELATIONSHIP($,$,#8883,#8881)
REPRESENTATION_RELATIONSHIP_WITH_TRANSFORMATION(#13)
SHAPE_REPRESENTATION_RELATIONSHIP()
);
#33=(
REPRESENTATION_RELATIONSHIP($,$,#8887,#8881)
REPRESENTATION_RELATIONSHIP_WITH_TRANSFORMATION(#14)
SHAPE_REPRESENTATION_RELATIONSHIP()
);
#34=(
REPRESENTATION_RELATIONSHIP($,$,#8884,#8881)
REPRESENTATION_RELATIONSHIP_WITH_TRANSFORMATION(#15)
SHAPE_REPRESENTATION_RELATIONSHIP()
);
#35=(
REPRESENTATION_RELATIONSHIP($,$,#8884,#8881)
REPRESENTATION_RELATIONSHIP_WITH_TRANSFORMATION(#16)
SHAPE_REPRESENTATION_RELATIONSHIP()
);
#36=(
REPRESENTATION_RELATIONSHIP($,$,#8885,#8881)
REPRESENTATION_RELATIONSHIP_WITH_TRANSFORMATION(#17)
SHAPE_REPRESENTATION_RELATIONSHIP()
);
#37=(
REPRESENTATION_RELATIONSHIP($,$,#8882,#8881)
REPRESENTATION_RELATIONSHIP_WITH_TRANSFORMATION(#18)
SHAPE_REPRESENTATION_RELATIONSHIP()
);
#38=(
REPRESENTATION_RELATIONSHIP($,$,#8883,#8881)
REPRESENTATION_RELATIONSHIP_WITH_TRANSFORMATION(#19)
SHAPE_REPRESENTATION_RELATIONSHIP()
);
#39=(
REPRESENTATION_RELATIONSHIP($,$,#8884,#8881)
REPRESENTATION_RELATIONSHIP_WITH_TRANSFORMATION(#20)
SHAPE_REPRESENTATION_RELATIONSHIP()
);
#40=(
REPRESENTATION_RELATIONSHIP($,$,#8884,#8881)
REPRESENTATION_RELATIONSHIP_WITH_TRANSFORMATION(#21)
SHAPE_REPRESENTATION_RELATIONSHIP()
);
#41=(
REPRESENTATION_RELATIONSHIP($,$,#8885,#8881)
REPRESENTATION_RELATIONSHIP_WITH_TRANSFORMATION(#22)
SHAPE_REPRESENTATION_RELATIONSHIP()
);
#42=(
REPRESENTATION_RELATIONSHIP($,$,#8886,#8881)
REPRESENTATION_RELATIONSHIP_WITH_TRANSFORMATION(#23)
SHAPE_REPRESENTATION_RELATIONSHIP()
);
#43=(
REPRESENTATION_RELATIONSHIP($,$,#8887,#8881)
REPRESENTATION_RELATIONSHIP_WITH_TRANSFORMATION(#24)
SHAPE_REPRESENTATION_RELATIONSHIP()
);
#44=(
REPRESENTATION_RELATIONSHIP($,$,#8888,#8881)
REPRESENTATION_RELATIONSHIP_WITH_TRANSFORMATION(#25)
SHAPE_REPRESENTATION_RELATIONSHIP()
);
#45=(
REPRESENTATION_RELATIONSHIP($,$,#8880,#8879)
REPRESENTATION_RELATIONSHIP_WITH_TRANSFORMATION(#26)
SHAPE_REPRESENTATION_RELATIONSHIP()
);
#46=(
REPRESENTATION_RELATIONSHIP($,$,#8881,#8879)
REPRESENTATION_RELATIONSHIP_WITH_TRANSFORMATION(#27)
SHAPE_REPRESENTATION_RELATIONSHIP()
);
#47=(
REPRESENTATION_RELATIONSHIP($,$,#8889,#8879)
REPRESENTATION_RELATIONSHIP_WITH_TRANSFORMATION(#28)
SHAPE_REPRESENTATION_RELATIONSHIP()
);
#48=(
REPRESENTATION_RELATIONSHIP($,$,#8890,#8879)
REPRESENTATION_RELATIONSHIP_WITH_TRANSFORMATION(#29)
SHAPE_REPRESENTATION_RELATIONSHIP()
);
#49=CONTEXT_DEPENDENT_SHAPE_REPRESENTATION(#30,#8858);
#50=CONTEXT_DEPENDENT_SHAPE_REPRESENTATION(#31,#8859);
#51=CONTEXT_DEPENDENT_SHAPE_REPRESENTATION(#32,#8860);
#52=CONTEXT_DEPENDENT_SHAPE_REPRESENTATION(#33,#8861);
#53=CONTEXT_DEPENDENT_SHAPE_REPRESENTATION(#34,#8862);
#54=CONTEXT_DEPENDENT_SHAPE_REPRESENTATION(#35,#8863);
#55=CONTEXT_DEPENDENT_SHAPE_REPRESENTATION(#36,#8864);
#56=CONTEXT_DEPENDENT_SHAPE_REPRESENTATION(#37,#8865);
#57=CONTEXT_DEPENDENT_SHAPE_REPRESENTATION(#38,#8866);
#58=CONTEXT_DEPENDENT_SHAPE_REPRESENTATION(#39,#8867);
#59=CONTEXT_DEPENDENT_SHAPE_REPRESENTATION(#40,#8868);
#60=CONTEXT_DEPENDENT_SHAPE_REPRESENTATION(#41,#8869);
#61=CONTEXT_DEPENDENT_SHAPE_REPRESENTATION(#42,#8870);
#62=CONTEXT_DEPENDENT_SHAPE_REPRESENTATION(#43,#8871);
#63=CONTEXT_DEPENDENT_SHAPE_REPRESENTATION(#44,#8872);
#64=CONTEXT_DEPENDENT_SHAPE_REPRESENTATION(#45,#8875);
#65=CONTEXT_DEPENDENT_SHAPE_REPRESENTATION(#46,#8876);
#66=CONTEXT_DEPENDENT_SHAPE_REPRESENTATION(#47,#8877);
#67=CONTEXT_DEPENDENT_SHAPE_REPRESENTATION(#48,#8878);
#68=NEXT_ASSEMBLY_USAGE_OCCURRENCE('servomotor','servomotor',
'servomotor',#8894,#8899,'servomotor');
#69=NEXT_ASSEMBLY_USAGE_OCCURRENCE('acople_servo','acople_servo',
'acople_servo',#8894,#8895,'acople_servo');
#70=NEXT_ASSEMBLY_USAGE_OCCURRENCE('cremallera1','cremallera1',
'cremallera1',#8894,#8896,'cremallera1');
#71=NEXT_ASSEMBLY_USAGE_OCCURRENCE('polea_ensayo','polea_ensayo',
'polea_ensayo',#8894,#8900,'polea_ensayo');
#72=NEXT_ASSEMBLY_USAGE_OCCURRENCE('lamina-1 - copia',
'lamina-1 - copia','lamina-1 - copia',#8894,#8897,'lamina-1 - copia');
#73=NEXT_ASSEMBLY_USAGE_OCCURRENCE('lamina-1 - copia:1',
'lamina-1 - copia:1','lamina-1 - copia:1',#8894,#8897,
'lamina-1 - copia:1');
#74=NEXT_ASSEMBLY_USAGE_OCCURRENCE('soporte_pinza','soporte_pinza',
'soporte_pinza',#8894,#8898,'soporte_pinza');
#75=NEXT_ASSEMBLY_USAGE_OCCURRENCE('acople_servo:1','acople_servo:1',
'acople_servo:1',#8894,#8895,'acople_servo:1');
#76=NEXT_ASSEMBLY_USAGE_OCCURRENCE('cremallera1:1','cremallera1:1',
'cremallera1:1',#8894,#8896,'cremallera1:1');
#77=NEXT_ASSEMBLY_USAGE_OCCURRENCE('lamina-1 - copia:2',
'lamina-1 - copia:2','lamina-1 - copia:2',#8894,#8897,
'lamina-1 - copia:2');
#78=NEXT_ASSEMBLY_USAGE_OCCURRENCE('lamina-1 - copia:3',
'lamina-1 - copia:3','lamina-1 - copia:3',#8894,#8897,
'lamina-1 - copia:3');
#79=NEXT_ASSEMBLY_USAGE_OCCURRENCE('soporte_pinza:1','soporte_pinza:1',
'soporte_pinza:1',#8894,#8898,'soporte_pinza:1');
#80=NEXT_ASSEMBLY_USAGE_OCCURRENCE('servomotor:1','servomotor:1',
'servomotor:1',#8894,#8899,'servomotor:1');
#81=NEXT_ASSEMBLY_USAGE_OCCURRENCE('polea_ensayo:1','polea_ensayo:1',
'polea_ensayo:1',#8894,#8900,'polea_ensayo:1');
#82=NEXT_ASSEMBLY_USAGE_OCCURRENCE('union:1','union:1','union:1',#8894,
#8901,'union:1');
#83=NEXT_ASSEMBLY_USAGE_OCCURRENCE('lamina_herrAMIENTA:1',
'lamina_herrAMIENTA:1','lamina_herrAMIENTA:1',#8892,#8893,
'lamina_herrAMIENTA:1');
#84=NEXT_ASSEMBLY_USAGE_OCCURRENCE('pinza:1','pinza:1','pinza:1',#8892,
#8894,'pinza:1');
#85=NEXT_ASSEMBLY_USAGE_OCCURRENCE('soporte-motor:1','soporte-motor:1',
'soporte-motor:1',#8892,#8902,'soporte-motor:1');
#86=NEXT_ASSEMBLY_USAGE_OCCURRENCE('soprte_motor:1','soprte_motor:1',
'soprte_motor:1',#8892,#8903,'soprte_motor:1');
#87=TOROIDAL_SURFACE('',#5610,5.21615632716836,0.832284583369259);
#88=SHAPE_REPRESENTATION_RELATIONSHIP('SRR','None',#8880,#98);
#89=SHAPE_REPRESENTATION_RELATIONSHIP('SRR','None',#8882,#99);
#90=SHAPE_REPRESENTATION_RELATIONSHIP('SRR','None',#8883,#100);
#91=SHAPE_REPRESENTATION_RELATIONSHIP('SRR','None',#8884,#101);
#92=SHAPE_REPRESENTATION_RELATIONSHIP('SRR','None',#8885,#102);
#93=SHAPE_REPRESENTATION_RELATIONSHIP('SRR','None',#8886,#103);
#94=SHAPE_REPRESENTATION_RELATIONSHIP('SRR','None',#8887,#104);
#95=SHAPE_REPRESENTATION_RELATIONSHIP('SRR','None',#8888,#105);
#96=SHAPE_REPRESENTATION_RELATIONSHIP('SRR','None',#8889,#106);
#97=SHAPE_REPRESENTATION_RELATIONSHIP('SRR','None',#8890,#107);
#98=ADVANCED_BREP_SHAPE_REPRESENTATION('',(#118),#8820);
#99=ADVANCED_BREP_SHAPE_REPRESENTATION('',(#119),#8822);
#100=ADVANCED_BREP_SHAPE_REPRESENTATION('',(#120),#8823);
#101=ADVANCED_BREP_SHAPE_REPRESENTATION('',(#121),#8824);
#102=ADVANCED_BREP_SHAPE_REPRESENTATION('',(#122),#8825);
#103=ADVANCED_BREP_SHAPE_REPRESENTATION('',(#123),#8826);
#104=ADVANCED_BREP_SHAPE_REPRESENTATION('',(#124),#8827);
#105=ADVANCED_BREP_SHAPE_REPRESENTATION('',(#125),#8828);
#106=ADVANCED_BREP_SHAPE_REPRESENTATION('',(#126),#8829);
#107=ADVANCED_BREP_SHAPE_REPRESENTATION('',(#127),#8830);
#108=STYLED_ITEM('',(#5325),#118);
#109=STYLED_ITEM('',(#5327),#119);
#110=STYLED_ITEM('',(#5328),#120);
#111=STYLED_ITEM('',(#5329),#121);
#112=STYLED_ITEM('',(#5330),#122);
#113=STYLED_ITEM('',(#5331),#123);
#114=STYLED_ITEM('',(#5332),#124);
#115=STYLED_ITEM('',(#5333),#125);
#116=STYLED_ITEM('',(#5334),#126);
#117=STYLED_ITEM('',(#5335),#127);
#118=MANIFOLD_SOLID_BREP('Solid1',#5200);
#119=MANIFOLD_SOLID_BREP('Solid1',#5201);
#120=MANIFOLD_SOLID_BREP('Solid1',#5202);
#121=MANIFOLD_SOLID_BREP('Solid1',#5203);
#122=MANIFOLD_SOLID_BREP('Solid1',#5204);
#123=MANIFOLD_SOLID_BREP('Solid1',#5205);
#124=MANIFOLD_SOLID_BREP('Solid1',#5206);
#125=MANIFOLD_SOLID_BREP('Solid1',#5207);
#126=MANIFOLD_SOLID_BREP('Solid1',#5208);
#127=MANIFOLD_SOLID_BREP('Solid1',#5209);
#128=FACE_BOUND('',#657,.T.);
#129=FACE_BOUND('',#658,.T.);
#130=FACE_BOUND('',#659,.T.);
#131=FACE_BOUND('',#660,.T.);
#132=FACE_BOUND('',#661,.T.);
#133=FACE_BOUND('',#662,.T.);
#134=FACE_BOUND('',#664,.T.);
#135=FACE_BOUND('',#665,.T.);
#136=FACE_BOUND('',#666,.T.);
#137=FACE_BOUND('',#667,.T.);
#138=FACE_BOUND('',#668,.T.);
#139=FACE_BOUND('',#669,.T.);
#140=FACE_BOUND('',#693,.T.);
#141=FACE_BOUND('',#695,.T.);
#142=FACE_BOUND('',#707,.T.);
#143=FACE_BOUND('',#709,.T.);
#144=FACE_BOUND('',#711,.T.);
#145=FACE_BOUND('',#717,.T.);
#146=FACE_BOUND('',#732,.T.);
#147=FACE_BOUND('',#735,.T.);
#148=FACE_BOUND('',#737,.T.);
#149=FACE_BOUND('',#741,.T.);
#150=FACE_BOUND('',#743,.T.);
#151=FACE_BOUND('',#756,.T.);
#152=FACE_BOUND('',#757,.T.);
#153=FACE_BOUND('',#759,.T.);
#154=FACE_BOUND('',#760,.T.);
#155=FACE_BOUND('',#777,.T.);
#156=FACE_BOUND('',#778,.T.);
#157=FACE_BOUND('',#781,.T.);
#158=FACE_BOUND('',#782,.T.);
#159=FACE_BOUND('',#786,.T.);
#160=FACE_BOUND('',#787,.T.);
#161=FACE_BOUND('',#789,.T.);
#162=FACE_BOUND('',#790,.T.);
#163=FACE_BOUND('',#815,.T.);
#164=FACE_BOUND('',#818,.T.);
#165=FACE_BOUND('',#826,.T.);
#166=FACE_BOUND('',#875,.T.);
#167=FACE_BOUND('',#877,.T.);
#168=FACE_BOUND('',#878,.T.);
#169=FACE_BOUND('',#881,.T.);
#170=FACE_BOUND('',#884,.T.);
#171=FACE_BOUND('',#886,.T.);
#172=FACE_BOUND('',#892,.T.);
#173=FACE_BOUND('',#936,.T.);
#174=FACE_BOUND('',#939,.T.);
#175=FACE_BOUND('',#949,.T.);
#176=FACE_BOUND('',#951,.T.);
#177=PLANE('',#5509);
#178=PLANE('',#5510);
#179=PLANE('',#5511);
#180=PLANE('',#5512);
#181=PLANE('',#5522);
#182=PLANE('',#5533);
#183=PLANE('',#5535);
#184=PLANE('',#5537);
#185=PLANE('',#5538);
#186=PLANE('',#5540);
#187=PLANE('',#5545);
#188=PLANE('',#5549);
#189=PLANE('',#5550);
#190=PLANE('',#5554);
#191=PLANE('',#5555);
#192=PLANE('',#5562);
#193=PLANE('',#5567);
#194=PLANE('',#5572);
#195=PLANE('',#5573);
#196=PLANE('',#5574);
#197=PLANE('',#5575);
#198=PLANE('',#5576);
#199=PLANE('',#5577);
#200=PLANE('',#5583);
#201=PLANE('',#5585);
#202=PLANE('',#5586);
#203=PLANE('',#5588);
#204=PLANE('',#5589);
#205=PLANE('',#5590);
#206=PLANE('',#5591);
#207=PLANE('',#5592);
#208=PLANE('',#5593);
#209=PLANE('',#5594);
#210=PLANE('',#5595);
#211=PLANE('',#5596);
#212=PLANE('',#5597);
#213=PLANE('',#5598);
#214=PLANE('',#5599);
#215=PLANE('',#5600);
#216=PLANE('',#5601);
#217=PLANE('',#5602);
#218=PLANE('',#5603);
#219=PLANE('',#5609);
#220=PLANE('',#5614);
#221=PLANE('',#5616);
#222=PLANE('',#5621);
#223=PLANE('',#5623);
#224=PLANE('',#5627);
#225=PLANE('',#5628);
#226=PLANE('',#5629);
#227=PLANE('',#5630);
#228=PLANE('',#5631);
#229=PLANE('',#5632);
#230=PLANE('',#5633);
#231=PLANE('',#5640);
#232=PLANE('',#5641);
#233=PLANE('',#5642);
#234=PLANE('',#5643);
#235=PLANE('',#5644);
#236=PLANE('',#5649);
#237=PLANE('',#5650);
#238=PLANE('',#5651);
#239=PLANE('',#5652);
#240=PLANE('',#5653);
#241=PLANE('',#5654);
#242=PLANE('',#5655);
#243=PLANE('',#5656);
#244=PLANE('',#5657);
#245=PLANE('',#5658);
#246=PLANE('',#5659);
#247=PLANE('',#5660);
#248=PLANE('',#5661);
#249=PLANE('',#5664);
#250=PLANE('',#5665);
#251=PLANE('',#5668);
#252=PLANE('',#5672);
#253=PLANE('',#5673);
#254=PLANE('',#5677);
#255=PLANE('',#5679);
#256=PLANE('',#5681);
#257=PLANE('',#5682);
#258=PLANE('',#5683);
#259=PLANE('',#5684);
#260=PLANE('',#5685);
#261=PLANE('',#5686);
#262=PLANE('',#5688);
#263=PLANE('',#5689);
#264=PLANE('',#5691);
#265=PLANE('',#5692);
#266=PLANE('',#5693);
#267=PLANE('',#5694);
#268=PLANE('',#5697);
#269=PLANE('',#5698);
#270=PLANE('',#5699);
#271=PLANE('',#5700);
#272=PLANE('',#5701);
#273=PLANE('',#5702);
#274=PLANE('',#5706);
#275=PLANE('',#5710);
#276=PLANE('',#5715);
#277=PLANE('',#5719);
#278=PLANE('',#5720);
#279=PLANE('',#5722);
#280=PLANE('',#5726);
#281=PLANE('',#5732);
#282=PLANE('',#5743);
#283=PLANE('',#5744);
#284=PLANE('',#5745);
#285=PLANE('',#5746);
#286=PLANE('',#5747);
#287=PLANE('',#5748);
#288=PLANE('',#5749);
#289=PLANE('',#5750);
#290=PLANE('',#5751);
#291=PLANE('',#5752);
#292=PLANE('',#5753);
#293=PLANE('',#5754);
#294=PLANE('',#5755);
#295=PLANE('',#5756);
#296=PLANE('',#5757);
#297=PLANE('',#5761);
#298=PLANE('',#5771);
#299=PLANE('',#5778);
#300=PLANE('',#5779);
#301=PLANE('',#5780);
#302=PLANE('',#5781);
#303=PLANE('',#5782);
#304=PLANE('',#5783);
#305=PLANE('',#5784);
#306=PLANE('',#5785);
#307=PLANE('',#5786);
#308=PLANE('',#5787);
#309=PLANE('',#5788);
#310=PLANE('',#5789);
#311=PLANE('',#5790);
#312=PLANE('',#5791);
#313=PLANE('',#5808);
#314=PLANE('',#5809);
#315=PLANE('',#5811);
#316=PLANE('',#5816);
#317=PLANE('',#5817);
#318=PLANE('',#5819);
#319=PLANE('',#5820);
#320=PLANE('',#5826);
#321=PLANE('',#5828);
#322=PLANE('',#5829);
#323=PLANE('',#5830);
#324=PLANE('',#5831);
#325=PLANE('',#5832);
#326=PLANE('',#5834);
#327=PLANE('',#5835);
#328=PLANE('',#5836);
#329=PLANE('',#5837);
#330=PLANE('',#5838);
#331=PLANE('',#5839);
#332=PLANE('',#5841);
#333=PLANE('',#5842);
#334=PLANE('',#5843);
#335=PLANE('',#5844);
#336=PLANE('',#5845);
#337=PLANE('',#5846);
#338=PLANE('',#5847);
#339=PLANE('',#5848);
#340=PLANE('',#5849);
#341=PLANE('',#5850);
#342=PLANE('',#5852);
#343=PLANE('',#5853);
#344=PLANE('',#5854);
#345=PLANE('',#5855);
#346=PLANE('',#5856);
#347=PLANE('',#5857);
#348=PLANE('',#5858);
#349=PLANE('',#5859);
#350=PLANE('',#5861);
#351=PLANE('',#5862);
#352=PLANE('',#5863);
#353=PLANE('',#5865);
#354=PLANE('',#5866);
#355=PLANE('',#5869);
#356=PLANE('',#5870);
#357=PLANE('',#5872);
#358=PLANE('',#5873);
#359=PLANE('',#5874);
#360=PLANE('',#5875);
#361=PLANE('',#5877);
#362=PLANE('',#5878);
#363=PLANE('',#5880);
#364=PLANE('',#5881);
#365=PLANE('',#5883);
#366=PLANE('',#5884);
#367=PLANE('',#5885);
#368=PLANE('',#5886);
#369=PLANE('',#5887);
#370=PLANE('',#5888);
#371=PLANE('',#5889);
#372=PLANE('',#5890);
#373=PLANE('',#5891);
#374=PLANE('',#5893);
#375=PLANE('',#5895);
#376=PLANE('',#5896);
#377=PLANE('',#5897);
#378=PLANE('',#5898);
#379=PLANE('',#5899);
#380=PLANE('',#5901);
#381=PLANE('',#5902);
#382=PLANE('',#5903);
#383=PLANE('',#5905);
#384=PLANE('',#5906);
#385=PLANE('',#5907);
#386=PLANE('',#5908);
#387=FACE_OUTER_BOUND('',#652,.T.);
#388=FACE_OUTER_BOUND('',#653,.T.);
#389=FACE_OUTER_BOUND('',#654,.T.);
#390=FACE_OUTER_BOUND('',#655,.T.);
#391=FACE_OUTER_BOUND('',#656,.T.);
#392=FACE_OUTER_BOUND('',#663,.T.);
#393=FACE_OUTER_BOUND('',#670,.T.);
#394=FACE_OUTER_BOUND('',#671,.T.);
#395=FACE_OUTER_BOUND('',#672,.T.);
#396=FACE_OUTER_BOUND('',#673,.T.);
#397=FACE_OUTER_BOUND('',#674,.T.);
#398=FACE_OUTER_BOUND('',#675,.T.);
#399=FACE_OUTER_BOUND('',#676,.T.);
#400=FACE_OUTER_BOUND('',#677,.T.);
#401=FACE_OUTER_BOUND('',#678,.T.);
#402=FACE_OUTER_BOUND('',#679,.T.);
#403=FACE_OUTER_BOUND('',#680,.T.);
#404=FACE_OUTER_BOUND('',#681,.T.);
#405=FACE_OUTER_BOUND('',#682,.T.);
#406=FACE_OUTER_BOUND('',#683,.T.);
#407=FACE_OUTER_BOUND('',#684,.T.);
#408=FACE_OUTER_BOUND('',#685,.T.);
#409=FACE_OUTER_BOUND('',#686,.T.);
#410=FACE_OUTER_BOUND('',#687,.T.);
#411=FACE_OUTER_BOUND('',#688,.T.);
#412=FACE_OUTER_BOUND('',#689,.T.);
#413=FACE_OUTER_BOUND('',#690,.T.);
#414=FACE_OUTER_BOUND('',#691,.T.);
#415=FACE_OUTER_BOUND('',#692,.T.);
#416=FACE_OUTER_BOUND('',#694,.T.);
#417=FACE_OUTER_BOUND('',#696,.T.);
#418=FACE_OUTER_BOUND('',#697,.T.);
#419=FACE_OUTER_BOUND('',#698,.T.);
#420=FACE_OUTER_BOUND('',#699,.T.);
#421=FACE_OUTER_BOUND('',#700,.T.);
#422=FACE_OUTER_BOUND('',#701,.T.);
#423=FACE_OUTER_BOUND('',#702,.T.);
#424=FACE_OUTER_BOUND('',#703,.T.);
#425=FACE_OUTER_BOUND('',#704,.T.);
#426=FACE_OUTER_BOUND('',#705,.T.);
#427=FACE_OUTER_BOUND('',#706,.T.);
#428=FACE_OUTER_BOUND('',#708,.T.);
#429=FACE_OUTER_BOUND('',#710,.T.);
#430=FACE_OUTER_BOUND('',#712,.T.);
#431=FACE_OUTER_BOUND('',#713,.T.);
#432=FACE_OUTER_BOUND('',#714,.T.);
#433=FACE_OUTER_BOUND('',#715,.T.);
#434=FACE_OUTER_BOUND('',#716,.T.);
#435=FACE_OUTER_BOUND('',#718,.T.);
#436=FACE_OUTER_BOUND('',#719,.T.);
#437=FACE_OUTER_BOUND('',#720,.T.);
#438=FACE_OUTER_BOUND('',#721,.T.);
#439=FACE_OUTER_BOUND('',#722,.T.);
#440=FACE_OUTER_BOUND('',#723,.T.);
#441=FACE_OUTER_BOUND('',#724,.T.);
#442=FACE_OUTER_BOUND('',#725,.T.);
#443=FACE_OUTER_BOUND('',#726,.T.);
#444=FACE_OUTER_BOUND('',#727,.T.);
#445=FACE_OUTER_BOUND('',#728,.T.);
#446=FACE_OUTER_BOUND('',#729,.T.);
#447=FACE_OUTER_BOUND('',#730,.T.);
#448=FACE_OUTER_BOUND('',#731,.T.);
#449=FACE_OUTER_BOUND('',#733,.T.);
#450=FACE_OUTER_BOUND('',#734,.T.);
#451=FACE_OUTER_BOUND('',#736,.T.);
#452=FACE_OUTER_BOUND('',#738,.T.);
#453=FACE_OUTER_BOUND('',#739,.T.);
#454=FACE_OUTER_BOUND('',#740,.T.);
#455=FACE_OUTER_BOUND('',#742,.T.);
#456=FACE_OUTER_BOUND('',#744,.T.);
#457=FACE_OUTER_BOUND('',#745,.T.);
#458=FACE_OUTER_BOUND('',#746,.T.);
#459=FACE_OUTER_BOUND('',#747,.T.);
#460=FACE_OUTER_BOUND('',#748,.T.);
#461=FACE_OUTER_BOUND('',#749,.T.);
#462=FACE_OUTER_BOUND('',#750,.T.);
#463=FACE_OUTER_BOUND('',#751,.T.);
#464=FACE_OUTER_BOUND('',#752,.T.);
#465=FACE_OUTER_BOUND('',#753,.T.);
#466=FACE_OUTER_BOUND('',#754,.T.);
#467=FACE_OUTER_BOUND('',#755,.T.);
#468=FACE_OUTER_BOUND('',#758,.T.);
#469=FACE_OUTER_BOUND('',#761,.T.);
#470=FACE_OUTER_BOUND('',#762,.T.);
#471=FACE_OUTER_BOUND('',#763,.T.);
#472=FACE_OUTER_BOUND('',#764,.T.);
#473=FACE_OUTER_BOUND('',#765,.T.);
#474=FACE_OUTER_BOUND('',#766,.T.);
#475=FACE_OUTER_BOUND('',#767,.T.);
#476=FACE_OUTER_BOUND('',#768,.T.);
#477=FACE_OUTER_BOUND('',#769,.T.);
#478=FACE_OUTER_BOUND('',#770,.T.);
#479=FACE_OUTER_BOUND('',#771,.T.);
#480=FACE_OUTER_BOUND('',#772,.T.);
#481=FACE_OUTER_BOUND('',#773,.T.);
#482=FACE_OUTER_BOUND('',#774,.T.);
#483=FACE_OUTER_BOUND('',#775,.T.);
#484=FACE_OUTER_BOUND('',#776,.T.);
#485=FACE_OUTER_BOUND('',#779,.T.);
#486=FACE_OUTER_BOUND('',#780,.T.);
#487=FACE_OUTER_BOUND('',#783,.T.);
#488=FACE_OUTER_BOUND('',#784,.T.);
#489=FACE_OUTER_BOUND('',#785,.T.);
#490=FACE_OUTER_BOUND('',#788,.T.);
#491=FACE_OUTER_BOUND('',#791,.T.);
#492=FACE_OUTER_BOUND('',#792,.T.);
#493=FACE_OUTER_BOUND('',#793,.T.);
#494=FACE_OUTER_BOUND('',#794,.T.);
#495=FACE_OUTER_BOUND('',#795,.T.);
#496=FACE_OUTER_BOUND('',#796,.T.);
#497=FACE_OUTER_BOUND('',#797,.T.);
#498=FACE_OUTER_BOUND('',#798,.T.);
#499=FACE_OUTER_BOUND('',#799,.T.);
#500=FACE_OUTER_BOUND('',#800,.T.);
#501=FACE_OUTER_BOUND('',#801,.T.);
#502=FACE_OUTER_BOUND('',#802,.T.);
#503=FACE_OUTER_BOUND('',#803,.T.);
#504=FACE_OUTER_BOUND('',#804,.T.);
#505=FACE_OUTER_BOUND('',#805,.T.);
#506=FACE_OUTER_BOUND('',#806,.T.);
#507=FACE_OUTER_BOUND('',#807,.T.);
#508=FACE_OUTER_BOUND('',#808,.T.);
#509=FACE_OUTER_BOUND('',#809,.T.);
#510=FACE_OUTER_BOUND('',#810,.T.);
#511=FACE_OUTER_BOUND('',#811,.T.);
#512=FACE_OUTER_BOUND('',#812,.T.);
#513=FACE_OUTER_BOUND('',#813,.T.);
#514=FACE_OUTER_BOUND('',#814,.T.);
#515=FACE_OUTER_BOUND('',#816,.T.);
#516=FACE_OUTER_BOUND('',#817,.T.);
#517=FACE_OUTER_BOUND('',#819,.T.);
#518=FACE_OUTER_BOUND('',#820,.T.);
#519=FACE_OUTER_BOUND('',#821,.T.);
#520=FACE_OUTER_BOUND('',#822,.T.);
#521=FACE_OUTER_BOUND('',#823,.T.);
#522=FACE_OUTER_BOUND('',#824,.T.);
#523=FACE_OUTER_BOUND('',#825,.T.);
#524=FACE_OUTER_BOUND('',#827,.T.);
#525=FACE_OUTER_BOUND('',#828,.T.);
#526=FACE_OUTER_BOUND('',#829,.T.);
#527=FACE_OUTER_BOUND('',#830,.T.);
#528=FACE_OUTER_BOUND('',#831,.T.);
#529=FACE_OUTER_BOUND('',#832,.T.);
#530=FACE_OUTER_BOUND('',#833,.T.);
#531=FACE_OUTER_BOUND('',#834,.T.);
#532=FACE_OUTER_BOUND('',#835,.T.);
#533=FACE_OUTER_BOUND('',#836,.T.);
#534=FACE_OUTER_BOUND('',#837,.T.);
#535=FACE_OUTER_BOUND('',#838,.T.);
#536=FACE_OUTER_BOUND('',#839,.T.);
#537=FACE_OUTER_BOUND('',#840,.T.);
#538=FACE_OUTER_BOUND('',#841,.T.);
#539=FACE_OUTER_BOUND('',#842,.T.);
#540=FACE_OUTER_BOUND('',#843,.T.);
#541=FACE_OUTER_BOUND('',#844,.T.);
#542=FACE_OUTER_BOUND('',#845,.T.);
#543=FACE_OUTER_BOUND('',#846,.T.);
#544=FACE_OUTER_BOUND('',#847,.T.);
#545=FACE_OUTER_BOUND('',#848,.T.);
#546=FACE_OUTER_BOUND('',#849,.T.);
#547=FACE_OUTER_BOUND('',#850,.T.);
#548=FACE_OUTER_BOUND('',#851,.T.);
#549=FACE_OUTER_BOUND('',#852,.T.);
#550=FACE_OUTER_BOUND('',#853,.T.);
#551=FACE_OUTER_BOUND('',#854,.T.);
#552=FACE_OUTER_BOUND('',#855,.T.);
#553=FACE_OUTER_BOUND('',#856,.T.);
#554=FACE_OUTER_BOUND('',#857,.T.);
#555=FACE_OUTER_BOUND('',#858,.T.);
#556=FACE_OUTER_BOUND('',#859,.T.);
#557=FACE_OUTER_BOUND('',#860,.T.);
#558=FACE_OUTER_BOUND('',#861,.T.);
#559=FACE_OUTER_BOUND('',#862,.T.);
#560=FACE_OUTER_BOUND('',#863,.T.);
#561=FACE_OUTER_BOUND('',#864,.T.);
#562=FACE_OUTER_BOUND('',#865,.T.);
#563=FACE_OUTER_BOUND('',#866,.T.);
#564=FACE_OUTER_BOUND('',#867,.T.);
#565=FACE_OUTER_BOUND('',#868,.T.);
#566=FACE_OUTER_BOUND('',#869,.T.);
#567=FACE_OUTER_BOUND('',#870,.T.);
#568=FACE_OUTER_BOUND('',#871,.T.);
#569=FACE_OUTER_BOUND('',#872,.T.);
#570=FACE_OUTER_BOUND('',#873,.T.);
#571=FACE_OUTER_BOUND('',#874,.T.);
#572=FACE_OUTER_BOUND('',#876,.T.);
#573=FACE_OUTER_BOUND('',#879,.T.);
#574=FACE_OUTER_BOUND('',#880,.T.);
#575=FACE_OUTER_BOUND('',#882,.T.);
#576=FACE_OUTER_BOUND('',#883,.T.);
#577=FACE_OUTER_BOUND('',#885,.T.);
#578=FACE_OUTER_BOUND('',#887,.T.);
#579=FACE_OUTER_BOUND('',#888,.T.);
#580=FACE_OUTER_BOUND('',#889,.T.);
#581=FACE_OUTER_BOUND('',#890,.T.);
#582=FACE_OUTER_BOUND('',#891,.T.);
#583=FACE_OUTER_BOUND('',#893,.T.);
#584=FACE_OUTER_BOUND('',#894,.T.);
#585=FACE_OUTER_BOUND('',#895,.T.);
#586=FACE_OUTER_BOUND('',#896,.T.);
#587=FACE_OUTER_BOUND('',#897,.T.);
#588=FACE_OUTER_BOUND('',#898,.T.);
#589=FACE_OUTER_BOUND('',#899,.T.);
#590=FACE_OUTER_BOUND('',#900,.T.);
#591=FACE_OUTER_BOUND('',#901,.T.);
#592=FACE_OUTER_BOUND('',#902,.T.);
#593=FACE_OUTER_BOUND('',#903,.T.);
#594=FACE_OUTER_BOUND('',#904,.T.);
#595=FACE_OUTER_BOUND('',#905,.T.);
#596=FACE_OUTER_BOUND('',#906,.T.);
#597=FACE_OUTER_BOUND('',#907,.T.);
#598=FACE_OUTER_BOUND('',#908,.T.);
#599=FACE_OUTER_BOUND('',#909,.T.);
#600=FACE_OUTER_BOUND('',#910,.T.);
#601=FACE_OUTER_BOUND('',#911,.T.);
#602=FACE_OUTER_BOUND('',#912,.T.);
#603=FACE_OUTER_BOUND('',#913,.T.);
#604=FACE_OUTER_BOUND('',#914,.T.);
#605=FACE_OUTER_BOUND('',#915,.T.);
#606=FACE_OUTER_BOUND('',#916,.T.);
#607=FACE_OUTER_BOUND('',#917,.T.);
#608=FACE_OUTER_BOUND('',#918,.T.);
#609=FACE_OUTER_BOUND('',#919,.T.);
#610=FACE_OUTER_BOUND('',#920,.T.);
#611=FACE_OUTER_BOUND('',#921,.T.);
#612=FACE_OUTER_BOUND('',#922,.T.);
#613=FACE_OUTER_BOUND('',#923,.T.);
#614=FACE_OUTER_BOUND('',#924,.T.);
#615=FACE_OUTER_BOUND('',#925,.T.);
#616=FACE_OUTER_BOUND('',#926,.T.);
#617=FACE_OUTER_BOUND('',#927,.T.);
#618=FACE_OUTER_BOUND('',#928,.T.);
#619=FACE_OUTER_BOUND('',#929,.T.);
#620=FACE_OUTER_BOUND('',#930,.T.);
#621=FACE_OUTER_BOUND('',#931,.T.);
#622=FACE_OUTER_BOUND('',#932,.T.);
#623=FACE_OUTER_BOUND('',#933,.T.);
#624=FACE_OUTER_BOUND('',#934,.T.);
#625=FACE_OUTER_BOUND('',#935,.T.);
#626=FACE_OUTER_BOUND('',#937,.T.);
#627=FACE_OUTER_BOUND('',#938,.T.);
#628=FACE_OUTER_BOUND('',#940,.T.);
#629=FACE_OUTER_BOUND('',#941,.T.);
#630=FACE_OUTER_BOUND('',#942,.T.);
#631=FACE_OUTER_BOUND('',#943,.T.);
#632=FACE_OUTER_BOUND('',#944,.T.);
#633=FACE_OUTER_BOUND('',#945,.T.);
#634=FACE_OUTER_BOUND('',#946,.T.);
#635=FACE_OUTER_BOUND('',#947,.T.);
#636=FACE_OUTER_BOUND('',#948,.T.);
#637=FACE_OUTER_BOUND('',#950,.T.);
#638=FACE_OUTER_BOUND('',#952,.T.);
#639=FACE_OUTER_BOUND('',#953,.T.);
#640=FACE_OUTER_BOUND('',#954,.T.);
#641=FACE_OUTER_BOUND('',#955,.T.);
#642=FACE_OUTER_BOUND('',#956,.T.);
#643=FACE_OUTER_BOUND('',#957,.T.);
#644=FACE_OUTER_BOUND('',#958,.T.);
#645=FACE_OUTER_BOUND('',#959,.T.);
#646=FACE_OUTER_BOUND('',#960,.T.);
#647=FACE_OUTER_BOUND('',#961,.T.);
#648=FACE_OUTER_BOUND('',#962,.T.);
#649=FACE_OUTER_BOUND('',#963,.T.);
#650=FACE_OUTER_BOUND('',#964,.T.);
#651=FACE_OUTER_BOUND('',#965,.T.);
#652=EDGE_LOOP('',(#3457,#3458,#3459,#3460));
#653=EDGE_LOOP('',(#3461,#3462,#3463,#3464));
#654=EDGE_LOOP('',(#3465,#3466,#3467,#3468));
#655=EDGE_LOOP('',(#3469,#3470,#3471,#3472));
#656=EDGE_LOOP('',(#3473,#3474,#3475,#3476,#3477,#3478,#3479,#3480,#3481,
#3482,#3483,#3484,#3485));
#657=EDGE_LOOP('',(#3486));
#658=EDGE_LOOP('',(#3487));
#659=EDGE_LOOP('',(#3488));
#660=EDGE_LOOP('',(#3489));
#661=EDGE_LOOP('',(#3490));
#662=EDGE_LOOP('',(#3491));
#663=EDGE_LOOP('',(#3492,#3493,#3494,#3495,#3496,#3497,#3498,#3499,#3500,
#3501,#3502,#3503,#3504));
#664=EDGE_LOOP('',(#3505));
#665=EDGE_LOOP('',(#3506));
#666=EDGE_LOOP('',(#3507));
#667=EDGE_LOOP('',(#3508));
#668=EDGE_LOOP('',(#3509));
#669=EDGE_LOOP('',(#3510));
#670=EDGE_LOOP('',(#3511,#3512,#3513,#3514));
#671=EDGE_LOOP('',(#3515,#3516,#3517,#3518));
#672=EDGE_LOOP('',(#3519,#3520,#3521,#3522));
#673=EDGE_LOOP('',(#3523,#3524,#3525,#3526));
#674=EDGE_LOOP('',(#3527,#3528,#3529,#3530));
#675=EDGE_LOOP('',(#3531,#3532,#3533,#3534));
#676=EDGE_LOOP('',(#3535,#3536,#3537,#3538));
#677=EDGE_LOOP('',(#3539,#3540,#3541,#3542));
#678=EDGE_LOOP('',(#3543,#3544,#3545,#3546));
#679=EDGE_LOOP('',(#3547,#3548,#3549,#3550));
#680=EDGE_LOOP('',(#3551,#3552,#3553,#3554));
#681=EDGE_LOOP('',(#3555,#3556,#3557,#3558));
#682=EDGE_LOOP('',(#3559,#3560,#3561,#3562));
#683=EDGE_LOOP('',(#3563,#3564,#3565,#3566));
#684=EDGE_LOOP('',(#3567,#3568,#3569,#3570));
#685=EDGE_LOOP('',(#3571,#3572,#3573,#3574));
#686=EDGE_LOOP('',(#3575,#3576,#3577,#3578));
#687=EDGE_LOOP('',(#3579,#3580,#3581,#3582));
#688=EDGE_LOOP('',(#3583,#3584,#3585,#3586));
#689=EDGE_LOOP('',(#3587,#3588,#3589,#3590));
#690=EDGE_LOOP('',(#3591,#3592,#3593,#3594));
#691=EDGE_LOOP('',(#3595,#3596,#3597,#3598));
#692=EDGE_LOOP('',(#3599,#3600,#3601,#3602,#3603,#3604,#3605,#3606,#3607,
#3608,#3609,#3610,#3611,#3612,#3613,#3614));
#693=EDGE_LOOP('',(#3615));
#694=EDGE_LOOP('',(#3616,#3617,#3618,#3619,#3620,#3621,#3622,#3623,#3624,
#3625,#3626,#3627,#3628,#3629,#3630,#3631));
#695=EDGE_LOOP('',(#3632));
#696=EDGE_LOOP('',(#3633,#3634,#3635,#3636));
#697=EDGE_LOOP('',(#3637,#3638,#3639,#3640));
#698=EDGE_LOOP('',(#3641,#3642,#3643,#3644));
#699=EDGE_LOOP('',(#3645,#3646,#3647,#3648));
#700=EDGE_LOOP('',(#3649,#3650,#3651,#3652));
#701=EDGE_LOOP('',(#3653,#3654,#3655,#3656));
#702=EDGE_LOOP('',(#3657,#3658,#3659,#3660));
#703=EDGE_LOOP('',(#3661,#3662,#3663,#3664));
#704=EDGE_LOOP('',(#3665,#3666,#3667,#3668));
#705=EDGE_LOOP('',(#3669,#3670,#3671,#3672));
#706=EDGE_LOOP('',(#3673));
#707=EDGE_LOOP('',(#3674,#3675,#3676,#3677));
#708=EDGE_LOOP('',(#3678,#3679,#3680,#3681,#3682,#3683));
#709=EDGE_LOOP('',(#3684,#3685,#3686,#3687));
#710=EDGE_LOOP('',(#3688,#3689,#3690,#3691));
#711=EDGE_LOOP('',(#3692));
#712=EDGE_LOOP('',(#3693,#3694,#3695,#3696));
#713=EDGE_LOOP('',(#3697,#3698,#3699,#3700));
#714=EDGE_LOOP('',(#3701,#3702,#3703,#3704));
#715=EDGE_LOOP('',(#3705,#3706,#3707,#3708));
#716=EDGE_LOOP('',(#3709,#3710,#3711,#3712,#3713,#3714));
#717=EDGE_LOOP('',(#3715,#3716,#3717,#3718));
#718=EDGE_LOOP('',(#3719,#3720,#3721,#3722));
#719=EDGE_LOOP('',(#3723,#3724,#3725,#3726));
#720=EDGE_LOOP('',(#3727,#3728,#3729,#3730));
#721=EDGE_LOOP('',(#3731,#3732,#3733,#3734));
#722=EDGE_LOOP('',(#3735,#3736,#3737,#3738));
#723=EDGE_LOOP('',(#3739,#3740,#3741,#3742));
#724=EDGE_LOOP('',(#3743,#3744,#3745,#3746));
#725=EDGE_LOOP('',(#3747,#3748,#3749,#3750));
#726=EDGE_LOOP('',(#3751,#3752,#3753,#3754));
#727=EDGE_LOOP('',(#3755,#3756,#3757,#3758));
#728=EDGE_LOOP('',(#3759,#3760,#3761,#3762));
#729=EDGE_LOOP('',(#3763,#3764,#3765,#3766));
#730=EDGE_LOOP('',(#3767,#3768,#3769,#3770));
#731=EDGE_LOOP('',(#3771));
#732=EDGE_LOOP('',(#3772));
#733=EDGE_LOOP('',(#3773,#3774,#3775,#3776));
#734=EDGE_LOOP('',(#3777));
#735=EDGE_LOOP('',(#3778));
#736=EDGE_LOOP('',(#3779));
#737=EDGE_LOOP('',(#3780));
#738=EDGE_LOOP('',(#3781,#3782,#3783,#3784));
#739=EDGE_LOOP('',(#3785,#3786,#3787,#3788));
#740=EDGE_LOOP('',(#3789,#3790));
#741=EDGE_LOOP('',(#3791));
#742=EDGE_LOOP('',(#3792,#3793));
#743=EDGE_LOOP('',(#3794));
#744=EDGE_LOOP('',(#3795,#3796,#3797,#3798));
#745=EDGE_LOOP('',(#3799,#3800,#3801,#3802));
#746=EDGE_LOOP('',(#3803,#3804,#3805,#3806,#3807,#3808));
#747=EDGE_LOOP('',(#3809,#3810,#3811,#3812));
#748=EDGE_LOOP('',(#3813,#3814,#3815,#3816));
#749=EDGE_LOOP('',(#3817,#3818,#3819,#3820));
#750=EDGE_LOOP('',(#3821,#3822,#3823,#3824));
#751=EDGE_LOOP('',(#3825,#3826,#3827,#3828));
#752=EDGE_LOOP('',(#3829,#3830,#3831,#3832));
#753=EDGE_LOOP('',(#3833,#3834,#3835,#3836));
#754=EDGE_LOOP('',(#3837,#3838,#3839,#3840,#3841,#3842));
#755=EDGE_LOOP('',(#3843,#3844,#3845,#3846,#3847,#3848,#3849,#3850));
#756=EDGE_LOOP('',(#3851));
#757=EDGE_LOOP('',(#3852));
#758=EDGE_LOOP('',(#3853,#3854,#3855,#3856,#3857,#3858,#3859,#3860));
#759=EDGE_LOOP('',(#3861));
#760=EDGE_LOOP('',(#3862));
#761=EDGE_LOOP('',(#3863,#3864,#3865,#3866));
#762=EDGE_LOOP('',(#3867,#3868,#3869,#3870));
#763=EDGE_LOOP('',(#3871,#3872,#3873,#3874));
#764=EDGE_LOOP('',(#3875,#3876,#3877,#3878,#3879));
#765=EDGE_LOOP('',(#3880,#3881,#3882,#3883,#3884));
#766=EDGE_LOOP('',(#3885,#3886,#3887,#3888,#3889));
#767=EDGE_LOOP('',(#3890,#3891,#3892,#3893,#3894,#3895));
#768=EDGE_LOOP('',(#3896,#3897,#3898,#3899,#3900));
#769=EDGE_LOOP('',(#3901,#3902,#3903));
#770=EDGE_LOOP('',(#3904,#3905,#3906));
#771=EDGE_LOOP('',(#3907,#3908,#3909,#3910,#3911,#3912,#3913,#3914));
#772=EDGE_LOOP('',(#3915,#3916,#3917,#3918,#3919,#3920));
#773=EDGE_LOOP('',(#3921,#3922,#3923,#3924));
#774=EDGE_LOOP('',(#3925,#3926,#3927,#3928,#3929,#3930));
#775=EDGE_LOOP('',(#3931,#3932,#3933,#3934));
#776=EDGE_LOOP('',(#3935,#3936,#3937,#3938));
#777=EDGE_LOOP('',(#3939));
#778=EDGE_LOOP('',(#3940));
#779=EDGE_LOOP('',(#3941,#3942,#3943,#3944));
#780=EDGE_LOOP('',(#3945,#3946,#3947,#3948));
#781=EDGE_LOOP('',(#3949));
#782=EDGE_LOOP('',(#3950));
#783=EDGE_LOOP('',(#3951,#3952,#3953,#3954));
#784=EDGE_LOOP('',(#3955,#3956,#3957,#3958));
#785=EDGE_LOOP('',(#3959,#3960,#3961,#3962,#3963,#3964,#3965,#3966));
#786=EDGE_LOOP('',(#3967));
#787=EDGE_LOOP('',(#3968));
#788=EDGE_LOOP('',(#3969,#3970,#3971,#3972,#3973,#3974,#3975,#3976));
#789=EDGE_LOOP('',(#3977));
#790=EDGE_LOOP('',(#3978));
#791=EDGE_LOOP('',(#3979,#3980,#3981,#3982));
#792=EDGE_LOOP('',(#3983,#3984,#3985,#3986));
#793=EDGE_LOOP('',(#3987,#3988,#3989,#3990,#3991,#3992,#3993,#3994));
#794=EDGE_LOOP('',(#3995,#3996,#3997,#3998,#3999,#4000,#4001,#4002));
#795=EDGE_LOOP('',(#4003,#4004,#4005,#4006));
#796=EDGE_LOOP('',(#4007,#4008,#4009,#4010,#4011,#4012,#4013,#4014,#4015,
#4016,#4017,#4018));
#797=EDGE_LOOP('',(#4019,#4020,#4021,#4022));
#798=EDGE_LOOP('',(#4023,#4024,#4025,#4026,#4027,#4028,#4029,#4030,#4031,
#4032,#4033,#4034));
#799=EDGE_LOOP('',(#4035,#4036,#4037,#4038));
#800=EDGE_LOOP('',(#4039,#4040,#4041,#4042,#4043,#4044,#4045,#4046));
#801=EDGE_LOOP('',(#4047,#4048,#4049,#4050));
#802=EDGE_LOOP('',(#4051,#4052,#4053,#4054));
#803=EDGE_LOOP('',(#4055,#4056,#4057,#4058));
#804=EDGE_LOOP('',(#4059,#4060,#4061,#4062));
#805=EDGE_LOOP('',(#4063,#4064,#4065,#4066));
#806=EDGE_LOOP('',(#4067,#4068,#4069,#4070));
#807=EDGE_LOOP('',(#4071,#4072,#4073,#4074));
#808=EDGE_LOOP('',(#4075,#4076,#4077,#4078));
#809=EDGE_LOOP('',(#4079,#4080,#4081,#4082));
#810=EDGE_LOOP('',(#4083,#4084,#4085,#4086));
#811=EDGE_LOOP('',(#4087,#4088,#4089,#4090,#4091,#4092,#4093,#4094));
#812=EDGE_LOOP('',(#4095,#4096,#4097,#4098));
#813=EDGE_LOOP('',(#4099,#4100,#4101,#4102));
#814=EDGE_LOOP('',(#4103,#4104,#4105,#4106));
#815=EDGE_LOOP('',(#4107));
#816=EDGE_LOOP('',(#4108,#4109,#4110,#4111));
#817=EDGE_LOOP('',(#4112));
#818=EDGE_LOOP('',(#4113));
#819=EDGE_LOOP('',(#4114,#4115,#4116,#4117));
#820=EDGE_LOOP('',(#4118));
#821=EDGE_LOOP('',(#4119,#4120,#4121,#4122));
#822=EDGE_LOOP('',(#4123));
#823=EDGE_LOOP('',(#4124,#4125,#4126,#4127));
#824=EDGE_LOOP('',(#4128));
#825=EDGE_LOOP('',(#4129));
#826=EDGE_LOOP('',(#4130));
#827=EDGE_LOOP('',(#4131,#4132,#4133,#4134,#4135,#4136,#4137,#4138,#4139,
#4140));
#828=EDGE_LOOP('',(#4141,#4142,#4143,#4144,#4145,#4146,#4147,#4148,#4149,
#4150));
#829=EDGE_LOOP('',(#4151,#4152,#4153,#4154));
#830=EDGE_LOOP('',(#4155,#4156,#4157,#4158,#4159,#4160,#4161,#4162,#4163,
#4164,#4165,#4166,#4167,#4168,#4169,#4170,#4171,#4172,#4173,#4174));
#831=EDGE_LOOP('',(#4175,#4176,#4177,#4178));
#832=EDGE_LOOP('',(#4179,#4180,#4181,#4182));
#833=EDGE_LOOP('',(#4183,#4184,#4185,#4186));
#834=EDGE_LOOP('',(#4187,#4188,#4189,#4190));
#835=EDGE_LOOP('',(#4191,#4192,#4193,#4194));
#836=EDGE_LOOP('',(#4195,#4196,#4197,#4198));
#837=EDGE_LOOP('',(#4199,#4200,#4201,#4202));
#838=EDGE_LOOP('',(#4203,#4204,#4205,#4206));
#839=EDGE_LOOP('',(#4207,#4208,#4209,#4210));
#840=EDGE_LOOP('',(#4211,#4212,#4213,#4214));
#841=EDGE_LOOP('',(#4215,#4216,#4217,#4218));
#842=EDGE_LOOP('',(#4219,#4220,#4221,#4222));
#843=EDGE_LOOP('',(#4223,#4224,#4225,#4226));
#844=EDGE_LOOP('',(#4227,#4228,#4229,#4230));
#845=EDGE_LOOP('',(#4231,#4232,#4233,#4234));
#846=EDGE_LOOP('',(#4235,#4236,#4237,#4238));
#847=EDGE_LOOP('',(#4239,#4240,#4241,#4242));
#848=EDGE_LOOP('',(#4243,#4244,#4245,#4246));
#849=EDGE_LOOP('',(#4247,#4248,#4249,#4250));
#850=EDGE_LOOP('',(#4251,#4252,#4253,#4254,#4255,#4256,#4257,#4258,#4259,
#4260));
#851=EDGE_LOOP('',(#4261,#4262,#4263,#4264,#4265,#4266,#4267,#4268,#4269,
#4270));
#852=EDGE_LOOP('',(#4271,#4272,#4273,#4274));
#853=EDGE_LOOP('',(#4275,#4276,#4277,#4278));
#854=EDGE_LOOP('',(#4279,#4280,#4281,#4282));
#855=EDGE_LOOP('',(#4283,#4284,#4285,#4286,#4287,#4288,#4289,#4290,#4291,
#4292,#4293,#4294,#4295,#4296,#4297,#4298,#4299,#4300,#4301,#4302));
#856=EDGE_LOOP('',(#4303,#4304,#4305,#4306));
#857=EDGE_LOOP('',(#4307,#4308,#4309,#4310));
#858=EDGE_LOOP('',(#4311,#4312,#4313,#4314));
#859=EDGE_LOOP('',(#4315,#4316,#4317,#4318,#4319,#4320,#4321,#4322));
#860=EDGE_LOOP('',(#4323,#4324,#4325,#4326,#4327,#4328,#4329,#4330));
#861=EDGE_LOOP('',(#4331,#4332,#4333,#4334));
#862=EDGE_LOOP('',(#4335,#4336,#4337,#4338));
#863=EDGE_LOOP('',(#4339,#4340,#4341,#4342));
#864=EDGE_LOOP('',(#4343,#4344,#4345,#4346));
#865=EDGE_LOOP('',(#4347,#4348,#4349,#4350));
#866=EDGE_LOOP('',(#4351,#4352,#4353,#4354));
#867=EDGE_LOOP('',(#4355,#4356,#4357,#4358));
#868=EDGE_LOOP('',(#4359,#4360,#4361,#4362));
#869=EDGE_LOOP('',(#4363,#4364,#4365,#4366));
#870=EDGE_LOOP('',(#4367,#4368,#4369,#4370));
#871=EDGE_LOOP('',(#4371,#4372,#4373,#4374));
#872=EDGE_LOOP('',(#4375,#4376,#4377,#4378));
#873=EDGE_LOOP('',(#4379,#4380,#4381,#4382,#4383,#4384,#4385,#4386));
#874=EDGE_LOOP('',(#4387,#4388,#4389,#4390,#4391,#4392,#4393,#4394));
#875=EDGE_LOOP('',(#4395));
#876=EDGE_LOOP('',(#4396,#4397,#4398,#4399,#4400,#4401,#4402));
#877=EDGE_LOOP('',(#4403,#4404,#4405,#4406));
#878=EDGE_LOOP('',(#4407,#4408,#4409,#4410));
#879=EDGE_LOOP('',(#4411,#4412,#4413,#4414,#4415,#4416,#4417,#4418));
#880=EDGE_LOOP('',(#4419,#4420,#4421,#4422,#4423,#4424,#4425,#4426));
#881=EDGE_LOOP('',(#4427));
#882=EDGE_LOOP('',(#4428,#4429,#4430,#4431));
#883=EDGE_LOOP('',(#4432,#4433,#4434,#4435,#4436,#4437,#4438,#4439,#4440,
#4441,#4442,#4443,#4444,#4445,#4446));
#884=EDGE_LOOP('',(#4447,#4448,#4449,#4450));
#885=EDGE_LOOP('',(#4451,#4452,#4453,#4454,#4455,#4456,#4457,#4458));
#886=EDGE_LOOP('',(#4459));
#887=EDGE_LOOP('',(#4460,#4461,#4462,#4463));
#888=EDGE_LOOP('',(#4464,#4465,#4466,#4467));
#889=EDGE_LOOP('',(#4468,#4469,#4470,#4471));
#890=EDGE_LOOP('',(#4472,#4473,#4474,#4475));
#891=EDGE_LOOP('',(#4476,#4477,#4478,#4479,#4480,#4481,#4482,#4483));
#892=EDGE_LOOP('',(#4484));
#893=EDGE_LOOP('',(#4485,#4486,#4487,#4488));
#894=EDGE_LOOP('',(#4489,#4490,#4491,#4492));
#895=EDGE_LOOP('',(#4493,#4494,#4495,#4496,#4497,#4498,#4499,#4500,#4501));
#896=EDGE_LOOP('',(#4502,#4503,#4504,#4505));
#897=EDGE_LOOP('',(#4506,#4507,#4508,#4509));
#898=EDGE_LOOP('',(#4510,#4511,#4512,#4513,#4514));
#899=EDGE_LOOP('',(#4515,#4516,#4517,#4518,#4519,#4520,#4521,#4522,#4523,
#4524,#4525,#4526));
#900=EDGE_LOOP('',(#4527,#4528,#4529,#4530,#4531,#4532,#4533,#4534,#4535,
#4536,#4537,#4538,#4539,#4540,#4541,#4542,#4543));
#901=EDGE_LOOP('',(#4544,#4545,#4546,#4547,#4548,#4549,#4550,#4551,#4552,
#4553,#4554,#4555,#4556));
#902=EDGE_LOOP('',(#4557,#4558,#4559,#4560));
#903=EDGE_LOOP('',(#4561,#4562,#4563,#4564));
#904=EDGE_LOOP('',(#4565,#4566,#4567,#4568));
#905=EDGE_LOOP('',(#4569,#4570,#4571,#4572));
#906=EDGE_LOOP('',(#4573,#4574,#4575,#4576,#4577));
#907=EDGE_LOOP('',(#4578,#4579,#4580,#4581,#4582));
#908=EDGE_LOOP('',(#4583,#4584,#4585,#4586,#4587));
#909=EDGE_LOOP('',(#4588,#4589,#4590,#4591));
#910=EDGE_LOOP('',(#4592,#4593,#4594,#4595));
#911=EDGE_LOOP('',(#4596,#4597,#4598,#4599));
#912=EDGE_LOOP('',(#4600,#4601,#4602,#4603,#4604,#4605,#4606,#4607));
#913=EDGE_LOOP('',(#4608,#4609,#4610,#4611,#4612,#4613,#4614,#4615));
#914=EDGE_LOOP('',(#4616,#4617,#4618,#4619));
#915=EDGE_LOOP('',(#4620,#4621,#4622,#4623,#4624,#4625,#4626,#4627));
#916=EDGE_LOOP('',(#4628,#4629,#4630,#4631));
#917=EDGE_LOOP('',(#4632,#4633,#4634,#4635,#4636,#4637,#4638,#4639));
#918=EDGE_LOOP('',(#4640,#4641,#4642,#4643));
#919=EDGE_LOOP('',(#4644,#4645,#4646,#4647,#4648));
#920=EDGE_LOOP('',(#4649,#4650,#4651,#4652));
#921=EDGE_LOOP('',(#4653,#4654,#4655,#4656));
#922=EDGE_LOOP('',(#4657,#4658,#4659,#4660));
#923=EDGE_LOOP('',(#4661,#4662,#4663,#4664));
#924=EDGE_LOOP('',(#4665,#4666,#4667,#4668));
#925=EDGE_LOOP('',(#4669,#4670,#4671,#4672));
#926=EDGE_LOOP('',(#4673,#4674,#4675,#4676));
#927=EDGE_LOOP('',(#4677,#4678,#4679,#4680));
#928=EDGE_LOOP('',(#4681,#4682,#4683,#4684));
#929=EDGE_LOOP('',(#4685,#4686,#4687,#4688,#4689,#4690,#4691,#4692));
#930=EDGE_LOOP('',(#4693,#4694,#4695,#4696,#4697));
#931=EDGE_LOOP('',(#4698,#4699,#4700,#4701));
#932=EDGE_LOOP('',(#4702,#4703,#4704));
#933=EDGE_LOOP('',(#4705,#4706,#4707,#4708));
#934=EDGE_LOOP('',(#4709,#4710,#4711,#4712,#4713,#4714,#4715,#4716));
#935=EDGE_LOOP('',(#4717,#4718,#4719,#4720,#4721,#4722,#4723,#4724));
#936=EDGE_LOOP('',(#4725));
#937=EDGE_LOOP('',(#4726,#4727,#4728,#4729,#4730,#4731,#4732,#4733));
#938=EDGE_LOOP('',(#4734,#4735,#4736,#4737,#4738,#4739,#4740,#4741));
#939=EDGE_LOOP('',(#4742));
#940=EDGE_LOOP('',(#4743,#4744,#4745,#4746,#4747,#4748,#4749,#4750,#4751,
#4752,#4753,#4754));
#941=EDGE_LOOP('',(#4755,#4756,#4757,#4758,#4759,#4760,#4761,#4762,#4763,
#4764,#4765,#4766));
#942=EDGE_LOOP('',(#4767,#4768,#4769,#4770));
#943=EDGE_LOOP('',(#4771,#4772,#4773,#4774));
#944=EDGE_LOOP('',(#4775,#4776,#4777,#4778));
#945=EDGE_LOOP('',(#4779,#4780,#4781,#4782));
#946=EDGE_LOOP('',(#4783,#4784,#4785,#4786));
#947=EDGE_LOOP('',(#4787,#4788,#4789,#4790));
#948=EDGE_LOOP('',(#4791,#4792,#4793,#4794,#4795,#4796,#4797,#4798));
#949=EDGE_LOOP('',(#4799));
#950=EDGE_LOOP('',(#4800,#4801,#4802,#4803,#4804,#4805,#4806,#4807));
#951=EDGE_LOOP('',(#4808));
#952=EDGE_LOOP('',(#4809,#4810,#4811,#4812,#4813,#4814));
#953=EDGE_LOOP('',(#4815,#4816,#4817,#4818,#4819,#4820,#4821,#4822,#4823,
#4824));
#954=EDGE_LOOP('',(#4825,#4826,#4827,#4828,#4829,#4830,#4831,#4832,#4833,
#4834,#4835,#4836));
#955=EDGE_LOOP('',(#4837,#4838,#4839,#4840));
#956=EDGE_LOOP('',(#4841,#4842,#4843,#4844,#4845));
#957=EDGE_LOOP('',(#4846,#4847,#4848,#4849));
#958=EDGE_LOOP('',(#4850,#4851,#4852,#4853));
#959=EDGE_LOOP('',(#4854,#4855,#4856,#4857));
#960=EDGE_LOOP('',(#4858,#4859,#4860,#4861,#4862));
#961=EDGE_LOOP('',(#4863,#4864,#4865,#4866));
#962=EDGE_LOOP('',(#4867,#4868,#4869));
#963=EDGE_LOOP('',(#4870,#4871,#4872,#4873));
#964=EDGE_LOOP('',(#4874,#4875,#4876));
#965=EDGE_LOOP('',(#4877,#4878,#4879,#4880));
#966=LINE('',#7336,#1565);
#967=LINE('',#7341,#1566);
#968=LINE('',#7343,#1567);
#969=LINE('',#7345,#1568);
#970=LINE('',#7346,#1569);
#971=LINE('',#7349,#1570);
#972=LINE('',#7351,#1571);
#973=LINE('',#7352,#1572);
#974=LINE('',#7356,#1573);
#975=LINE('',#7358,#1574);
#976=LINE('',#7360,#1575);
#977=LINE('',#7361,#1576);
#978=LINE('',#7366,#1577);
#979=LINE('',#7368,#1578);
#980=LINE('',#7369,#1579);
#981=LINE('',#7373,#1580);
#982=LINE('',#7377,#1581);
#983=LINE('',#7380,#1582);
#984=LINE('',#7395,#1583);
#985=LINE('',#7399,#1584);
#986=LINE('',#7403,#1585);
#987=LINE('',#7406,#1586);
#988=LINE('',#7408,#1587);
#989=LINE('',#7409,#1588);
#990=LINE('',#7421,#1589);
#991=LINE('',#7423,#1590);
#992=LINE('',#7425,#1591);
#993=LINE('',#7427,#1592);
#994=LINE('',#7429,#1593);
#995=LINE('',#7430,#1594);
#996=LINE('',#7433,#1595);
#997=LINE('',#7435,#1596);
#998=LINE('',#7438,#1597);
#999=LINE('',#7440,#1598);
#1000=LINE('',#7442,#1599);
#1001=LINE('',#7444,#1600);
#1002=LINE('',#7447,#1601);
#1003=LINE('',#7453,#1602);
#1004=LINE('',#7455,#1603);
#1005=LINE('',#7457,#1604);
#1006=LINE('',#7458,#1605);
#1007=LINE('',#7462,#1606);
#1008=LINE('',#7464,#1607);
#1009=LINE('',#7466,#1608);
#1010=LINE('',#7467,#1609);
#1011=LINE('',#7472,#1610);
#1012=LINE('',#7476,#1611);
#1013=LINE('',#7478,#1612);
#1014=LINE('',#7479,#1613);
#1015=LINE('',#7483,#1614);
#1016=LINE('',#7485,#1615);
#1017=LINE('',#7487,#1616);
#1018=LINE('',#7488,#1617);
#1019=LINE('',#7493,#1618);
#1020=LINE('',#7501,#1619);
#1021=LINE('',#7504,#1620);
#1022=LINE('',#7506,#1621);
#1023=LINE('',#7510,#1622);
#1024=LINE('',#7513,#1623);
#1025=LINE('',#7515,#1624);
#1026=LINE('',#7519,#1625);
#1027=LINE('',#7523,#1626);
#1028=LINE('',#7526,#1627);
#1029=LINE('',#7528,#1628);
#1030=LINE('',#7532,#1629);
#1031=LINE('',#7535,#1630);
#1032=LINE('',#7537,#1631);
#1033=LINE('',#7539,#1632);
#1034=LINE('',#7540,#1633);
#1035=LINE('',#7542,#1634);
#1036=LINE('',#7544,#1635);
#1037=LINE('',#7546,#1636);
#1038=LINE('',#7548,#1637);
#1039=LINE('',#7549,#1638);
#1040=LINE('',#7560,#1639);
#1041=LINE('',#7562,#1640);
#1042=LINE('',#7564,#1641);
#1043=LINE('',#7565,#1642);
#1044=LINE('',#7569,#1643);
#1045=LINE('',#7571,#1644);
#1046=LINE('',#7573,#1645);
#1047=LINE('',#7575,#1646);
#1048=LINE('',#7577,#1647);
#1049=LINE('',#7578,#1648);
#1050=LINE('',#7581,#1649);
#1051=LINE('',#7583,#1650);
#1052=LINE('',#7585,#1651);
#1053=LINE('',#7586,#1652);
#1054=LINE('',#7589,#1653);
#1055=LINE('',#7591,#1654);
#1056=LINE('',#7592,#1655);
#1057=LINE('',#7597,#1656);
#1058=LINE('',#7598,#1657);
#1059=LINE('',#7601,#1658);
#1060=LINE('',#7602,#1659);
#1061=LINE('',#7605,#1660);
#1062=LINE('',#7606,#1661);
#1063=LINE('',#7609,#1662);
#1064=LINE('',#7610,#1663);
#1065=LINE('',#7612,#1664);
#1066=LINE('',#7615,#1665);
#1067=LINE('',#7617,#1666);
#1068=LINE('',#7619,#1667);
#1069=LINE('',#7620,#1668);
#1070=LINE('',#7624,#1669);
#1071=LINE('',#7626,#1670);
#1072=LINE('',#7627,#1671);
#1073=LINE('',#7630,#1672);
#1074=LINE('',#7631,#1673);
#1075=LINE('',#7634,#1674);
#1076=LINE('',#7635,#1675);
#1077=LINE('',#7637,#1676);
#1078=LINE('',#7641,#1677);
#1079=LINE('',#7643,#1678);
#1080=LINE('',#7644,#1679);
#1081=LINE('',#7647,#1680);
#1082=LINE('',#7648,#1681);
#1083=LINE('',#7651,#1682);
#1084=LINE('',#7652,#1683);
#1085=LINE('',#7654,#1684);
#1086=LINE('',#7658,#1685);
#1087=LINE('',#7664,#1686);
#1088=LINE('',#7678,#1687);
#1089=LINE('',#7689,#1688);
#1090=LINE('',#7694,#1689);
#1091=LINE('',#7696,#1690);
#1092=LINE('',#7698,#1691);
#1093=LINE('',#7699,#1692);
#1094=LINE('',#7703,#1693);
#1095=LINE('',#7705,#1694);
#1096=LINE('',#7707,#1695);
#1097=LINE('',#7708,#1696);
#1098=LINE('',#7709,#1697);
#1099=LINE('',#7712,#1698);
#1100=LINE('',#7714,#1699);
#1101=LINE('',#7715,#1700);
#1102=LINE('',#7718,#1701);
#1103=LINE('',#7720,#1702);
#1104=LINE('',#7721,#1703);
#1105=LINE('',#7724,#1704);
#1106=LINE('',#7726,#1705);
#1107=LINE('',#7727,#1706);
#1108=LINE('',#7730,#1707);
#1109=LINE('',#7732,#1708);
#1110=LINE('',#7733,#1709);
#1111=LINE('',#7736,#1710);
#1112=LINE('',#7738,#1711);
#1113=LINE('',#7739,#1712);
#1114=LINE('',#7744,#1713);
#1115=LINE('',#7750,#1714);
#1116=LINE('',#7753,#1715);
#1117=LINE('',#7755,#1716);
#1118=LINE('',#7757,#1717);
#1119=LINE('',#7758,#1718);
#1120=LINE('',#7760,#1719);
#1121=LINE('',#7763,#1720);
#1122=LINE('',#7770,#1721);
#1123=LINE('',#7775,#1722);
#1124=LINE('',#7777,#1723);
#1125=LINE('',#7779,#1724);
#1126=LINE('',#7781,#1725);
#1127=LINE('',#7782,#1726);
#1128=LINE('',#7786,#1727);
#1129=LINE('',#7788,#1728);
#1130=LINE('',#7790,#1729);
#1131=LINE('',#7792,#1730);
#1132=LINE('',#7793,#1731);
#1133=LINE('',#7797,#1732);
#1134=LINE('',#7799,#1733);
#1135=LINE('',#7800,#1734);
#1136=LINE('',#7801,#1735);
#1137=LINE('',#7805,#1736);
#1138=LINE('',#7807,#1737);
#1139=LINE('',#7809,#1738);
#1140=LINE('',#7810,#1739);
#1141=LINE('',#7811,#1740);
#1142=LINE('',#7814,#1741);
#1143=LINE('',#7815,#1742);
#1144=LINE('',#7816,#1743);
#1145=LINE('',#7819,#1744);
#1146=LINE('',#7820,#1745);
#1147=LINE('',#7823,#1746);
#1148=LINE('',#7824,#1747);
#1149=LINE('',#7826,#1748);
#1150=LINE('',#7830,#1749);
#1151=LINE('',#7831,#1750);
#1152=LINE('',#7833,#1751);
#1153=LINE('',#7834,#1752);
#1154=LINE('',#7838,#1753);
#1155=LINE('',#7839,#1754);
#1156=LINE('',#7840,#1755);
#1157=LINE('',#7842,#1756);
#1158=LINE('',#7844,#1757);
#1159=LINE('',#7845,#1758);
#1160=LINE('',#7848,#1759);
#1161=LINE('',#7849,#1760);
#1162=LINE('',#7852,#1761);
#1163=LINE('',#7853,#1762);
#1164=LINE('',#7860,#1763);
#1165=LINE('',#7861,#1764);
#1166=LINE('',#7864,#1765);
#1167=LINE('',#7865,#1766);
#1168=LINE('',#7871,#1767);
#1169=LINE('',#7876,#1768);
#1170=LINE('',#7881,#1769);
#1171=LINE('',#7883,#1770);
#1172=LINE('',#7888,#1771);
#1173=LINE('',#7890,#1772);
#1174=LINE('',#7892,#1773);
#1175=LINE('',#7894,#1774);
#1176=LINE('',#7898,#1775);
#1177=LINE('',#7900,#1776);
#1178=LINE('',#7901,#1777);
#1179=LINE('',#7905,#1778);
#1180=LINE('',#7907,#1779);
#1181=LINE('',#7909,#1780);
#1182=LINE('',#7911,#1781);
#1183=LINE('',#7915,#1782);
#1184=LINE('',#7917,#1783);
#1185=LINE('',#7918,#1784);
#1186=LINE('',#7922,#1785);
#1187=LINE('',#7924,#1786);
#1188=LINE('',#7926,#1787);
#1189=LINE('',#7927,#1788);
#1190=LINE('',#7930,#1789);
#1191=LINE('',#7932,#1790);
#1192=LINE('',#7934,#1791);
#1193=LINE('',#7935,#1792);
#1194=LINE('',#7937,#1793);
#1195=LINE('',#7939,#1794);
#1196=LINE('',#7940,#1795);
#1197=LINE('',#7942,#1796);
#1198=LINE('',#7943,#1797);
#1199=LINE('',#7946,#1798);
#1200=LINE('',#7948,#1799);
#1201=LINE('',#7949,#1800);
#1202=LINE('',#7951,#1801);
#1203=LINE('',#7953,#1802);
#1204=LINE('',#7954,#1803);
#1205=LINE('',#7956,#1804);
#1206=LINE('',#7958,#1805);
#1207=LINE('',#7959,#1806);
#1208=LINE('',#7961,#1807);
#1209=LINE('',#7962,#1808);
#1210=LINE('',#7966,#1809);
#1211=LINE('',#7968,#1810);
#1212=LINE('',#7972,#1811);
#1213=LINE('',#7973,#1812);
#1214=LINE('',#7975,#1813);
#1215=LINE('',#7977,#1814);
#1216=LINE('',#7979,#1815);
#1217=LINE('',#7981,#1816);
#1218=LINE('',#7985,#1817);
#1219=LINE('',#7986,#1818);
#1220=LINE('',#7989,#1819);
#1221=LINE('',#7990,#1820);
#1222=LINE('',#7994,#1821);
#1223=LINE('',#7997,#1822);
#1224=LINE('',#7998,#1823);
#1225=LINE('',#8000,#1824);
#1226=LINE('',#8003,#1825);
#1227=LINE('',#8005,#1826);
#1228=LINE('',#8011,#1827);
#1229=LINE('',#8018,#1828);
#1230=LINE('',#8026,#1829);
#1231=LINE('',#8033,#1830);
#1232=LINE('',#8041,#1831);
#1233=LINE('',#8045,#1832);
#1234=LINE('',#8047,#1833);
#1235=LINE('',#8049,#1834);
#1236=LINE('',#8053,#1835);
#1237=LINE('',#8055,#1836);
#1238=LINE('',#8057,#1837);
#1239=LINE('',#8062,#1838);
#1240=LINE('',#8066,#1839);
#1241=LINE('',#8068,#1840);
#1242=LINE('',#8070,#1841);
#1243=LINE('',#8074,#1842);
#1244=LINE('',#8076,#1843);
#1245=LINE('',#8078,#1844);
#1246=LINE('',#8082,#1845);
#1247=LINE('',#8085,#1846);
#1248=LINE('',#8091,#1847);
#1249=LINE('',#8093,#1848);
#1250=LINE('',#8095,#1849);
#1251=LINE('',#8099,#1850);
#1252=LINE('',#8103,#1851);
#1253=LINE('',#8105,#1852);
#1254=LINE('',#8107,#1853);
#1255=LINE('',#8111,#1854);
#1256=LINE('',#8113,#1855);
#1257=LINE('',#8115,#1856);
#1258=LINE('',#8118,#1857);
#1259=LINE('',#8120,#1858);
#1260=LINE('',#8122,#1859);
#1261=LINE('',#8123,#1860);
#1262=LINE('',#8125,#1861);
#1263=LINE('',#8126,#1862);
#1264=LINE('',#8128,#1863);
#1265=LINE('',#8129,#1864);
#1266=LINE('',#8131,#1865);
#1267=LINE('',#8132,#1866);
#1268=LINE('',#8134,#1867);
#1269=LINE('',#8135,#1868);
#1270=LINE('',#8137,#1869);
#1271=LINE('',#8138,#1870);
#1272=LINE('',#8140,#1871);
#1273=LINE('',#8142,#1872);
#1274=LINE('',#8144,#1873);
#1275=LINE('',#8147,#1874);
#1276=LINE('',#8150,#1875);
#1277=LINE('',#8152,#1876);
#1278=LINE('',#8154,#1877);
#1279=LINE('',#8157,#1878);
#1280=LINE('',#8162,#1879);
#1281=LINE('',#8163,#1880);
#1282=LINE('',#8164,#1881);
#1283=LINE('',#8168,#1882);
#1284=LINE('',#8169,#1883);
#1285=LINE('',#8170,#1884);
#1286=LINE('',#8177,#1885);
#1287=LINE('',#8179,#1886);
#1288=LINE('',#8181,#1887);
#1289=LINE('',#8185,#1888);
#1290=LINE('',#8187,#1889);
#1291=LINE('',#8188,#1890);
#1292=LINE('',#8195,#1891);
#1293=LINE('',#8197,#1892);
#1294=LINE('',#8199,#1893);
#1295=LINE('',#8203,#1894);
#1296=LINE('',#8205,#1895);
#1297=LINE('',#8206,#1896);
#1298=LINE('',#8209,#1897);
#1299=LINE('',#8211,#1898);
#1300=LINE('',#8215,#1899);
#1301=LINE('',#8218,#1900);
#1302=LINE('',#8221,#1901);
#1303=LINE('',#8224,#1902);
#1304=LINE('',#8227,#1903);
#1305=LINE('',#8231,#1904);
#1306=LINE('',#8233,#1905);
#1307=LINE('',#8235,#1906);
#1308=LINE('',#8239,#1907);
#1309=LINE('',#8241,#1908);
#1310=LINE('',#8243,#1909);
#1311=LINE('',#8246,#1910);
#1312=LINE('',#8248,#1911);
#1313=LINE('',#8250,#1912);
#1314=LINE('',#8251,#1913);
#1315=LINE('',#8253,#1914);
#1316=LINE('',#8255,#1915);
#1317=LINE('',#8256,#1916);
#1318=LINE('',#8258,#1917);
#1319=LINE('',#8259,#1918);
#1320=LINE('',#8261,#1919);
#1321=LINE('',#8262,#1920);
#1322=LINE('',#8264,#1921);
#1323=LINE('',#8265,#1922);
#1324=LINE('',#8269,#1923);
#1325=LINE('',#8271,#1924);
#1326=LINE('',#8273,#1925);
#1327=LINE('',#8276,#1926);
#1328=LINE('',#8279,#1927);
#1329=LINE('',#8281,#1928);
#1330=LINE('',#8283,#1929);
#1331=LINE('',#8286,#1930);
#1332=LINE('',#8307,#1931);
#1333=LINE('',#8309,#1932);
#1334=LINE('',#8311,#1933);
#1335=LINE('',#8313,#1934);
#1336=LINE('',#8315,#1935);
#1337=LINE('',#8317,#1936);
#1338=LINE('',#8319,#1937);
#1339=LINE('',#8320,#1938);
#1340=LINE('',#8323,#1939);
#1341=LINE('',#8325,#1940);
#1342=LINE('',#8326,#1941);
#1343=LINE('',#8328,#1942);
#1344=LINE('',#8330,#1943);
#1345=LINE('',#8331,#1944);
#1346=LINE('',#8337,#1945);
#1347=LINE('',#8339,#1946);
#1348=LINE('',#8341,#1947);
#1349=LINE('',#8343,#1948);
#1350=LINE('',#8345,#1949);
#1351=LINE('',#8347,#1950);
#1352=LINE('',#8348,#1951);
#1353=LINE('',#8351,#1952);
#1354=LINE('',#8355,#1953);
#1355=LINE('',#8359,#1954);
#1356=LINE('',#8363,#1955);
#1357=LINE('',#8368,#1956);
#1358=LINE('',#8370,#1957);
#1359=LINE('',#8372,#1958);
#1360=LINE('',#8374,#1959);
#1361=LINE('',#8376,#1960);
#1362=LINE('',#8378,#1961);
#1363=LINE('',#8380,#1962);
#1364=LINE('',#8381,#1963);
#1365=LINE('',#8385,#1964);
#1366=LINE('',#8386,#1965);
#1367=LINE('',#8388,#1966);
#1368=LINE('',#8390,#1967);
#1369=LINE('',#8391,#1968);
#1370=LINE('',#8392,#1969);
#1371=LINE('',#8396,#1970);
#1372=LINE('',#8397,#1971);
#1373=LINE('',#8401,#1972);
#1374=LINE('',#8403,#1973);
#1375=LINE('',#8405,#1974);
#1376=LINE('',#8407,#1975);
#1377=LINE('',#8409,#1976);
#1378=LINE('',#8411,#1977);
#1379=LINE('',#8415,#1978);
#1380=LINE('',#8419,#1979);
#1381=LINE('',#8423,#1980);
#1382=LINE('',#8425,#1981);
#1383=LINE('',#8427,#1982);
#1384=LINE('',#8428,#1983);
#1385=LINE('',#8433,#1984);
#1386=LINE('',#8436,#1985);
#1387=LINE('',#8440,#1986);
#1388=LINE('',#8442,#1987);
#1389=LINE('',#8444,#1988);
#1390=LINE('',#8446,#1989);
#1391=LINE('',#8448,#1990);
#1392=LINE('',#8450,#1991);
#1393=LINE('',#8452,#1992);
#1394=LINE('',#8453,#1993);
#1395=LINE('',#8458,#1994);
#1396=LINE('',#8460,#1995);
#1397=LINE('',#8461,#1996);
#1398=LINE('',#8464,#1997);
#1399=LINE('',#8466,#1998);
#1400=LINE('',#8467,#1999);
#1401=LINE('',#8471,#2000);
#1402=LINE('',#8473,#2001);
#1403=LINE('',#8475,#2002);
#1404=LINE('',#8476,#2003);
#1405=LINE('',#8480,#2004);
#1406=LINE('',#8482,#2005);
#1407=LINE('',#8484,#2006);
#1408=LINE('',#8485,#2007);
#1409=LINE('',#8488,#2008);
#1410=LINE('',#8490,#2009);
#1411=LINE('',#8491,#2010);
#1412=LINE('',#8493,#2011);
#1413=LINE('',#8495,#2012);
#1414=LINE('',#8496,#2013);
#1415=LINE('',#8501,#2014);
#1416=LINE('',#8503,#2015);
#1417=LINE('',#8504,#2016);
#1418=LINE('',#8507,#2017);
#1419=LINE('',#8509,#2018);
#1420=LINE('',#8510,#2019);
#1421=LINE('',#8513,#2020);
#1422=LINE('',#8515,#2021);
#1423=LINE('',#8517,#2022);
#1424=LINE('',#8519,#2023);
#1425=LINE('',#8521,#2024);
#1426=LINE('',#8522,#2025);
#1427=LINE('',#8523,#2026);
#1428=LINE('',#8525,#2027);
#1429=LINE('',#8526,#2028);
#1430=LINE('',#8530,#2029);
#1431=LINE('',#8531,#2030);
#1432=LINE('',#8532,#2031);
#1433=LINE('',#8535,#2032);
#1434=LINE('',#8537,#2033);
#1435=LINE('',#8539,#2034);
#1436=LINE('',#8541,#2035);
#1437=LINE('',#8543,#2036);
#1438=LINE('',#8544,#2037);
#1439=LINE('',#8545,#2038);
#1440=LINE('',#8547,#2039);
#1441=LINE('',#8549,#2040);
#1442=LINE('',#8550,#2041);
#1443=LINE('',#8552,#2042);
#1444=LINE('',#8553,#2043);
#1445=LINE('',#8554,#2044);
#1446=LINE('',#8555,#2045);
#1447=LINE('',#8558,#2046);
#1448=LINE('',#8559,#2047);
#1449=LINE('',#8560,#2048);
#1450=LINE('',#8562,#2049);
#1451=LINE('',#8563,#2050);
#1452=LINE('',#8566,#2051);
#1453=LINE('',#8569,#2052);
#1454=LINE('',#8570,#2053);
#1455=LINE('',#8574,#2054);
#1456=LINE('',#8576,#2055);
#1457=LINE('',#8579,#2056);
#1458=LINE('',#8581,#2057);
#1459=LINE('',#8582,#2058);
#1460=LINE('',#8584,#2059);
#1461=LINE('',#8585,#2060);
#1462=LINE('',#8587,#2061);
#1463=LINE('',#8589,#2062);
#1464=LINE('',#8592,#2063);
#1465=LINE('',#8594,#2064);
#1466=LINE('',#8595,#2065);
#1467=LINE('',#8597,#2066);
#1468=LINE('',#8600,#2067);
#1469=LINE('',#8601,#2068);
#1470=LINE('',#8603,#2069);
#1471=LINE('',#8605,#2070);
#1472=LINE('',#8607,#2071);
#1473=LINE('',#8610,#2072);
#1474=LINE('',#8611,#2073);
#1475=LINE('',#8613,#2074);
#1476=LINE('',#8615,#2075);
#1477=LINE('',#8618,#2076);
#1478=LINE('',#8619,#2077);
#1479=LINE('',#8621,#2078);
#1480=LINE('',#8623,#2079);
#1481=LINE('',#8626,#2080);
#1482=LINE('',#8629,#2081);
#1483=LINE('',#8635,#2082);
#1484=LINE('',#8637,#2083);
#1485=LINE('',#8639,#2084);
#1486=LINE('',#8641,#2085);
#1487=LINE('',#8643,#2086);
#1488=LINE('',#8645,#2087);
#1489=LINE('',#8647,#2088);
#1490=LINE('',#8648,#2089);
#1491=LINE('',#8651,#2090);
#1492=LINE('',#8653,#2091);
#1493=LINE('',#8655,#2092);
#1494=LINE('',#8656,#2093);
#1495=LINE('',#8658,#2094);
#1496=LINE('',#8659,#2095);
#1497=LINE('',#8665,#2096);
#1498=LINE('',#8667,#2097);
#1499=LINE('',#8669,#2098);
#1500=LINE('',#8671,#2099);
#1501=LINE('',#8673,#2100);
#1502=LINE('',#8675,#2101);
#1503=LINE('',#8677,#2102);
#1504=LINE('',#8678,#2103);
#1505=LINE('',#8681,#2104);
#1506=LINE('',#8683,#2105);
#1507=LINE('',#8684,#2106);
#1508=LINE('',#8686,#2107);
#1509=LINE('',#8688,#2108);
#1510=LINE('',#8689,#2109);
#1511=LINE('',#8694,#2110);
#1512=LINE('',#8696,#2111);
#1513=LINE('',#8698,#2112);
#1514=LINE('',#8700,#2113);
#1515=LINE('',#8702,#2114);
#1516=LINE('',#8704,#2115);
#1517=LINE('',#8705,#2116);
#1518=LINE('',#8706,#2117);
#1519=LINE('',#8710,#2118);
#1520=LINE('',#8711,#2119);
#1521=LINE('',#8712,#2120);
#1522=LINE('',#8714,#2121);
#1523=LINE('',#8716,#2122);
#1524=LINE('',#8718,#2123);
#1525=LINE('',#8720,#2124);
#1526=LINE('',#8721,#2125);
#1527=LINE('',#8724,#2126);
#1528=LINE('',#8726,#2127);
#1529=LINE('',#8727,#2128);
#1530=LINE('',#8730,#2129);
#1531=LINE('',#8732,#2130);
#1532=LINE('',#8733,#2131);
#1533=LINE('',#8736,#2132);
#1534=LINE('',#8737,#2133);
#1535=LINE('',#8740,#2134);
#1536=LINE('',#8741,#2135);
#1537=LINE('',#8744,#2136);
#1538=LINE('',#8745,#2137);
#1539=LINE('',#8748,#2138);
#1540=LINE('',#8749,#2139);
#1541=LINE('',#8751,#2140);
#1542=LINE('',#8753,#2141);
#1543=LINE('',#8755,#2142);
#1544=LINE('',#8756,#2143);
#1545=LINE('',#8761,#2144);
#1546=LINE('',#8763,#2145);
#1547=LINE('',#8764,#2146);
#1548=LINE('',#8765,#2147);
#1549=LINE('',#8770,#2148);
#1550=LINE('',#8771,#2149);
#1551=LINE('',#8773,#2150);
#1552=LINE('',#8774,#2151);
#1553=LINE('',#8777,#2152);
#1554=LINE('',#8779,#2153);
#1555=LINE('',#8780,#2154);
#1556=LINE('',#8781,#2155);
#1557=LINE('',#8783,#2156);
#1558=LINE('',#8784,#2157);
#1559=LINE('',#8787,#2158);
#1560=LINE('',#8789,#2159);
#1561=LINE('',#8793,#2160);
#1562=LINE('',#8795,#2161);
#1563=LINE('',#8797,#2162);
#1564=LINE('',#8800,#2163);
#1565=VECTOR('',#5921,5.5);
#1566=VECTOR('',#5926,10.);
#1567=VECTOR('',#5927,1000.);
#1568=VECTOR('',#5928,10.);
#1569=VECTOR('',#5929,10.);
#1570=VECTOR('',#5932,10.);
#1571=VECTOR('',#5933,10.);
#1572=VECTOR('',#5934,1000.);
#1573=VECTOR('',#5937,10.);
#1574=VECTOR('',#5938,10.);
#1575=VECTOR('',#5939,10.);
#1576=VECTOR('',#5940,1000.);
#1577=VECTOR('',#5945,1000.);
#1578=VECTOR('',#5946,1000.);
#1579=VECTOR('',#5947,1000.);
#1580=VECTOR('',#5950,1000.);
#1581=VECTOR('',#5953,1000.);
#1582=VECTOR('',#5956,1000.);
#1583=VECTOR('',#5971,1000.);
#1584=VECTOR('',#5974,1000.);
#1585=VECTOR('',#5977,1000.);
#1586=VECTOR('',#5980,1000.);
#1587=VECTOR('',#5981,1000.);
#1588=VECTOR('',#5982,1000.);
#1589=VECTOR('',#5995,1000.);
#1590=VECTOR('',#5998,1000.);
#1591=VECTOR('',#6001,1000.);
#1592=VECTOR('',#6004,1000.);
#1593=VECTOR('',#6007,1000.);
#1594=VECTOR('',#6008,1000.);
#1595=VECTOR('',#6013,1000.);
#1596=VECTOR('',#6016,1000.);
#1597=VECTOR('',#6021,2.25);
#1598=VECTOR('',#6024,2.25);
#1599=VECTOR('',#6027,2.25);
#1600=VECTOR('',#6030,2.25);
#1601=VECTOR('',#6035,2.25000000000001);
#1602=VECTOR('',#6042,1000.);
#1603=VECTOR('',#6043,1000.);
#1604=VECTOR('',#6044,1000.);
#1605=VECTOR('',#6045,1000.);
#1606=VECTOR('',#6048,1000.);
#1607=VECTOR('',#6049,1000.);
#1608=VECTOR('',#6050,1000.);
#1609=VECTOR('',#6051,1000.);
#1610=VECTOR('',#6056,1000.);
#1611=VECTOR('',#6061,1000.);
#1612=VECTOR('',#6062,1000.);
#1613=VECTOR('',#6063,1000.);
#1614=VECTOR('',#6066,1000.);
#1615=VECTOR('',#6067,1000.);
#1616=VECTOR('',#6068,1000.);
#1617=VECTOR('',#6069,1000.);
#1618=VECTOR('',#6074,2.1);
#1619=VECTOR('',#6085,1000.);
#1620=VECTOR('',#6088,1000.);
#1621=VECTOR('',#6089,1000.);
#1622=VECTOR('',#6092,1000.);
#1623=VECTOR('',#6095,1000.);
#1624=VECTOR('',#6096,1000.);
#1625=VECTOR('',#6101,1000.);
#1626=VECTOR('',#6104,1000.);
#1627=VECTOR('',#6107,1000.);
#1628=VECTOR('',#6108,1000.);
#1629=VECTOR('',#6111,1000.);
#1630=VECTOR('',#6114,1000.);
#1631=VECTOR('',#6117,1000.);
#1632=VECTOR('',#6120,1000.);
#1633=VECTOR('',#6121,1000.);
#1634=VECTOR('',#6124,1000.);
#1635=VECTOR('',#6127,1000.);
#1636=VECTOR('',#6130,1000.);
#1637=VECTOR('',#6133,1000.);
#1638=VECTOR('',#6134,1000.);
#1639=VECTOR('',#6149,1000.);
#1640=VECTOR('',#6150,1000.);
#1641=VECTOR('',#6151,1000.);
#1642=VECTOR('',#6152,1000.);
#1643=VECTOR('',#6155,1000.);
#1644=VECTOR('',#6156,1000.);
#1645=VECTOR('',#6157,1000.);
#1646=VECTOR('',#6158,1000.);
#1647=VECTOR('',#6159,1000.);
#1648=VECTOR('',#6160,1000.);
#1649=VECTOR('',#6161,1000.);
#1650=VECTOR('',#6162,1000.);
#1651=VECTOR('',#6163,1000.);
#1652=VECTOR('',#6164,1000.);
#1653=VECTOR('',#6167,1000.);
#1654=VECTOR('',#6168,1000.);
#1655=VECTOR('',#6169,1000.);
#1656=VECTOR('',#6174,1000.);
#1657=VECTOR('',#6175,1000.);
#1658=VECTOR('',#6178,1000.);
#1659=VECTOR('',#6179,1000.);
#1660=VECTOR('',#6182,1000.);
#1661=VECTOR('',#6183,1000.);
#1662=VECTOR('',#6186,1000.);
#1663=VECTOR('',#6187,1000.);
#1664=VECTOR('',#6190,1000.);
#1665=VECTOR('',#6191,1000.);
#1666=VECTOR('',#6192,1000.);
#1667=VECTOR('',#6193,1000.);
#1668=VECTOR('',#6194,1000.);
#1669=VECTOR('',#6199,1000.);
#1670=VECTOR('',#6200,1000.);
#1671=VECTOR('',#6201,1000.);
#1672=VECTOR('',#6204,1000.);
#1673=VECTOR('',#6205,1000.);
#1674=VECTOR('',#6208,1000.);
#1675=VECTOR('',#6209,1000.);
#1676=VECTOR('',#6212,1000.);
#1677=VECTOR('',#6217,1000.);
#1678=VECTOR('',#6218,1000.);
#1679=VECTOR('',#6219,1000.);
#1680=VECTOR('',#6222,1000.);
#1681=VECTOR('',#6223,1000.);
#1682=VECTOR('',#6226,1000.);
#1683=VECTOR('',#6227,1000.);
#1684=VECTOR('',#6230,1000.);
#1685=VECTOR('',#6235,3.35);
#1686=VECTOR('',#6242,6.75);
#1687=VECTOR('',#6263,6.75);
#1688=VECTOR('',#6280,2.1);
#1689=VECTOR('',#6285,1000.);
#1690=VECTOR('',#6286,1000.);
#1691=VECTOR('',#6287,1000.);
#1692=VECTOR('',#6288,1000.);
#1693=VECTOR('',#6291,1000.);
#1694=VECTOR('',#6292,1000.);
#1695=VECTOR('',#6293,1000.);
#1696=VECTOR('',#6294,1000.);
#1697=VECTOR('',#6295,1000.);
#1698=VECTOR('',#6298,1000.);
#1699=VECTOR('',#6299,1000.);
#1700=VECTOR('',#6300,1000.);
#1701=VECTOR('',#6303,1000.);
#1702=VECTOR('',#6304,1000.);
#1703=VECTOR('',#6305,1000.);
#1704=VECTOR('',#6308,1000.);
#1705=VECTOR('',#6309,1000.);
#1706=VECTOR('',#6310,1000.);
#1707=VECTOR('',#6313,1000.);
#1708=VECTOR('',#6314,1000.);
#1709=VECTOR('',#6315,1000.);
#1710=VECTOR('',#6318,1000.);
#1711=VECTOR('',#6319,1000.);
#1712=VECTOR('',#6320,1000.);
#1713=VECTOR('',#6325,2.25);
#1714=VECTOR('',#6332,2.25);
#1715=VECTOR('',#6337,1000.);
#1716=VECTOR('',#6338,1000.);
#1717=VECTOR('',#6339,1000.);
#1718=VECTOR('',#6340,1000.);
#1719=VECTOR('',#6343,1000.);
#1720=VECTOR('',#6348,1000.);
#1721=VECTOR('',#6357,2.25);
#1722=VECTOR('',#6362,1000.);
#1723=VECTOR('',#6363,1000.);
#1724=VECTOR('',#6364,1000.);
#1725=VECTOR('',#6365,1000.);
#1726=VECTOR('',#6366,1000.);
#1727=VECTOR('',#6369,1000.);
#1728=VECTOR('',#6370,1000.);
#1729=VECTOR('',#6371,1000.);
#1730=VECTOR('',#6372,1000.);
#1731=VECTOR('',#6373,1000.);
#1732=VECTOR('',#6376,1000.);
#1733=VECTOR('',#6377,1000.);
#1734=VECTOR('',#6378,1000.);
#1735=VECTOR('',#6379,1000.);
#1736=VECTOR('',#6382,1000.);
#1737=VECTOR('',#6383,1000.);
#1738=VECTOR('',#6384,1000.);
#1739=VECTOR('',#6385,1000.);
#1740=VECTOR('',#6386,1000.);
#1741=VECTOR('',#6389,1000.);
#1742=VECTOR('',#6390,1000.);
#1743=VECTOR('',#6391,1000.);
#1744=VECTOR('',#6394,1000.);
#1745=VECTOR('',#6395,1000.);
#1746=VECTOR('',#6398,1000.);
#1747=VECTOR('',#6399,1000.);
#1748=VECTOR('',#6402,1000.);
#1749=VECTOR('',#6405,1000.);
#1750=VECTOR('',#6406,1000.);
#1751=VECTOR('',#6407,1000.);
#1752=VECTOR('',#6408,1000.);
#1753=VECTOR('',#6411,1000.);
#1754=VECTOR('',#6412,1000.);
#1755=VECTOR('',#6413,1000.);
#1756=VECTOR('',#6416,1000.);
#1757=VECTOR('',#6417,1000.);
#1758=VECTOR('',#6418,1000.);
#1759=VECTOR('',#6421,1000.);
#1760=VECTOR('',#6422,1000.);
#1761=VECTOR('',#6425,1000.);
#1762=VECTOR('',#6426,1000.);
#1763=VECTOR('',#6433,1000.);
#1764=VECTOR('',#6434,1000.);
#1765=VECTOR('',#6437,1000.);
#1766=VECTOR('',#6438,1000.);
#1767=VECTOR('',#6445,1000.);
#1768=VECTOR('',#6450,2.25);
#1769=VECTOR('',#6459,2.25);
#1770=VECTOR('',#6462,2.25);
#1771=VECTOR('',#6467,1000.);
#1772=VECTOR('',#6468,1000.);
#1773=VECTOR('',#6469,1000.);
#1774=VECTOR('',#6470,1000.);
#1775=VECTOR('',#6473,1000.);
#1776=VECTOR('',#6474,1000.);
#1777=VECTOR('',#6475,1000.);
#1778=VECTOR('',#6478,1000.);
#1779=VECTOR('',#6479,1000.);
#1780=VECTOR('',#6480,1000.);
#1781=VECTOR('',#6481,1000.);
#1782=VECTOR('',#6484,1000.);
#1783=VECTOR('',#6485,1000.);
#1784=VECTOR('',#6486,1000.);
#1785=VECTOR('',#6489,1000.);
#1786=VECTOR('',#6490,1000.);
#1787=VECTOR('',#6491,1000.);
#1788=VECTOR('',#6492,1000.);
#1789=VECTOR('',#6495,1000.);
#1790=VECTOR('',#6496,1000.);
#1791=VECTOR('',#6497,1000.);
#1792=VECTOR('',#6498,1000.);
#1793=VECTOR('',#6499,1000.);
#1794=VECTOR('',#6500,1000.);
#1795=VECTOR('',#6501,1000.);
#1796=VECTOR('',#6502,1000.);
#1797=VECTOR('',#6503,1000.);
#1798=VECTOR('',#6506,1000.);
#1799=VECTOR('',#6507,1000.);
#1800=VECTOR('',#6508,1000.);
#1801=VECTOR('',#6511,1000.);
#1802=VECTOR('',#6512,1000.);
#1803=VECTOR('',#6513,1000.);
#1804=VECTOR('',#6514,1000.);
#1805=VECTOR('',#6515,1000.);
#1806=VECTOR('',#6516,1000.);
#1807=VECTOR('',#6517,1000.);
#1808=VECTOR('',#6518,1000.);
#1809=VECTOR('',#6523,1000.);
#1810=VECTOR('',#6524,1000.);
#1811=VECTOR('',#6527,1000.);
#1812=VECTOR('',#6528,1000.);
#1813=VECTOR('',#6531,1000.);
#1814=VECTOR('',#6534,1000.);
#1815=VECTOR('',#6537,1000.);
#1816=VECTOR('',#6540,1000.);
#1817=VECTOR('',#6545,1000.);
#1818=VECTOR('',#6546,1000.);
#1819=VECTOR('',#6549,1000.);
#1820=VECTOR('',#6550,1000.);
#1821=VECTOR('',#6555,1000.);
#1822=VECTOR('',#6558,1000.);
#1823=VECTOR('',#6559,1000.);
#1824=VECTOR('',#6562,1000.);
#1825=VECTOR('',#6567,1000.);
#1826=VECTOR('',#6570,1000.);
#1827=VECTOR('',#6577,5.7);
#1828=VECTOR('',#6586,2.1);
#1829=VECTOR('',#6597,4.);
#1830=VECTOR('',#6606,11.5);
#1831=VECTOR('',#6617,1000.);
#1832=VECTOR('',#6620,1000.);
#1833=VECTOR('',#6621,1000.);
#1834=VECTOR('',#6622,1000.);
#1835=VECTOR('',#6625,1000.);
#1836=VECTOR('',#6626,1000.);
#1837=VECTOR('',#6627,1000.);
#1838=VECTOR('',#6632,1000.);
#1839=VECTOR('',#6635,999.999999999999);
#1840=VECTOR('',#6636,1000.);
#1841=VECTOR('',#6637,1000.);
#1842=VECTOR('',#6640,1000.);
#1843=VECTOR('',#6641,1000.);
#1844=VECTOR('',#6642,1000.);
#1845=VECTOR('',#6647,1000.);
#1846=VECTOR('',#6650,1000.);
#1847=VECTOR('',#6655,1000.);
#1848=VECTOR('',#6656,1000.);
#1849=VECTOR('',#6657,999.999999999999);
#1850=VECTOR('',#6660,1000.);
#1851=VECTOR('',#6663,1000.);
#1852=VECTOR('',#6664,1000.);
#1853=VECTOR('',#6665,1000.);
#1854=VECTOR('',#6668,1000.);
#1855=VECTOR('',#6669,1000.);
#1856=VECTOR('',#6670,1000.);
#1857=VECTOR('',#6673,1000.);
#1858=VECTOR('',#6674,1000.);
#1859=VECTOR('',#6675,1000.);
#1860=VECTOR('',#6676,1000.);
#1861=VECTOR('',#6679,1000.);
#1862=VECTOR('',#6680,1000.);
#1863=VECTOR('',#6683,1000.);
#1864=VECTOR('',#6684,1000.);
#1865=VECTOR('',#6687,1000.);
#1866=VECTOR('',#6688,1000.);
#1867=VECTOR('',#6691,1000.);
#1868=VECTOR('',#6692,1000.);
#1869=VECTOR('',#6695,1000.);
#1870=VECTOR('',#6696,1000.);
#1871=VECTOR('',#6699,1000.);
#1872=VECTOR('',#6702,1000.);
#1873=VECTOR('',#6705,1000.);
#1874=VECTOR('',#6710,1000.);
#1875=VECTOR('',#6715,1000.);
#1876=VECTOR('',#6718,1000.);
#1877=VECTOR('',#6721,1000.);
#1878=VECTOR('',#6726,1000.);
#1879=VECTOR('',#6731,1000.);
#1880=VECTOR('',#6732,1000.);
#1881=VECTOR('',#6733,1000.);
#1882=VECTOR('',#6736,1000.);
#1883=VECTOR('',#6737,1000.);
#1884=VECTOR('',#6738,1000.);
#1885=VECTOR('',#6745,1000.);
#1886=VECTOR('',#6746,1000.);
#1887=VECTOR('',#6747,1000.);
#1888=VECTOR('',#6750,1000.);
#1889=VECTOR('',#6751,1000.);
#1890=VECTOR('',#6752,1000.);
#1891=VECTOR('',#6759,1000.);
#1892=VECTOR('',#6760,1000.);
#1893=VECTOR('',#6761,1000.);
#1894=VECTOR('',#6764,1000.);
#1895=VECTOR('',#6765,1000.);
#1896=VECTOR('',#6766,999.999999999999);
#1897=VECTOR('',#6769,1000.);
#1898=VECTOR('',#6770,1000.);
#1899=VECTOR('',#6775,1000.);
#1900=VECTOR('',#6778,1000.);
#1901=VECTOR('',#6781,1000.);
#1902=VECTOR('',#6784,1000.);
#1903=VECTOR('',#6787,1000.);
#1904=VECTOR('',#6790,1000.);
#1905=VECTOR('',#6791,1000.);
#1906=VECTOR('',#6792,1000.);
#1907=VECTOR('',#6795,1000.);
#1908=VECTOR('',#6796,1000.);
#1909=VECTOR('',#6797,1000.);
#1910=VECTOR('',#6800,1000.);
#1911=VECTOR('',#6801,999.999999999999);
#1912=VECTOR('',#6802,1000.);
#1913=VECTOR('',#6803,1000.);
#1914=VECTOR('',#6804,1000.);
#1915=VECTOR('',#6805,1000.);
#1916=VECTOR('',#6806,1000.);
#1917=VECTOR('',#6809,1000.);
#1918=VECTOR('',#6810,1000.);
#1919=VECTOR('',#6813,1000.);
#1920=VECTOR('',#6814,1000.);
#1921=VECTOR('',#6817,1000.);
#1922=VECTOR('',#6818,1000.);
#1923=VECTOR('',#6825,1000.);
#1924=VECTOR('',#6828,1000.);
#1925=VECTOR('',#6831,1000.);
#1926=VECTOR('',#6836,1000.);
#1927=VECTOR('',#6841,1000.);
#1928=VECTOR('',#6844,1000.);
#1929=VECTOR('',#6847,1000.);
#1930=VECTOR('',#6852,1000.);
#1931=VECTOR('',#6889,1000.);
#1932=VECTOR('',#6890,1000.);
#1933=VECTOR('',#6891,1000.);
#1934=VECTOR('',#6892,1000.);
#1935=VECTOR('',#6893,1000.);
#1936=VECTOR('',#6894,1000.);
#1937=VECTOR('',#6895,1000.);
#1938=VECTOR('',#6896,1000.);
#1939=VECTOR('',#6899,1000.);
#1940=VECTOR('',#6900,1000.);
#1941=VECTOR('',#6901,1000.);
#1942=VECTOR('',#6902,1000.);
#1943=VECTOR('',#6903,1000.);
#1944=VECTOR('',#6904,1000.);
#1945=VECTOR('',#6909,1000.);
#1946=VECTOR('',#6910,1000.);
#1947=VECTOR('',#6911,1000.);
#1948=VECTOR('',#6912,1000.);
#1949=VECTOR('',#6913,1000.);
#1950=VECTOR('',#6914,1000.);
#1951=VECTOR('',#6915,1000.);
#1952=VECTOR('',#6916,1000.);
#1953=VECTOR('',#6919,1000.);
#1954=VECTOR('',#6922,1000.);
#1955=VECTOR('',#6925,1000.);
#1956=VECTOR('',#6930,1000.);
#1957=VECTOR('',#6931,1000.);
#1958=VECTOR('',#6932,1000.);
#1959=VECTOR('',#6933,1000.);
#1960=VECTOR('',#6934,1000.);
#1961=VECTOR('',#6935,1000.);
#1962=VECTOR('',#6936,1000.);
#1963=VECTOR('',#6937,1000.);
#1964=VECTOR('',#6940,1000.);
#1965=VECTOR('',#6941,1000.);
#1966=VECTOR('',#6942,1000.);
#1967=VECTOR('',#6943,1000.);
#1968=VECTOR('',#6944,1000.);
#1969=VECTOR('',#6945,1000.);
#1970=VECTOR('',#6950,1000.);
#1971=VECTOR('',#6951,1000.);
#1972=VECTOR('',#6954,1000.);
#1973=VECTOR('',#6955,1000.);
#1974=VECTOR('',#6956,1000.);
#1975=VECTOR('',#6957,1000.);
#1976=VECTOR('',#6958,1000.);
#1977=VECTOR('',#6959,1000.);
#1978=VECTOR('',#6962,1000.);
#1979=VECTOR('',#6965,1000.);
#1980=VECTOR('',#6968,1000.);
#1981=VECTOR('',#6969,1000.);
#1982=VECTOR('',#6970,1000.);
#1983=VECTOR('',#6971,1000.);
#1984=VECTOR('',#6974,1000.);
#1985=VECTOR('',#6977,1000.);
#1986=VECTOR('',#6980,1000.);
#1987=VECTOR('',#6981,1000.);
#1988=VECTOR('',#6982,1000.);
#1989=VECTOR('',#6983,1000.);
#1990=VECTOR('',#6984,1000.);
#1991=VECTOR('',#6985,1000.);
#1992=VECTOR('',#6986,1000.);
#1993=VECTOR('',#6987,1000.);
#1994=VECTOR('',#6992,1000.);
#1995=VECTOR('',#6993,1000.);
#1996=VECTOR('',#6994,1000.);
#1997=VECTOR('',#6997,1000.);
#1998=VECTOR('',#6998,1000.);
#1999=VECTOR('',#6999,1000.);
#2000=VECTOR('',#7002,1000.);
#2001=VECTOR('',#7003,1000.);
#2002=VECTOR('',#7004,1000.);
#2003=VECTOR('',#7005,1000.);
#2004=VECTOR('',#7008,1000.);
#2005=VECTOR('',#7009,1000.);
#2006=VECTOR('',#7010,1000.);
#2007=VECTOR('',#7011,1000.);
#2008=VECTOR('',#7014,1000.);
#2009=VECTOR('',#7015,1000.);
#2010=VECTOR('',#7016,1000.);
#2011=VECTOR('',#7017,1000.);
#2012=VECTOR('',#7018,1000.);
#2013=VECTOR('',#7019,1000.);
#2014=VECTOR('',#7024,1000.);
#2015=VECTOR('',#7025,1000.);
#2016=VECTOR('',#7026,1000.);
#2017=VECTOR('',#7029,1000.);
#2018=VECTOR('',#7030,1000.);
#2019=VECTOR('',#7031,1000.);
#2020=VECTOR('',#7034,1000.);
#2021=VECTOR('',#7035,1000.);
#2022=VECTOR('',#7036,1000.);
#2023=VECTOR('',#7037,1000.);
#2024=VECTOR('',#7038,1000.);
#2025=VECTOR('',#7039,1000.);
#2026=VECTOR('',#7040,1000.);
#2027=VECTOR('',#7043,1000.);
#2028=VECTOR('',#7044,1000.);
#2029=VECTOR('',#7047,1000.);
#2030=VECTOR('',#7048,1000.);
#2031=VECTOR('',#7049,1000.);
#2032=VECTOR('',#7052,1000.);
#2033=VECTOR('',#7055,1000.);
#2034=VECTOR('',#7058,1000.);
#2035=VECTOR('',#7059,1000.);
#2036=VECTOR('',#7060,1000.);
#2037=VECTOR('',#7061,1000.);
#2038=VECTOR('',#7062,1000.);
#2039=VECTOR('',#7063,1000.);
#2040=VECTOR('',#7064,1000.);
#2041=VECTOR('',#7065,1000.);
#2042=VECTOR('',#7068,1000.);
#2043=VECTOR('',#7069,1000.);
#2044=VECTOR('',#7070,1000.);
#2045=VECTOR('',#7071,1000.);
#2046=VECTOR('',#7074,1000.);
#2047=VECTOR('',#7075,1000.);
#2048=VECTOR('',#7076,1000.);
#2049=VECTOR('',#7077,1000.);
#2050=VECTOR('',#7078,1000.);
#2051=VECTOR('',#7083,1000.);
#2052=VECTOR('',#7088,1000.);
#2053=VECTOR('',#7089,1000.);
#2054=VECTOR('',#7096,1000.);
#2055=VECTOR('',#7099,2.25);
#2056=VECTOR('',#7102,1000.);
#2057=VECTOR('',#7103,1000.);
#2058=VECTOR('',#7104,1000.);
#2059=VECTOR('',#7107,1000.);
#2060=VECTOR('',#7108,1000.);
#2061=VECTOR('',#7111,1000.);
#2062=VECTOR('',#7114,1000.);
#2063=VECTOR('',#7119,1000.);
#2064=VECTOR('',#7120,1000.);
#2065=VECTOR('',#7121,1000.);
#2066=VECTOR('',#7124,1000.);
#2067=VECTOR('',#7127,1000.);
#2068=VECTOR('',#7128,1000.);
#2069=VECTOR('',#7131,2.25);
#2070=VECTOR('',#7134,1000.);
#2071=VECTOR('',#7137,1000.);
#2072=VECTOR('',#7142,1000.);
#2073=VECTOR('',#7143,1000.);
#2074=VECTOR('',#7146,1000.);
#2075=VECTOR('',#7149,1000.);
#2076=VECTOR('',#7154,1000.);
#2077=VECTOR('',#7155,1000.);
#2078=VECTOR('',#7158,1000.);
#2079=VECTOR('',#7161,1000.);
#2080=VECTOR('',#7166,1000.);
#2081=VECTOR('',#7171,1000.);
#2082=VECTOR('',#7178,1000.);
#2083=VECTOR('',#7179,1000.);
#2084=VECTOR('',#7180,1000.);
#2085=VECTOR('',#7181,1000.);
#2086=VECTOR('',#7182,1000.);
#2087=VECTOR('',#7183,1000.);
#2088=VECTOR('',#7184,1000.);
#2089=VECTOR('',#7185,1000.);
#2090=VECTOR('',#7188,1000.);
#2091=VECTOR('',#7189,1000.);
#2092=VECTOR('',#7190,1000.);
#2093=VECTOR('',#7191,1000.);
#2094=VECTOR('',#7192,1000.);
#2095=VECTOR('',#7193,1000.);
#2096=VECTOR('',#7198,1000.);
#2097=VECTOR('',#7199,1000.);
#2098=VECTOR('',#7200,1000.);
#2099=VECTOR('',#7201,1000.);
#2100=VECTOR('',#7202,1000.);
#2101=VECTOR('',#7203,1000.);
#2102=VECTOR('',#7204,1000.);
#2103=VECTOR('',#7205,1000.);
#2104=VECTOR('',#7208,1000.);
#2105=VECTOR('',#7209,1000.);
#2106=VECTOR('',#7210,1000.);
#2107=VECTOR('',#7211,1000.);
#2108=VECTOR('',#7212,1000.);
#2109=VECTOR('',#7213,1000.);
#2110=VECTOR('',#7218,1000.);
#2111=VECTOR('',#7219,1000.);
#2112=VECTOR('',#7220,1000.);
#2113=VECTOR('',#7221,1000.);
#2114=VECTOR('',#7222,1000.);
#2115=VECTOR('',#7223,1000.);
#2116=VECTOR('',#7224,1000.);
#2117=VECTOR('',#7225,1000.);
#2118=VECTOR('',#7228,1000.);
#2119=VECTOR('',#7229,1000.);
#2120=VECTOR('',#7230,1000.);
#2121=VECTOR('',#7231,1000.);
#2122=VECTOR('',#7232,1000.);
#2123=VECTOR('',#7233,1000.);
#2124=VECTOR('',#7234,1000.);
#2125=VECTOR('',#7235,1000.);
#2126=VECTOR('',#7238,1000.);
#2127=VECTOR('',#7239,1000.);
#2128=VECTOR('',#7240,1000.);
#2129=VECTOR('',#7243,1000.);
#2130=VECTOR('',#7244,1000.);
#2131=VECTOR('',#7245,1000.);
#2132=VECTOR('',#7248,1000.);
#2133=VECTOR('',#7249,1000.);
#2134=VECTOR('',#7252,1000.);
#2135=VECTOR('',#7253,1000.);
#2136=VECTOR('',#7256,1000.);
#2137=VECTOR('',#7257,1000.);
#2138=VECTOR('',#7260,1000.);
#2139=VECTOR('',#7261,1000.);
#2140=VECTOR('',#7264,1000.);
#2141=VECTOR('',#7265,1000.);
#2142=VECTOR('',#7266,1000.);
#2143=VECTOR('',#7267,1000.);
#2144=VECTOR('',#7272,1000.);
#2145=VECTOR('',#7273,1000.);
#2146=VECTOR('',#7274,1000.);
#2147=VECTOR('',#7275,1000.);
#2148=VECTOR('',#7280,1000.);
#2149=VECTOR('',#7281,1000.);
#2150=VECTOR('',#7282,1000.);
#2151=VECTOR('',#7283,1000.);
#2152=VECTOR('',#7286,1000.);
#2153=VECTOR('',#7287,1000.);
#2154=VECTOR('',#7288,1000.);
#2155=VECTOR('',#7289,1000.);
#2156=VECTOR('',#7292,1000.);
#2157=VECTOR('',#7293,1000.);
#2158=VECTOR('',#7298,1000.);
#2159=VECTOR('',#7301,2.25);
#2160=VECTOR('',#7308,1000.);
#2161=VECTOR('',#7311,2.25);
#2162=VECTOR('',#7314,1000.);
#2163=VECTOR('',#7319,1000.);
#2164=CIRCLE('',#5507,5.5);
#2165=CIRCLE('',#5508,5.5);
#2166=CIRCLE('',#5513,25.);
#2167=CIRCLE('',#5514,25.);
#2168=CIRCLE('',#5515,25.);
#2169=CIRCLE('',#5516,25.);
#2170=CIRCLE('',#5517,2.25000000000001);
#2171=CIRCLE('',#5518,2.25);
#2172=CIRCLE('',#5519,2.25);
#2173=CIRCLE('',#5520,2.25);
#2174=CIRCLE('',#5521,2.25);
#2175=CIRCLE('',#5523,25.);
#2176=CIRCLE('',#5524,25.);
#2177=CIRCLE('',#5525,25.);
#2178=CIRCLE('',#5526,25.);
#2179=CIRCLE('',#5527,2.25);
#2180=CIRCLE('',#5528,2.25);
#2181=CIRCLE('',#5529,2.25);
#2182=CIRCLE('',#5530,2.25);
#2183=CIRCLE('',#5531,2.25000000000001);
#2184=CIRCLE('',#5552,2.);
#2185=CIRCLE('',#5553,2.);
#2186=CIRCLE('',#5557,2.1);
#2187=CIRCLE('',#5558,2.1);
#2188=CIRCLE('',#5560,2.);
#2189=CIRCLE('',#5561,2.);
#2190=CIRCLE('',#5563,1.5);
#2191=CIRCLE('',#5564,1.5);
#2192=CIRCLE('',#5565,1.5);
#2193=CIRCLE('',#5566,1.5);
#2194=CIRCLE('',#5568,1.5);
#2195=CIRCLE('',#5569,1.5);
#2196=CIRCLE('',#5570,1.5);
#2197=CIRCLE('',#5571,1.5);
#2198=CIRCLE('',#5584,6.75);
#2199=CIRCLE('',#5587,3.35);
#2200=CIRCLE('',#5605,3.35);
#2201=CIRCLE('',#5607,6.75);
#2202=CIRCLE('',#5608,6.75);
#2203=CIRCLE('',#5611,5.21615632716836);
#2204=CIRCLE('',#5612,0.832284583369259);
#2205=CIRCLE('',#5613,5.21615632716836);
#2206=CIRCLE('',#5615,6.75);
#2207=CIRCLE('',#5619,5.35);
#2208=CIRCLE('',#5620,5.35);
#2209=CIRCLE('',#5622,2.1);
#2210=CIRCLE('',#5624,2.1);
#2211=CIRCLE('',#5635,2.25);
#2212=CIRCLE('',#5636,2.25);
#2213=CIRCLE('',#5638,2.25);
#2214=CIRCLE('',#5639,2.25);
#2215=CIRCLE('',#5647,2.25);
#2216=CIRCLE('',#5648,2.25);
#2217=CIRCLE('',#5662,2.25);
#2218=CIRCLE('',#5663,2.25);
#2219=CIRCLE('',#5666,2.25);
#2220=CIRCLE('',#5667,2.25);
#2221=CIRCLE('',#5670,2.25);
#2222=CIRCLE('',#5671,2.25);
#2223=CIRCLE('',#5678,1.1);
#2224=CIRCLE('',#5680,1.1);
#2225=CIRCLE('',#5687,1.1);
#2226=CIRCLE('',#5696,1.1);
#2227=CIRCLE('',#5703,5.7);
#2228=CIRCLE('',#5705,5.7);
#2229=CIRCLE('',#5707,2.1);
#2230=CIRCLE('',#5709,2.1);
#2231=CIRCLE('',#5713,4.);
#2232=CIRCLE('',#5714,4.);
#2233=CIRCLE('',#5717,11.5);
#2234=CIRCLE('',#5718,11.5);
#2235=CIRCLE('',#5723,7.9);
#2236=CIRCLE('',#5724,4.9);
#2237=CIRCLE('',#5725,7.9);
#2238=CIRCLE('',#5727,6.35);
#2239=CIRCLE('',#5728,3.35);
#2240=CIRCLE('',#5729,6.35);
#2241=CIRCLE('',#5731,6.34999999999997);
#2242=CIRCLE('',#5733,3.35000000000002);
#2243=CIRCLE('',#5734,6.34999999999997);
#2244=CIRCLE('',#5735,7.9);
#2245=CIRCLE('',#5736,4.9);
#2246=CIRCLE('',#5737,7.9);
#2247=CIRCLE('',#5758,7.9);
#2248=CIRCLE('',#5759,7.9);
#2249=CIRCLE('',#5760,4.9);
#2250=CIRCLE('',#5762,6.34999999999997);
#2251=CIRCLE('',#5763,6.34999999999997);
#2252=CIRCLE('',#5764,3.35000000000002);
#2253=CIRCLE('',#5766,6.35);
#2254=CIRCLE('',#5768,6.35);
#2255=CIRCLE('',#5770,3.35);
#2256=CIRCLE('',#5772,7.9);
#2257=CIRCLE('',#5773,4.9);
#2258=CIRCLE('',#5774,7.9);
#2259=CIRCLE('',#5810,2.25);
#2260=CIRCLE('',#5812,2.25);
#2261=CIRCLE('',#5813,2.25);
#2262=CIRCLE('',#5814,2.25);
#2263=CIRCLE('',#5815,2.25);
#2264=CIRCLE('',#5818,2.25);
#2265=CIRCLE('',#5821,2.25);
#2266=CIRCLE('',#5822,2.25);
#2267=CIRCLE('',#5823,2.25);
#2268=CIRCLE('',#5824,2.25);
#2269=CIRCLE('',#5825,2.25);
#2270=CIRCLE('',#5827,2.25);
#2271=CIRCLE('',#5833,2.25);
#2272=CIRCLE('',#5840,2.25);
#2273=CIRCLE('',#5879,2.25);
#2274=CIRCLE('',#5882,2.25);
#2275=CIRCLE('',#5892,2.25);
#2276=CIRCLE('',#5894,2.25);
#2277=VERTEX_POINT('',#7333);
#2278=VERTEX_POINT('',#7335);
#2279=VERTEX_POINT('',#7339);
#2280=VERTEX_POINT('',#7340);
#2281=VERTEX_POINT('',#7342);
#2282=VERTEX_POINT('',#7344);
#2283=VERTEX_POINT('',#7348);
#2284=VERTEX_POINT('',#7350);
#2285=VERTEX_POINT('',#7354);
#2286=VERTEX_POINT('',#7355);
#2287=VERTEX_POINT('',#7357);
#2288=VERTEX_POINT('',#7359);
#2289=VERTEX_POINT('',#7363);
#2290=VERTEX_POINT('',#7365);
#2291=VERTEX_POINT('',#7367);
#2292=VERTEX_POINT('',#7370);
#2293=VERTEX_POINT('',#7372);
#2294=VERTEX_POINT('',#7374);
#2295=VERTEX_POINT('',#7376);
#2296=VERTEX_POINT('',#7378);
#2297=VERTEX_POINT('',#7381);
#2298=VERTEX_POINT('',#7383);
#2299=VERTEX_POINT('',#7385);
#2300=VERTEX_POINT('',#7387);
#2301=VERTEX_POINT('',#7389);
#2302=VERTEX_POINT('',#7392);
#2303=VERTEX_POINT('',#7394);
#2304=VERTEX_POINT('',#7396);
#2305=VERTEX_POINT('',#7398);
#2306=VERTEX_POINT('',#7400);
#2307=VERTEX_POINT('',#7402);
#2308=VERTEX_POINT('',#7405);
#2309=VERTEX_POINT('',#7407);
#2310=VERTEX_POINT('',#7410);
#2311=VERTEX_POINT('',#7412);
#2312=VERTEX_POINT('',#7414);
#2313=VERTEX_POINT('',#7416);
#2314=VERTEX_POINT('',#7418);
#2315=VERTEX_POINT('',#7451);
#2316=VERTEX_POINT('',#7452);
#2317=VERTEX_POINT('',#7454);
#2318=VERTEX_POINT('',#7456);
#2319=VERTEX_POINT('',#7460);
#2320=VERTEX_POINT('',#7461);
#2321=VERTEX_POINT('',#7463);
#2322=VERTEX_POINT('',#7465);
#2323=VERTEX_POINT('',#7469);
#2324=VERTEX_POINT('',#7471);
#2325=VERTEX_POINT('',#7475);
#2326=VERTEX_POINT('',#7477);
#2327=VERTEX_POINT('',#7481);
#2328=VERTEX_POINT('',#7482);
#2329=VERTEX_POINT('',#7484);
#2330=VERTEX_POINT('',#7486);
#2331=VERTEX_POINT('',#7490);
#2332=VERTEX_POINT('',#7492);
#2333=VERTEX_POINT('',#7499);
#2334=VERTEX_POINT('',#7500);
#2335=VERTEX_POINT('',#7502);
#2336=VERTEX_POINT('',#7505);
#2337=VERTEX_POINT('',#7507);
#2338=VERTEX_POINT('',#7509);
#2339=VERTEX_POINT('',#7511);
#2340=VERTEX_POINT('',#7514);
#2341=VERTEX_POINT('',#7518);
#2342=VERTEX_POINT('',#7520);
#2343=VERTEX_POINT('',#7522);
#2344=VERTEX_POINT('',#7524);
#2345=VERTEX_POINT('',#7527);
#2346=VERTEX_POINT('',#7529);
#2347=VERTEX_POINT('',#7531);
#2348=VERTEX_POINT('',#7533);
#2349=VERTEX_POINT('',#7556);
#2350=VERTEX_POINT('',#7558);
#2351=VERTEX_POINT('',#7559);
#2352=VERTEX_POINT('',#7561);
#2353=VERTEX_POINT('',#7563);
#2354=VERTEX_POINT('',#7567);
#2355=VERTEX_POINT('',#7568);
#2356=VERTEX_POINT('',#7570);
#2357=VERTEX_POINT('',#7572);
#2358=VERTEX_POINT('',#7574);
#2359=VERTEX_POINT('',#7576);
#2360=VERTEX_POINT('',#7579);
#2361=VERTEX_POINT('',#7580);
#2362=VERTEX_POINT('',#7582);
#2363=VERTEX_POINT('',#7584);
#2364=VERTEX_POINT('',#7588);
#2365=VERTEX_POINT('',#7590);
#2366=VERTEX_POINT('',#7593);
#2367=VERTEX_POINT('',#7596);
#2368=VERTEX_POINT('',#7600);
#2369=VERTEX_POINT('',#7604);
#2370=VERTEX_POINT('',#7608);
#2371=VERTEX_POINT('',#7613);
#2372=VERTEX_POINT('',#7614);
#2373=VERTEX_POINT('',#7616);
#2374=VERTEX_POINT('',#7618);
#2375=VERTEX_POINT('',#7623);
#2376=VERTEX_POINT('',#7625);
#2377=VERTEX_POINT('',#7629);
#2378=VERTEX_POINT('',#7633);
#2379=VERTEX_POINT('',#7640);
#2380=VERTEX_POINT('',#7642);
#2381=VERTEX_POINT('',#7646);
#2382=VERTEX_POINT('',#7650);
#2383=VERTEX_POINT('',#7657);
#2384=VERTEX_POINT('',#7661);
#2385=VERTEX_POINT('',#7663);
#2386=VERTEX_POINT('',#7668);
#2387=VERTEX_POINT('',#7670);
#2388=VERTEX_POINT('',#7674);
#2389=VERTEX_POINT('',#7683);
#2390=VERTEX_POINT('',#7686);
#2391=VERTEX_POINT('',#7692);
#2392=VERTEX_POINT('',#7693);
#2393=VERTEX_POINT('',#7695);
#2394=VERTEX_POINT('',#7697);
#2395=VERTEX_POINT('',#7701);
#2396=VERTEX_POINT('',#7702);
#2397=VERTEX_POINT('',#7704);
#2398=VERTEX_POINT('',#7706);
#2399=VERTEX_POINT('',#7711);
#2400=VERTEX_POINT('',#7713);
#2401=VERTEX_POINT('',#7717);
#2402=VERTEX_POINT('',#7719);
#2403=VERTEX_POINT('',#7723);
#2404=VERTEX_POINT('',#7725);
#2405=VERTEX_POINT('',#7729);
#2406=VERTEX_POINT('',#7731);
#2407=VERTEX_POINT('',#7735);
#2408=VERTEX_POINT('',#7737);
#2409=VERTEX_POINT('',#7741);
#2410=VERTEX_POINT('',#7743);
#2411=VERTEX_POINT('',#7747);
#2412=VERTEX_POINT('',#7749);
#2413=VERTEX_POINT('',#7754);
#2414=VERTEX_POINT('',#7756);
#2415=VERTEX_POINT('',#7767);
#2416=VERTEX_POINT('',#7769);
#2417=VERTEX_POINT('',#7773);
#2418=VERTEX_POINT('',#7774);
#2419=VERTEX_POINT('',#7776);
#2420=VERTEX_POINT('',#7778);
#2421=VERTEX_POINT('',#7780);
#2422=VERTEX_POINT('',#7784);
#2423=VERTEX_POINT('',#7785);
#2424=VERTEX_POINT('',#7787);
#2425=VERTEX_POINT('',#7789);
#2426=VERTEX_POINT('',#7791);
#2427=VERTEX_POINT('',#7795);
#2428=VERTEX_POINT('',#7796);
#2429=VERTEX_POINT('',#7798);
#2430=VERTEX_POINT('',#7803);
#2431=VERTEX_POINT('',#7804);
#2432=VERTEX_POINT('',#7806);
#2433=VERTEX_POINT('',#7808);
#2434=VERTEX_POINT('',#7813);
#2435=VERTEX_POINT('',#7818);
#2436=VERTEX_POINT('',#7822);
#2437=VERTEX_POINT('',#7828);
#2438=VERTEX_POINT('',#7829);
#2439=VERTEX_POINT('',#7832);
#2440=VERTEX_POINT('',#7836);
#2441=VERTEX_POINT('',#7837);
#2442=VERTEX_POINT('',#7843);
#2443=VERTEX_POINT('',#7847);
#2444=VERTEX_POINT('',#7851);
#2445=VERTEX_POINT('',#7854);
#2446=VERTEX_POINT('',#7856);
#2447=VERTEX_POINT('',#7859);
#2448=VERTEX_POINT('',#7863);
#2449=VERTEX_POINT('',#7866);
#2450=VERTEX_POINT('',#7868);
#2451=VERTEX_POINT('',#7873);
#2452=VERTEX_POINT('',#7875);
#2453=VERTEX_POINT('',#7886);
#2454=VERTEX_POINT('',#7887);
#2455=VERTEX_POINT('',#7889);
#2456=VERTEX_POINT('',#7891);
#2457=VERTEX_POINT('',#7893);
#2458=VERTEX_POINT('',#7895);
#2459=VERTEX_POINT('',#7897);
#2460=VERTEX_POINT('',#7899);
#2461=VERTEX_POINT('',#7903);
#2462=VERTEX_POINT('',#7904);
#2463=VERTEX_POINT('',#7906);
#2464=VERTEX_POINT('',#7908);
#2465=VERTEX_POINT('',#7910);
#2466=VERTEX_POINT('',#7912);
#2467=VERTEX_POINT('',#7914);
#2468=VERTEX_POINT('',#7916);
#2469=VERTEX_POINT('',#7920);
#2470=VERTEX_POINT('',#7921);
#2471=VERTEX_POINT('',#7923);
#2472=VERTEX_POINT('',#7925);
#2473=VERTEX_POINT('',#7929);
#2474=VERTEX_POINT('',#7931);
#2475=VERTEX_POINT('',#7933);
#2476=VERTEX_POINT('',#7936);
#2477=VERTEX_POINT('',#7938);
#2478=VERTEX_POINT('',#7941);
#2479=VERTEX_POINT('',#7945);
#2480=VERTEX_POINT('',#7947);
#2481=VERTEX_POINT('',#7952);
#2482=VERTEX_POINT('',#7955);
#2483=VERTEX_POINT('',#7957);
#2484=VERTEX_POINT('',#7960);
#2485=VERTEX_POINT('',#7965);
#2486=VERTEX_POINT('',#7967);
#2487=VERTEX_POINT('',#7969);
#2488=VERTEX_POINT('',#7971);
#2489=VERTEX_POINT('',#7984);
#2490=VERTEX_POINT('',#7988);
#2491=VERTEX_POINT('',#7992);
#2492=VERTEX_POINT('',#7996);
#2493=VERTEX_POINT('',#8007);
#2494=VERTEX_POINT('',#8010);
#2495=VERTEX_POINT('',#8014);
#2496=VERTEX_POINT('',#8017);
#2497=VERTEX_POINT('',#8023);
#2498=VERTEX_POINT('',#8025);
#2499=VERTEX_POINT('',#8030);
#2500=VERTEX_POINT('',#8032);
#2501=VERTEX_POINT('',#8039);
#2502=VERTEX_POINT('',#8040);
#2503=VERTEX_POINT('',#8042);
#2504=VERTEX_POINT('',#8044);
#2505=VERTEX_POINT('',#8046);
#2506=VERTEX_POINT('',#8048);
#2507=VERTEX_POINT('',#8050);
#2508=VERTEX_POINT('',#8052);
#2509=VERTEX_POINT('',#8054);
#2510=VERTEX_POINT('',#8056);
#2511=VERTEX_POINT('',#8060);
#2512=VERTEX_POINT('',#8061);
#2513=VERTEX_POINT('',#8063);
#2514=VERTEX_POINT('',#8065);
#2515=VERTEX_POINT('',#8067);
#2516=VERTEX_POINT('',#8069);
#2517=VERTEX_POINT('',#8071);
#2518=VERTEX_POINT('',#8073);
#2519=VERTEX_POINT('',#8075);
#2520=VERTEX_POINT('',#8077);
#2521=VERTEX_POINT('',#8081);
#2522=VERTEX_POINT('',#8083);
#2523=VERTEX_POINT('',#8087);
#2524=VERTEX_POINT('',#8088);
#2525=VERTEX_POINT('',#8090);
#2526=VERTEX_POINT('',#8092);
#2527=VERTEX_POINT('',#8094);
#2528=VERTEX_POINT('',#8096);
#2529=VERTEX_POINT('',#8098);
#2530=VERTEX_POINT('',#8100);
#2531=VERTEX_POINT('',#8102);
#2532=VERTEX_POINT('',#8104);
#2533=VERTEX_POINT('',#8106);
#2534=VERTEX_POINT('',#8108);
#2535=VERTEX_POINT('',#8110);
#2536=VERTEX_POINT('',#8112);
#2537=VERTEX_POINT('',#8114);
#2538=VERTEX_POINT('',#8116);
#2539=VERTEX_POINT('',#8119);
#2540=VERTEX_POINT('',#8121);
#2541=VERTEX_POINT('',#8160);
#2542=VERTEX_POINT('',#8161);
#2543=VERTEX_POINT('',#8166);
#2544=VERTEX_POINT('',#8167);
#2545=VERTEX_POINT('',#8172);
#2546=VERTEX_POINT('',#8174);
#2547=VERTEX_POINT('',#8176);
#2548=VERTEX_POINT('',#8178);
#2549=VERTEX_POINT('',#8180);
#2550=VERTEX_POINT('',#8182);
#2551=VERTEX_POINT('',#8184);
#2552=VERTEX_POINT('',#8186);
#2553=VERTEX_POINT('',#8190);
#2554=VERTEX_POINT('',#8192);
#2555=VERTEX_POINT('',#8194);
#2556=VERTEX_POINT('',#8196);
#2557=VERTEX_POINT('',#8198);
#2558=VERTEX_POINT('',#8200);
#2559=VERTEX_POINT('',#8202);
#2560=VERTEX_POINT('',#8204);
#2561=VERTEX_POINT('',#8208);
#2562=VERTEX_POINT('',#8210);
#2563=VERTEX_POINT('',#8214);
#2564=VERTEX_POINT('',#8216);
#2565=VERTEX_POINT('',#8220);
#2566=VERTEX_POINT('',#8222);
#2567=VERTEX_POINT('',#8226);
#2568=VERTEX_POINT('',#8228);
#2569=VERTEX_POINT('',#8230);
#2570=VERTEX_POINT('',#8232);
#2571=VERTEX_POINT('',#8234);
#2572=VERTEX_POINT('',#8236);
#2573=VERTEX_POINT('',#8238);
#2574=VERTEX_POINT('',#8240);
#2575=VERTEX_POINT('',#8242);
#2576=VERTEX_POINT('',#8244);
#2577=VERTEX_POINT('',#8247);
#2578=VERTEX_POINT('',#8249);
#2579=VERTEX_POINT('',#8252);
#2580=VERTEX_POINT('',#8254);
#2581=VERTEX_POINT('',#8305);
#2582=VERTEX_POINT('',#8306);
#2583=VERTEX_POINT('',#8308);
#2584=VERTEX_POINT('',#8310);
#2585=VERTEX_POINT('',#8312);
#2586=VERTEX_POINT('',#8314);
#2587=VERTEX_POINT('',#8316);
#2588=VERTEX_POINT('',#8318);
#2589=VERTEX_POINT('',#8322);
#2590=VERTEX_POINT('',#8324);
#2591=VERTEX_POINT('',#8327);
#2592=VERTEX_POINT('',#8329);
#2593=VERTEX_POINT('',#8332);
#2594=VERTEX_POINT('',#8335);
#2595=VERTEX_POINT('',#8336);
#2596=VERTEX_POINT('',#8338);
#2597=VERTEX_POINT('',#8340);
#2598=VERTEX_POINT('',#8342);
#2599=VERTEX_POINT('',#8344);
#2600=VERTEX_POINT('',#8346);
#2601=VERTEX_POINT('',#8349);
#2602=VERTEX_POINT('',#8350);
#2603=VERTEX_POINT('',#8352);
#2604=VERTEX_POINT('',#8354);
#2605=VERTEX_POINT('',#8357);
#2606=VERTEX_POINT('',#8358);
#2607=VERTEX_POINT('',#8360);
#2608=VERTEX_POINT('',#8362);
#2609=VERTEX_POINT('',#8366);
#2610=VERTEX_POINT('',#8367);
#2611=VERTEX_POINT('',#8369);
#2612=VERTEX_POINT('',#8371);
#2613=VERTEX_POINT('',#8373);
#2614=VERTEX_POINT('',#8375);
#2615=VERTEX_POINT('',#8377);
#2616=VERTEX_POINT('',#8379);
#2617=VERTEX_POINT('',#8383);
#2618=VERTEX_POINT('',#8384);
#2619=VERTEX_POINT('',#8387);
#2620=VERTEX_POINT('',#8389);
#2621=VERTEX_POINT('',#8393);
#2622=VERTEX_POINT('',#8399);
#2623=VERTEX_POINT('',#8400);
#2624=VERTEX_POINT('',#8402);
#2625=VERTEX_POINT('',#8404);
#2626=VERTEX_POINT('',#8406);
#2627=VERTEX_POINT('',#8408);
#2628=VERTEX_POINT('',#8410);
#2629=VERTEX_POINT('',#8412);
#2630=VERTEX_POINT('',#8414);
#2631=VERTEX_POINT('',#8416);
#2632=VERTEX_POINT('',#8418);
#2633=VERTEX_POINT('',#8420);
#2634=VERTEX_POINT('',#8422);
#2635=VERTEX_POINT('',#8424);
#2636=VERTEX_POINT('',#8426);
#2637=VERTEX_POINT('',#8429);
#2638=VERTEX_POINT('',#8430);
#2639=VERTEX_POINT('',#8432);
#2640=VERTEX_POINT('',#8434);
#2641=VERTEX_POINT('',#8438);
#2642=VERTEX_POINT('',#8439);
#2643=VERTEX_POINT('',#8441);
#2644=VERTEX_POINT('',#8443);
#2645=VERTEX_POINT('',#8445);
#2646=VERTEX_POINT('',#8447);
#2647=VERTEX_POINT('',#8449);
#2648=VERTEX_POINT('',#8451);
#2649=VERTEX_POINT('',#8454);
#2650=VERTEX_POINT('',#8457);
#2651=VERTEX_POINT('',#8459);
#2652=VERTEX_POINT('',#8463);
#2653=VERTEX_POINT('',#8465);
#2654=VERTEX_POINT('',#8469);
#2655=VERTEX_POINT('',#8470);
#2656=VERTEX_POINT('',#8472);
#2657=VERTEX_POINT('',#8474);
#2658=VERTEX_POINT('',#8478);
#2659=VERTEX_POINT('',#8479);
#2660=VERTEX_POINT('',#8481);
#2661=VERTEX_POINT('',#8483);
#2662=VERTEX_POINT('',#8487);
#2663=VERTEX_POINT('',#8489);
#2664=VERTEX_POINT('',#8492);
#2665=VERTEX_POINT('',#8494);
#2666=VERTEX_POINT('',#8497);
#2667=VERTEX_POINT('',#8500);
#2668=VERTEX_POINT('',#8502);
#2669=VERTEX_POINT('',#8506);
#2670=VERTEX_POINT('',#8508);
#2671=VERTEX_POINT('',#8512);
#2672=VERTEX_POINT('',#8514);
#2673=VERTEX_POINT('',#8516);
#2674=VERTEX_POINT('',#8518);
#2675=VERTEX_POINT('',#8520);
#2676=VERTEX_POINT('',#8528);
#2677=VERTEX_POINT('',#8529);
#2678=VERTEX_POINT('',#8534);
#2679=VERTEX_POINT('',#8540);
#2680=VERTEX_POINT('',#8542);
#2681=VERTEX_POINT('',#8546);
#2682=VERTEX_POINT('',#8548);
#2683=VERTEX_POINT('',#8557);
#2684=VERTEX_POINT('',#8561);
#2685=VERTEX_POINT('',#8578);
#2686=VERTEX_POINT('',#8580);
#2687=VERTEX_POINT('',#8593);
#2688=VERTEX_POINT('',#8599);
#2689=VERTEX_POINT('',#8633);
#2690=VERTEX_POINT('',#8634);
#2691=VERTEX_POINT('',#8636);
#2692=VERTEX_POINT('',#8638);
#2693=VERTEX_POINT('',#8640);
#2694=VERTEX_POINT('',#8642);
#2695=VERTEX_POINT('',#8644);
#2696=VERTEX_POINT('',#8646);
#2697=VERTEX_POINT('',#8650);
#2698=VERTEX_POINT('',#8652);
#2699=VERTEX_POINT('',#8654);
#2700=VERTEX_POINT('',#8657);
#2701=VERTEX_POINT('',#8660);
#2702=VERTEX_POINT('',#8663);
#2703=VERTEX_POINT('',#8664);
#2704=VERTEX_POINT('',#8666);
#2705=VERTEX_POINT('',#8668);
#2706=VERTEX_POINT('',#8670);
#2707=VERTEX_POINT('',#8672);
#2708=VERTEX_POINT('',#8674);
#2709=VERTEX_POINT('',#8676);
#2710=VERTEX_POINT('',#8680);
#2711=VERTEX_POINT('',#8682);
#2712=VERTEX_POINT('',#8685);
#2713=VERTEX_POINT('',#8687);
#2714=VERTEX_POINT('',#8690);
#2715=VERTEX_POINT('',#8693);
#2716=VERTEX_POINT('',#8695);
#2717=VERTEX_POINT('',#8697);
#2718=VERTEX_POINT('',#8699);
#2719=VERTEX_POINT('',#8701);
#2720=VERTEX_POINT('',#8703);
#2721=VERTEX_POINT('',#8708);
#2722=VERTEX_POINT('',#8709);
#2723=VERTEX_POINT('',#8713);
#2724=VERTEX_POINT('',#8715);
#2725=VERTEX_POINT('',#8717);
#2726=VERTEX_POINT('',#8719);
#2727=VERTEX_POINT('',#8723);
#2728=VERTEX_POINT('',#8725);
#2729=VERTEX_POINT('',#8729);
#2730=VERTEX_POINT('',#8731);
#2731=VERTEX_POINT('',#8735);
#2732=VERTEX_POINT('',#8739);
#2733=VERTEX_POINT('',#8743);
#2734=VERTEX_POINT('',#8747);
#2735=VERTEX_POINT('',#8752);
#2736=VERTEX_POINT('',#8754);
#2737=VERTEX_POINT('',#8757);
#2738=VERTEX_POINT('',#8760);
#2739=VERTEX_POINT('',#8762);
#2740=VERTEX_POINT('',#8766);
#2741=VERTEX_POINT('',#8769);
#2742=VERTEX_POINT('',#8772);
#2743=VERTEX_POINT('',#8776);
#2744=VERTEX_POINT('',#8778);
#2745=EDGE_CURVE('',#2277,#2277,#2164,.T.);
#2746=EDGE_CURVE('',#2277,#2278,#966,.T.);
#2747=EDGE_CURVE('',#2278,#2278,#2165,.T.);
#2748=EDGE_CURVE('',#2279,#2280,#967,.T.);
#2749=EDGE_CURVE('',#2281,#2279,#968,.T.);
#2750=EDGE_CURVE('',#2282,#2281,#969,.T.);
#2751=EDGE_CURVE('',#2280,#2282,#970,.T.);
#2752=EDGE_CURVE('',#2280,#2283,#971,.T.);
#2753=EDGE_CURVE('',#2284,#2282,#972,.T.);
#2754=EDGE_CURVE('',#2284,#2283,#973,.T.);
#2755=EDGE_CURVE('',#2285,#2286,#974,.T.);
#2756=EDGE_CURVE('',#2285,#2287,#975,.T.);
#2757=EDGE_CURVE('',#2288,#2287,#976,.T.);
#2758=EDGE_CURVE('',#2288,#2286,#977,.T.);
#2759=EDGE_CURVE('',#2279,#2289,#2166,.T.);
#2760=EDGE_CURVE('',#2290,#2283,#978,.T.);
#2761=EDGE_CURVE('',#2291,#2290,#979,.T.);
#2762=EDGE_CURVE('',#2285,#2291,#980,.T.);
#2763=EDGE_CURVE('',#2292,#2286,#2167,.T.);
#2764=EDGE_CURVE('',#2293,#2292,#981,.T.);
#2765=EDGE_CURVE('',#2294,#2293,#2168,.T.);
#2766=EDGE_CURVE('',#2295,#2294,#982,.T.);
#2767=EDGE_CURVE('',#2296,#2295,#2169,.T.);
#2768=EDGE_CURVE('',#2289,#2296,#983,.T.);
#2769=EDGE_CURVE('',#2297,#2297,#2170,.T.);
#2770=EDGE_CURVE('',#2298,#2298,#2171,.F.);
#2771=EDGE_CURVE('',#2299,#2299,#2172,.F.);
#2772=EDGE_CURVE('',#2300,#2300,#2173,.F.);
#2773=EDGE_CURVE('',#2301,#2301,#2174,.F.);
#2774=EDGE_CURVE('',#2281,#2302,#2175,.T.);
#2775=EDGE_CURVE('',#2302,#2303,#984,.T.);
#2776=EDGE_CURVE('',#2303,#2304,#2176,.T.);
#2777=EDGE_CURVE('',#2304,#2305,#985,.T.);
#2778=EDGE_CURVE('',#2305,#2306,#2177,.T.);
#2779=EDGE_CURVE('',#2306,#2307,#986,.T.);
#2780=EDGE_CURVE('',#2307,#2288,#2178,.T.);
#2781=EDGE_CURVE('',#2287,#2308,#987,.T.);
#2782=EDGE_CURVE('',#2308,#2309,#988,.T.);
#2783=EDGE_CURVE('',#2309,#2284,#989,.T.);
#2784=EDGE_CURVE('',#2310,#2310,#2179,.F.);
#2785=EDGE_CURVE('',#2311,#2311,#2180,.F.);
#2786=EDGE_CURVE('',#2312,#2312,#2181,.F.);
#2787=EDGE_CURVE('',#2313,#2313,#2182,.F.);
#2788=EDGE_CURVE('',#2314,#2314,#2183,.F.);
#2789=EDGE_CURVE('',#2302,#2289,#990,.T.);
#2790=EDGE_CURVE('',#2290,#2309,#991,.T.);
#2791=EDGE_CURVE('',#2307,#2292,#992,.T.);
#2792=EDGE_CURVE('',#2291,#2308,#993,.T.);
#2793=EDGE_CURVE('',#2304,#2295,#994,.T.);
#2794=EDGE_CURVE('',#2303,#2296,#995,.T.);
#2795=EDGE_CURVE('',#2305,#2294,#996,.T.);
#2796=EDGE_CURVE('',#2306,#2293,#997,.T.);
#2797=EDGE_CURVE('',#2310,#2301,#998,.T.);
#2798=EDGE_CURVE('',#2311,#2300,#999,.T.);
#2799=EDGE_CURVE('',#2312,#2299,#1000,.T.);
#2800=EDGE_CURVE('',#2313,#2298,#1001,.T.);
#2801=EDGE_CURVE('',#2314,#2297,#1002,.T.);
#2802=EDGE_CURVE('',#2315,#2316,#1003,.T.);
#2803=EDGE_CURVE('',#2317,#2315,#1004,.T.);
#2804=EDGE_CURVE('',#2317,#2318,#1005,.T.);
#2805=EDGE_CURVE('',#2318,#2316,#1006,.T.);
#2806=EDGE_CURVE('',#2319,#2320,#1007,.T.);
#2807=EDGE_CURVE('',#2320,#2321,#1008,.T.);
#2808=EDGE_CURVE('',#2322,#2321,#1009,.T.);
#2809=EDGE_CURVE('',#2319,#2322,#1010,.T.);
#2810=EDGE_CURVE('',#2321,#2323,#2184,.T.);
#2811=EDGE_CURVE('',#2324,#2323,#1011,.T.);
#2812=EDGE_CURVE('',#2322,#2324,#2185,.T.);
#2813=EDGE_CURVE('',#2323,#2325,#1012,.T.);
#2814=EDGE_CURVE('',#2326,#2325,#1013,.T.);
#2815=EDGE_CURVE('',#2324,#2326,#1014,.T.);
#2816=EDGE_CURVE('',#2327,#2328,#1015,.T.);
#2817=EDGE_CURVE('',#2327,#2329,#1016,.T.);
#2818=EDGE_CURVE('',#2329,#2330,#1017,.T.);
#2819=EDGE_CURVE('',#2328,#2330,#1018,.T.);
#2820=EDGE_CURVE('',#2331,#2331,#2186,.T.);
#2821=EDGE_CURVE('',#2331,#2332,#1019,.T.);
#2822=EDGE_CURVE('',#2332,#2332,#2187,.T.);
#2823=EDGE_CURVE('',#2330,#2318,#2188,.T.);
#2824=EDGE_CURVE('',#2328,#2317,#2189,.T.);
#2825=EDGE_CURVE('',#2333,#2334,#1020,.T.);
#2826=EDGE_CURVE('',#2334,#2335,#2190,.T.);
#2827=EDGE_CURVE('',#2335,#2319,#1021,.T.);
#2828=EDGE_CURVE('',#2336,#2326,#1022,.T.);
#2829=EDGE_CURVE('',#2336,#2337,#2191,.T.);
#2830=EDGE_CURVE('',#2338,#2337,#1023,.T.);
#2831=EDGE_CURVE('',#2338,#2339,#2192,.T.);
#2832=EDGE_CURVE('',#2327,#2339,#1024,.T.);
#2833=EDGE_CURVE('',#2315,#2340,#1025,.T.);
#2834=EDGE_CURVE('',#2340,#2333,#2193,.T.);
#2835=EDGE_CURVE('',#2341,#2320,#1026,.T.);
#2836=EDGE_CURVE('',#2341,#2342,#2194,.F.);
#2837=EDGE_CURVE('',#2343,#2342,#1027,.T.);
#2838=EDGE_CURVE('',#2343,#2344,#2195,.F.);
#2839=EDGE_CURVE('',#2316,#2344,#1028,.T.);
#2840=EDGE_CURVE('',#2329,#2345,#1029,.T.);
#2841=EDGE_CURVE('',#2345,#2346,#2196,.F.);
#2842=EDGE_CURVE('',#2346,#2347,#1030,.T.);
#2843=EDGE_CURVE('',#2347,#2348,#2197,.F.);
#2844=EDGE_CURVE('',#2348,#2325,#1031,.T.);
#2845=EDGE_CURVE('',#2344,#2340,#1032,.F.);
#2846=EDGE_CURVE('',#2342,#2334,#1033,.F.);
#2847=EDGE_CURVE('',#2333,#2343,#1034,.T.);
#2848=EDGE_CURVE('',#2335,#2341,#1035,.T.);
#2849=EDGE_CURVE('',#2348,#2336,#1036,.F.);
#2850=EDGE_CURVE('',#2339,#2345,#1037,.T.);
#2851=EDGE_CURVE('',#2346,#2338,#1038,.F.);
#2852=EDGE_CURVE('',#2337,#2347,#1039,.T.);
#2853=EDGE_CURVE('',#2349,#2349,#2198,.T.);
#2854=EDGE_CURVE('',#2350,#2351,#1040,.T.);
#2855=EDGE_CURVE('',#2350,#2352,#1041,.T.);
#2856=EDGE_CURVE('',#2352,#2353,#1042,.T.);
#2857=EDGE_CURVE('',#2353,#2351,#1043,.F.);
#2858=EDGE_CURVE('',#2354,#2355,#1044,.T.);
#2859=EDGE_CURVE('',#2356,#2355,#1045,.T.);
#2860=EDGE_CURVE('',#2357,#2356,#1046,.T.);
#2861=EDGE_CURVE('',#2358,#2357,#1047,.T.);
#2862=EDGE_CURVE('',#2359,#2358,#1048,.T.);
#2863=EDGE_CURVE('',#2359,#2354,#1049,.T.);
#2864=EDGE_CURVE('',#2360,#2361,#1050,.T.);
#2865=EDGE_CURVE('',#2361,#2362,#1051,.T.);
#2866=EDGE_CURVE('',#2362,#2363,#1052,.T.);
#2867=EDGE_CURVE('',#2363,#2360,#1053,.T.);
#2868=EDGE_CURVE('',#2364,#2359,#1054,.T.);
#2869=EDGE_CURVE('',#2364,#2365,#1055,.T.);
#2870=EDGE_CURVE('',#2365,#2354,#1056,.T.);
#2871=EDGE_CURVE('',#2366,#2366,#2199,.T.);
#2872=EDGE_CURVE('',#2364,#2367,#1057,.T.);
#2873=EDGE_CURVE('',#2367,#2358,#1058,.T.);
#2874=EDGE_CURVE('',#2367,#2368,#1059,.T.);
#2875=EDGE_CURVE('',#2368,#2357,#1060,.T.);
#2876=EDGE_CURVE('',#2369,#2368,#1061,.T.);
#2877=EDGE_CURVE('',#2356,#2369,#1062,.T.);
#2878=EDGE_CURVE('',#2355,#2370,#1063,.T.);
#2879=EDGE_CURVE('',#2369,#2370,#1064,.T.);
#2880=EDGE_CURVE('',#2370,#2365,#1065,.T.);
#2881=EDGE_CURVE('',#2371,#2372,#1066,.T.);
#2882=EDGE_CURVE('',#2373,#2371,#1067,.T.);
#2883=EDGE_CURVE('',#2374,#2373,#1068,.T.);
#2884=EDGE_CURVE('',#2372,#2374,#1069,.T.);
#2885=EDGE_CURVE('',#2375,#2360,#1070,.T.);
#2886=EDGE_CURVE('',#2375,#2376,#1071,.T.);
#2887=EDGE_CURVE('',#2376,#2361,#1072,.T.);
#2888=EDGE_CURVE('',#2376,#2377,#1073,.T.);
#2889=EDGE_CURVE('',#2377,#2362,#1074,.T.);
#2890=EDGE_CURVE('',#2377,#2378,#1075,.T.);
#2891=EDGE_CURVE('',#2378,#2363,#1076,.T.);
#2892=EDGE_CURVE('',#2378,#2375,#1077,.T.);
#2893=EDGE_CURVE('',#2379,#2371,#1078,.T.);
#2894=EDGE_CURVE('',#2380,#2379,#1079,.T.);
#2895=EDGE_CURVE('',#2380,#2373,#1080,.T.);
#2896=EDGE_CURVE('',#2381,#2372,#1081,.T.);
#2897=EDGE_CURVE('',#2379,#2381,#1082,.T.);
#2898=EDGE_CURVE('',#2382,#2374,#1083,.T.);
#2899=EDGE_CURVE('',#2381,#2382,#1084,.T.);
#2900=EDGE_CURVE('',#2382,#2380,#1085,.T.);
#2901=EDGE_CURVE('',#2366,#2383,#1086,.T.);
#2902=EDGE_CURVE('',#2383,#2383,#2200,.T.);
#2903=EDGE_CURVE('',#2384,#2384,#2201,.T.);
#2904=EDGE_CURVE('',#2384,#2385,#1087,.T.);
#2905=EDGE_CURVE('',#2385,#2385,#2202,.F.);
#2906=EDGE_CURVE('',#2386,#2386,#2203,.T.);
#2907=EDGE_CURVE('',#2386,#2387,#2204,.T.);
#2908=EDGE_CURVE('',#2387,#2387,#2205,.T.);
#2909=EDGE_CURVE('',#2388,#2388,#2206,.F.);
#2910=EDGE_CURVE('',#2388,#2349,#1088,.T.);
#2911=EDGE_CURVE('',#2350,#2351,#2207,.T.);
#2912=EDGE_CURVE('',#2352,#2353,#2208,.T.);
#2913=EDGE_CURVE('',#2389,#2389,#2209,.T.);
#2914=EDGE_CURVE('',#2390,#2390,#2210,.T.);
#2915=EDGE_CURVE('',#2389,#2390,#1089,.T.);
#2916=EDGE_CURVE('',#2391,#2392,#1090,.T.);
#2917=EDGE_CURVE('',#2393,#2391,#1091,.T.);
#2918=EDGE_CURVE('',#2394,#2393,#1092,.T.);
#2919=EDGE_CURVE('',#2394,#2392,#1093,.T.);
#2920=EDGE_CURVE('',#2395,#2396,#1094,.T.);
#2921=EDGE_CURVE('',#2395,#2397,#1095,.T.);
#2922=EDGE_CURVE('',#2397,#2398,#1096,.T.);
#2923=EDGE_CURVE('',#2392,#2398,#1097,.T.);
#2924=EDGE_CURVE('',#2396,#2394,#1098,.T.);
#2925=EDGE_CURVE('',#2398,#2399,#1099,.T.);
#2926=EDGE_CURVE('',#2397,#2400,#1100,.T.);
#2927=EDGE_CURVE('',#2400,#2399,#1101,.T.);
#2928=EDGE_CURVE('',#2399,#2401,#1102,.T.);
#2929=EDGE_CURVE('',#2400,#2402,#1103,.T.);
#2930=EDGE_CURVE('',#2402,#2401,#1104,.T.);
#2931=EDGE_CURVE('',#2401,#2403,#1105,.T.);
#2932=EDGE_CURVE('',#2402,#2404,#1106,.T.);
#2933=EDGE_CURVE('',#2404,#2403,#1107,.T.);
#2934=EDGE_CURVE('',#2403,#2405,#1108,.T.);
#2935=EDGE_CURVE('',#2404,#2406,#1109,.T.);
#2936=EDGE_CURVE('',#2406,#2405,#1110,.T.);
#2937=EDGE_CURVE('',#2405,#2407,#1111,.T.);
#2938=EDGE_CURVE('',#2406,#2408,#1112,.T.);
#2939=EDGE_CURVE('',#2408,#2407,#1113,.T.);
#2940=EDGE_CURVE('',#2409,#2409,#2211,.T.);
#2941=EDGE_CURVE('',#2409,#2410,#1114,.T.);
#2942=EDGE_CURVE('',#2410,#2410,#2212,.T.);
#2943=EDGE_CURVE('',#2411,#2411,#2213,.T.);
#2944=EDGE_CURVE('',#2411,#2412,#1115,.T.);
#2945=EDGE_CURVE('',#2412,#2412,#2214,.T.);
#2946=EDGE_CURVE('',#2407,#2391,#1116,.T.);
#2947=EDGE_CURVE('',#2408,#2413,#1117,.T.);
#2948=EDGE_CURVE('',#2413,#2414,#1118,.T.);
#2949=EDGE_CURVE('',#2414,#2393,#1119,.T.);
#2950=EDGE_CURVE('',#2395,#2413,#1120,.T.);
#2951=EDGE_CURVE('',#2396,#2414,#1121,.T.);
#2952=EDGE_CURVE('',#2415,#2415,#2215,.F.);
#2953=EDGE_CURVE('',#2415,#2416,#1122,.T.);
#2954=EDGE_CURVE('',#2416,#2416,#2216,.T.);
#2955=EDGE_CURVE('',#2417,#2418,#1123,.T.);
#2956=EDGE_CURVE('',#2418,#2419,#1124,.T.);
#2957=EDGE_CURVE('',#2420,#2419,#1125,.T.);
#2958=EDGE_CURVE('',#2420,#2421,#1126,.T.);
#2959=EDGE_CURVE('',#2421,#2417,#1127,.T.);
#2960=EDGE_CURVE('',#2422,#2423,#1128,.T.);
#2961=EDGE_CURVE('',#2424,#2422,#1129,.T.);
#2962=EDGE_CURVE('',#2425,#2424,#1130,.T.);
#2963=EDGE_CURVE('',#2426,#2425,#1131,.T.);
#2964=EDGE_CURVE('',#2426,#2423,#1132,.T.);
#2965=EDGE_CURVE('',#2427,#2428,#1133,.T.);
#2966=EDGE_CURVE('',#2429,#2428,#1134,.T.);
#2967=EDGE_CURVE('',#2425,#2429,#1135,.T.);
#2968=EDGE_CURVE('',#2424,#2427,#1136,.T.);
#2969=EDGE_CURVE('',#2430,#2431,#1137,.T.);
#2970=EDGE_CURVE('',#2432,#2431,#1138,.T.);
#2971=EDGE_CURVE('',#2433,#2432,#1139,.T.);
#2972=EDGE_CURVE('',#2429,#2433,#1140,.T.);
#2973=EDGE_CURVE('',#2428,#2430,#1141,.T.);
#2974=EDGE_CURVE('',#2432,#2434,#1142,.T.);
#2975=EDGE_CURVE('',#2417,#2434,#1143,.T.);
#2976=EDGE_CURVE('',#2433,#2421,#1144,.T.);
#2977=EDGE_CURVE('',#2435,#2426,#1145,.T.);
#2978=EDGE_CURVE('',#2423,#2435,#1146,.T.);
#2979=EDGE_CURVE('',#2420,#2436,#1147,.T.);
#2980=EDGE_CURVE('',#2436,#2419,#1148,.T.);
#2981=EDGE_CURVE('',#2436,#2435,#1149,.T.);
#2982=EDGE_CURVE('',#2437,#2438,#1150,.T.);
#2983=EDGE_CURVE('',#2418,#2438,#1151,.T.);
#2984=EDGE_CURVE('',#2434,#2439,#1152,.T.);
#2985=EDGE_CURVE('',#2437,#2439,#1153,.T.);
#2986=EDGE_CURVE('',#2440,#2441,#1154,.T.);
#2987=EDGE_CURVE('',#2438,#2440,#1155,.T.);
#2988=EDGE_CURVE('',#2441,#2437,#1156,.T.);
#2989=EDGE_CURVE('',#2440,#2422,#1157,.T.);
#2990=EDGE_CURVE('',#2441,#2442,#1158,.T.);
#2991=EDGE_CURVE('',#2442,#2427,#1159,.T.);
#2992=EDGE_CURVE('',#2443,#2428,#1160,.T.);
#2993=EDGE_CURVE('',#2443,#2442,#1161,.T.);
#2994=EDGE_CURVE('',#2444,#2430,#1162,.T.);
#2995=EDGE_CURVE('',#2443,#2444,#1163,.T.);
#2996=EDGE_CURVE('',#2445,#2445,#2217,.T.);
#2997=EDGE_CURVE('',#2446,#2446,#2218,.T.);
#2998=EDGE_CURVE('',#2447,#2444,#1164,.T.);
#2999=EDGE_CURVE('',#2431,#2447,#1165,.T.);
#3000=EDGE_CURVE('',#2448,#2447,#1166,.T.);
#3001=EDGE_CURVE('',#2432,#2448,#1167,.T.);
#3002=EDGE_CURVE('',#2449,#2449,#2219,.F.);
#3003=EDGE_CURVE('',#2450,#2450,#2220,.T.);
#3004=EDGE_CURVE('',#2439,#2448,#1168,.T.);
#3005=EDGE_CURVE('',#2451,#2451,#2221,.F.);
#3006=EDGE_CURVE('',#2451,#2452,#1169,.T.);
#3007=EDGE_CURVE('',#2452,#2452,#2222,.T.);
#3008=EDGE_CURVE('',#2450,#2446,#1170,.T.);
#3009=EDGE_CURVE('',#2449,#2445,#1171,.T.);
#3010=EDGE_CURVE('',#2453,#2454,#1172,.T.);
#3011=EDGE_CURVE('',#2453,#2455,#1173,.T.);
#3012=EDGE_CURVE('',#2455,#2456,#1174,.T.);
#3013=EDGE_CURVE('',#2456,#2457,#1175,.T.);
#3014=EDGE_CURVE('',#2457,#2458,#2223,.T.);
#3015=EDGE_CURVE('',#2458,#2459,#1176,.T.);
#3016=EDGE_CURVE('',#2459,#2460,#1177,.T.);
#3017=EDGE_CURVE('',#2460,#2454,#1178,.T.);
#3018=EDGE_CURVE('',#2461,#2462,#1179,.T.);
#3019=EDGE_CURVE('',#2461,#2463,#1180,.T.);
#3020=EDGE_CURVE('',#2463,#2464,#1181,.T.);
#3021=EDGE_CURVE('',#2464,#2465,#1182,.T.);
#3022=EDGE_CURVE('',#2465,#2466,#2224,.T.);
#3023=EDGE_CURVE('',#2466,#2467,#1183,.T.);
#3024=EDGE_CURVE('',#2467,#2468,#1184,.T.);
#3025=EDGE_CURVE('',#2468,#2462,#1185,.T.);
#3026=EDGE_CURVE('',#2469,#2470,#1186,.T.);
#3027=EDGE_CURVE('',#2471,#2470,#1187,.T.);
#3028=EDGE_CURVE('',#2472,#2471,#1188,.T.);
#3029=EDGE_CURVE('',#2472,#2469,#1189,.T.);
#3030=EDGE_CURVE('',#2470,#2473,#1190,.T.);
#3031=EDGE_CURVE('',#2474,#2473,#1191,.T.);
#3032=EDGE_CURVE('',#2474,#2475,#1192,.T.);
#3033=EDGE_CURVE('',#2455,#2475,#1193,.T.);
#3034=EDGE_CURVE('',#2476,#2453,#1194,.T.);
#3035=EDGE_CURVE('',#2477,#2476,#1195,.T.);
#3036=EDGE_CURVE('',#2477,#2462,#1196,.T.);
#3037=EDGE_CURVE('',#2468,#2478,#1197,.T.);
#3038=EDGE_CURVE('',#2478,#2471,#1198,.T.);
#3039=EDGE_CURVE('',#2473,#2479,#1199,.T.);
#3040=EDGE_CURVE('',#2480,#2479,#1200,.T.);
#3041=EDGE_CURVE('',#2474,#2480,#1201,.T.);
#3042=EDGE_CURVE('',#2479,#2469,#1202,.T.);
#3043=EDGE_CURVE('',#2472,#2481,#1203,.T.);
#3044=EDGE_CURVE('',#2463,#2481,#1204,.T.);
#3045=EDGE_CURVE('',#2482,#2461,#1205,.T.);
#3046=EDGE_CURVE('',#2483,#2482,#1206,.T.);
#3047=EDGE_CURVE('',#2483,#2454,#1207,.T.);
#3048=EDGE_CURVE('',#2460,#2484,#1208,.T.);
#3049=EDGE_CURVE('',#2484,#2480,#1209,.T.);
#3050=EDGE_CURVE('',#2485,#2478,#1210,.T.);
#3051=EDGE_CURVE('',#2486,#2485,#1211,.T.);
#3052=EDGE_CURVE('',#2487,#2486,#2225,.T.);
#3053=EDGE_CURVE('',#2488,#2487,#1212,.T.);
#3054=EDGE_CURVE('',#2481,#2488,#1213,.T.);
#3055=EDGE_CURVE('',#2464,#2488,#1214,.T.);
#3056=EDGE_CURVE('',#2465,#2487,#1215,.T.);
#3057=EDGE_CURVE('',#2466,#2486,#1216,.T.);
#3058=EDGE_CURVE('',#2467,#2485,#1217,.T.);
#3059=EDGE_CURVE('',#2475,#2489,#1218,.T.);
#3060=EDGE_CURVE('',#2456,#2489,#1219,.T.);
#3061=EDGE_CURVE('',#2489,#2490,#1220,.T.);
#3062=EDGE_CURVE('',#2457,#2490,#1221,.T.);
#3063=EDGE_CURVE('',#2490,#2491,#2226,.T.);
#3064=EDGE_CURVE('',#2458,#2491,#1222,.T.);
#3065=EDGE_CURVE('',#2491,#2492,#1223,.T.);
#3066=EDGE_CURVE('',#2459,#2492,#1224,.T.);
#3067=EDGE_CURVE('',#2492,#2484,#1225,.T.);
#3068=EDGE_CURVE('',#2476,#2483,#1226,.T.);
#3069=EDGE_CURVE('',#2482,#2477,#1227,.T.);
#3070=EDGE_CURVE('',#2493,#2493,#2227,.T.);
#3071=EDGE_CURVE('',#2493,#2494,#1228,.T.);
#3072=EDGE_CURVE('',#2494,#2494,#2228,.T.);
#3073=EDGE_CURVE('',#2495,#2495,#2229,.T.);
#3074=EDGE_CURVE('',#2495,#2496,#1229,.T.);
#3075=EDGE_CURVE('',#2496,#2496,#2230,.T.);
#3076=EDGE_CURVE('',#2497,#2497,#2231,.T.);
#3077=EDGE_CURVE('',#2497,#2498,#1230,.T.);
#3078=EDGE_CURVE('',#2498,#2498,#2232,.T.);
#3079=EDGE_CURVE('',#2499,#2499,#2233,.T.);
#3080=EDGE_CURVE('',#2499,#2500,#1231,.T.);
#3081=EDGE_CURVE('',#2500,#2500,#2234,.T.);
#3082=EDGE_CURVE('',#2501,#2502,#1232,.T.);
#3083=EDGE_CURVE('',#2501,#2503,#2235,.T.);
#3084=EDGE_CURVE('',#2504,#2503,#1233,.T.);
#3085=EDGE_CURVE('',#2505,#2504,#1234,.T.);
#3086=EDGE_CURVE('',#2506,#2505,#1235,.T.);
#3087=EDGE_CURVE('',#2506,#2507,#2236,.T.);
#3088=EDGE_CURVE('',#2507,#2508,#1236,.T.);
#3089=EDGE_CURVE('',#2509,#2508,#1237,.T.);
#3090=EDGE_CURVE('',#2510,#2509,#1238,.T.);
#3091=EDGE_CURVE('',#2510,#2502,#2237,.T.);
#3092=EDGE_CURVE('',#2511,#2512,#1239,.T.);
#3093=EDGE_CURVE('',#2511,#2513,#2238,.T.);
#3094=EDGE_CURVE('',#2513,#2514,#1240,.T.);
#3095=EDGE_CURVE('',#2514,#2515,#1241,.T.);
#3096=EDGE_CURVE('',#2516,#2515,#1242,.T.);
#3097=EDGE_CURVE('',#2516,#2517,#2239,.T.);
#3098=EDGE_CURVE('',#2518,#2517,#1243,.T.);
#3099=EDGE_CURVE('',#2519,#2518,#1244,.T.);
#3100=EDGE_CURVE('',#2520,#2519,#1245,.T.);
#3101=EDGE_CURVE('',#2520,#2512,#2240,.T.);
#3102=EDGE_CURVE('',#2521,#2520,#1246,.T.);
#3103=EDGE_CURVE('',#2522,#2521,#2241,.T.);
#3104=EDGE_CURVE('',#2512,#2522,#1247,.T.);
#3105=EDGE_CURVE('',#2523,#2524,#2242,.T.);
#3106=EDGE_CURVE('',#2524,#2525,#1248,.T.);
#3107=EDGE_CURVE('',#2526,#2525,#1249,.T.);
#3108=EDGE_CURVE('',#2527,#2526,#1250,.T.);
#3109=EDGE_CURVE('',#2527,#2528,#2243,.T.);
#3110=EDGE_CURVE('',#2529,#2528,#1251,.T.);
#3111=EDGE_CURVE('',#2530,#2529,#2244,.T.);
#3112=EDGE_CURVE('',#2530,#2531,#1252,.T.);
#3113=EDGE_CURVE('',#2531,#2532,#1253,.T.);
#3114=EDGE_CURVE('',#2532,#2533,#1254,.T.);
#3115=EDGE_CURVE('',#2534,#2533,#2245,.T.);
#3116=EDGE_CURVE('',#2535,#2534,#1255,.T.);
#3117=EDGE_CURVE('',#2535,#2536,#1256,.T.);
#3118=EDGE_CURVE('',#2536,#2537,#1257,.T.);
#3119=EDGE_CURVE('',#2538,#2537,#2246,.T.);
#3120=EDGE_CURVE('',#2522,#2538,#1258,.T.);
#3121=EDGE_CURVE('',#2521,#2539,#1259,.T.);
#3122=EDGE_CURVE('',#2539,#2540,#1260,.T.);
#3123=EDGE_CURVE('',#2540,#2523,#1261,.T.);
#3124=EDGE_CURVE('',#2527,#2513,#1262,.T.);
#3125=EDGE_CURVE('',#2511,#2528,#1263,.T.);
#3126=EDGE_CURVE('',#2517,#2523,#1264,.T.);
#3127=EDGE_CURVE('',#2516,#2524,#1265,.T.);
#3128=EDGE_CURVE('',#2537,#2503,#1266,.T.);
#3129=EDGE_CURVE('',#2501,#2538,#1267,.T.);
#3130=EDGE_CURVE('',#2530,#2510,#1268,.T.);
#3131=EDGE_CURVE('',#2502,#2529,#1269,.T.);
#3132=EDGE_CURVE('',#2533,#2507,#1270,.T.);
#3133=EDGE_CURVE('',#2506,#2534,#1271,.T.);
#3134=EDGE_CURVE('',#2532,#2508,#1272,.T.);
#3135=EDGE_CURVE('',#2535,#2505,#1273,.T.);
#3136=EDGE_CURVE('',#2531,#2509,#1274,.T.);
#3137=EDGE_CURVE('',#2536,#2504,#1275,.T.);
#3138=EDGE_CURVE('',#2525,#2515,#1276,.T.);
#3139=EDGE_CURVE('',#2540,#2518,#1277,.T.);
#3140=EDGE_CURVE('',#2526,#2514,#1278,.T.);
#3141=EDGE_CURVE('',#2539,#2519,#1279,.T.);
#3142=EDGE_CURVE('',#2541,#2542,#1280,.T.);
#3143=EDGE_CURVE('',#2501,#2541,#1281,.T.);
#3144=EDGE_CURVE('',#2502,#2542,#1282,.T.);
#3145=EDGE_CURVE('',#2543,#2544,#1283,.T.);
#3146=EDGE_CURVE('',#2511,#2543,#1284,.T.);
#3147=EDGE_CURVE('',#2512,#2544,#1285,.T.);
#3148=EDGE_CURVE('',#2541,#2545,#2247,.T.);
#3149=EDGE_CURVE('',#2546,#2542,#2248,.T.);
#3150=EDGE_CURVE('',#2546,#2547,#1286,.T.);
#3151=EDGE_CURVE('',#2547,#2548,#1287,.T.);
#3152=EDGE_CURVE('',#2548,#2549,#1288,.T.);
#3153=EDGE_CURVE('',#2550,#2549,#2249,.T.);
#3154=EDGE_CURVE('',#2551,#2550,#1289,.T.);
#3155=EDGE_CURVE('',#2551,#2552,#1290,.T.);
#3156=EDGE_CURVE('',#2552,#2545,#1291,.T.);
#3157=EDGE_CURVE('',#2553,#2543,#2250,.T.);
#3158=EDGE_CURVE('',#2544,#2554,#2251,.T.);
#3159=EDGE_CURVE('',#2554,#2555,#1292,.T.);
#3160=EDGE_CURVE('',#2555,#2556,#1293,.T.);
#3161=EDGE_CURVE('',#2556,#2557,#1294,.T.);
#3162=EDGE_CURVE('',#2557,#2558,#2252,.T.);
#3163=EDGE_CURVE('',#2558,#2559,#1295,.T.);
#3164=EDGE_CURVE('',#2560,#2559,#1296,.T.);
#3165=EDGE_CURVE('',#2553,#2560,#1297,.T.);
#3166=EDGE_CURVE('',#2554,#2561,#1298,.T.);
#3167=EDGE_CURVE('',#2562,#2544,#1299,.T.);
#3168=EDGE_CURVE('',#2561,#2562,#2253,.T.);
#3169=EDGE_CURVE('',#2553,#2563,#1300,.T.);
#3170=EDGE_CURVE('',#2564,#2563,#2254,.T.);
#3171=EDGE_CURVE('',#2564,#2543,#1301,.T.);
#3172=EDGE_CURVE('',#2565,#2557,#1302,.T.);
#3173=EDGE_CURVE('',#2566,#2565,#2255,.T.);
#3174=EDGE_CURVE('',#2566,#2558,#1303,.T.);
#3175=EDGE_CURVE('',#2562,#2567,#1304,.T.);
#3176=EDGE_CURVE('',#2567,#2568,#2256,.T.);
#3177=EDGE_CURVE('',#2569,#2568,#1305,.T.);
#3178=EDGE_CURVE('',#2570,#2569,#1306,.T.);
#3179=EDGE_CURVE('',#2571,#2570,#1307,.T.);
#3180=EDGE_CURVE('',#2571,#2572,#2257,.T.);
#3181=EDGE_CURVE('',#2572,#2573,#1308,.T.);
#3182=EDGE_CURVE('',#2574,#2573,#1309,.T.);
#3183=EDGE_CURVE('',#2575,#2574,#1310,.T.);
#3184=EDGE_CURVE('',#2575,#2576,#2258,.T.);
#3185=EDGE_CURVE('',#2576,#2564,#1311,.T.);
#3186=EDGE_CURVE('',#2563,#2577,#1312,.T.);
#3187=EDGE_CURVE('',#2577,#2578,#1313,.T.);
#3188=EDGE_CURVE('',#2566,#2578,#1314,.T.);
#3189=EDGE_CURVE('',#2579,#2565,#1315,.T.);
#3190=EDGE_CURVE('',#2580,#2579,#1316,.T.);
#3191=EDGE_CURVE('',#2561,#2580,#1317,.T.);
#3192=EDGE_CURVE('',#2545,#2568,#1318,.T.);
#3193=EDGE_CURVE('',#2567,#2541,#1319,.T.);
#3194=EDGE_CURVE('',#2546,#2575,#1320,.T.);
#3195=EDGE_CURVE('',#2576,#2542,#1321,.T.);
#3196=EDGE_CURVE('',#2549,#2572,#1322,.T.);
#3197=EDGE_CURVE('',#2571,#2550,#1323,.T.);
#3198=EDGE_CURVE('',#2548,#2573,#1324,.T.);
#3199=EDGE_CURVE('',#2551,#2570,#1325,.T.);
#3200=EDGE_CURVE('',#2547,#2574,#1326,.T.);
#3201=EDGE_CURVE('',#2552,#2569,#1327,.T.);
#3202=EDGE_CURVE('',#2559,#2578,#1328,.T.);
#3203=EDGE_CURVE('',#2556,#2579,#1329,.T.);
#3204=EDGE_CURVE('',#2560,#2577,#1330,.T.);
#3205=EDGE_CURVE('',#2555,#2580,#1331,.T.);
#3206=EDGE_CURVE('',#2581,#2582,#1332,.T.);
#3207=EDGE_CURVE('',#2583,#2581,#1333,.T.);
#3208=EDGE_CURVE('',#2584,#2583,#1334,.T.);
#3209=EDGE_CURVE('',#2584,#2585,#1335,.T.);
#3210=EDGE_CURVE('',#2585,#2586,#1336,.T.);
#3211=EDGE_CURVE('',#2587,#2586,#1337,.T.);
#3212=EDGE_CURVE('',#2588,#2587,#1338,.T.);
#3213=EDGE_CURVE('',#2588,#2582,#1339,.T.);
#3214=EDGE_CURVE('',#2581,#2589,#1340,.T.);
#3215=EDGE_CURVE('',#2589,#2590,#1341,.T.);
#3216=EDGE_CURVE('',#2590,#2587,#1342,.T.);
#3217=EDGE_CURVE('',#2586,#2591,#1343,.T.);
#3218=EDGE_CURVE('',#2591,#2592,#1344,.T.);
#3219=EDGE_CURVE('',#2592,#2583,#1345,.T.);
#3220=EDGE_CURVE('',#2593,#2593,#2259,.T.);
#3221=EDGE_CURVE('',#2594,#2595,#1346,.T.);
#3222=EDGE_CURVE('',#2596,#2595,#1347,.T.);
#3223=EDGE_CURVE('',#2597,#2596,#1348,.T.);
#3224=EDGE_CURVE('',#2597,#2598,#1349,.T.);
#3225=EDGE_CURVE('',#2598,#2599,#1350,.T.);
#3226=EDGE_CURVE('',#2600,#2599,#1351,.T.);
#3227=EDGE_CURVE('',#2600,#2594,#1352,.T.);
#3228=EDGE_CURVE('',#2601,#2602,#1353,.T.);
#3229=EDGE_CURVE('',#2603,#2602,#2260,.T.);
#3230=EDGE_CURVE('',#2603,#2604,#1354,.T.);
#3231=EDGE_CURVE('',#2604,#2601,#2261,.T.);
#3232=EDGE_CURVE('',#2605,#2606,#1355,.T.);
#3233=EDGE_CURVE('',#2606,#2607,#2262,.T.);
#3234=EDGE_CURVE('',#2607,#2608,#1356,.T.);
#3235=EDGE_CURVE('',#2608,#2605,#2263,.T.);
#3236=EDGE_CURVE('',#2609,#2610,#1357,.T.);
#3237=EDGE_CURVE('',#2611,#2609,#1358,.T.);
#3238=EDGE_CURVE('',#2612,#2611,#1359,.T.);
#3239=EDGE_CURVE('',#2613,#2612,#1360,.T.);
#3240=EDGE_CURVE('',#2614,#2613,#1361,.T.);
#3241=EDGE_CURVE('',#2614,#2615,#1362,.T.);
#3242=EDGE_CURVE('',#2616,#2615,#1363,.T.);
#3243=EDGE_CURVE('',#2610,#2616,#1364,.T.);
#3244=EDGE_CURVE('',#2617,#2618,#1365,.T.);
#3245=EDGE_CURVE('',#2618,#2610,#1366,.T.);
#3246=EDGE_CURVE('',#2616,#2619,#1367,.T.);
#3247=EDGE_CURVE('',#2619,#2620,#1368,.T.);
#3248=EDGE_CURVE('',#2620,#2613,#1369,.T.);
#3249=EDGE_CURVE('',#2612,#2617,#1370,.T.);
#3250=EDGE_CURVE('',#2621,#2621,#2264,.T.);
#3251=EDGE_CURVE('',#2599,#2609,#1371,.T.);
#3252=EDGE_CURVE('',#2611,#2598,#1372,.T.);
#3253=EDGE_CURVE('',#2622,#2623,#1373,.T.);
#3254=EDGE_CURVE('',#2624,#2622,#1374,.T.);
#3255=EDGE_CURVE('',#2625,#2624,#1375,.T.);
#3256=EDGE_CURVE('',#2625,#2626,#1376,.T.);
#3257=EDGE_CURVE('',#2626,#2627,#1377,.T.);
#3258=EDGE_CURVE('',#2628,#2627,#1378,.T.);
#3259=EDGE_CURVE('',#2628,#2629,#2265,.T.);
#3260=EDGE_CURVE('',#2630,#2629,#1379,.T.);
#3261=EDGE_CURVE('',#2631,#2630,#2266,.F.);
#3262=EDGE_CURVE('',#2632,#2631,#1380,.T.);
#3263=EDGE_CURVE('',#2632,#2633,#2267,.T.);
#3264=EDGE_CURVE('',#2634,#2633,#1381,.T.);
#3265=EDGE_CURVE('',#2635,#2634,#1382,.T.);
#3266=EDGE_CURVE('',#2636,#2635,#1383,.T.);
#3267=EDGE_CURVE('',#2636,#2623,#1384,.T.);
#3268=EDGE_CURVE('',#2637,#2638,#2268,.F.);
#3269=EDGE_CURVE('',#2639,#2637,#1385,.T.);
#3270=EDGE_CURVE('',#2640,#2639,#2269,.F.);
#3271=EDGE_CURVE('',#2638,#2640,#1386,.T.);
#3272=EDGE_CURVE('',#2641,#2642,#1387,.T.);
#3273=EDGE_CURVE('',#2643,#2642,#1388,.T.);
#3274=EDGE_CURVE('',#2644,#2643,#1389,.T.);
#3275=EDGE_CURVE('',#2645,#2644,#1390,.T.);
#3276=EDGE_CURVE('',#2646,#2645,#1391,.T.);
#3277=EDGE_CURVE('',#2647,#2646,#1392,.T.);
#3278=EDGE_CURVE('',#2648,#2647,#1393,.T.);
#3279=EDGE_CURVE('',#2641,#2648,#1394,.T.);
#3280=EDGE_CURVE('',#2649,#2649,#2270,.T.);
#3281=EDGE_CURVE('',#2650,#2646,#1395,.T.);
#3282=EDGE_CURVE('',#2651,#2650,#1396,.T.);
#3283=EDGE_CURVE('',#2647,#2651,#1397,.T.);
#3284=EDGE_CURVE('',#2642,#2652,#1398,.T.);
#3285=EDGE_CURVE('',#2653,#2652,#1399,.T.);
#3286=EDGE_CURVE('',#2653,#2643,#1400,.T.);
#3287=EDGE_CURVE('',#2654,#2655,#1401,.T.);
#3288=EDGE_CURVE('',#2656,#2655,#1402,.T.);
#3289=EDGE_CURVE('',#2657,#2656,#1403,.T.);
#3290=EDGE_CURVE('',#2657,#2654,#1404,.T.);
#3291=EDGE_CURVE('',#2658,#2659,#1405,.T.);
#3292=EDGE_CURVE('',#2660,#2659,#1406,.T.);
#3293=EDGE_CURVE('',#2661,#2660,#1407,.T.);
#3294=EDGE_CURVE('',#2661,#2658,#1408,.T.);
#3295=EDGE_CURVE('',#2659,#2662,#1409,.T.);
#3296=EDGE_CURVE('',#2663,#2662,#1410,.T.);
#3297=EDGE_CURVE('',#2656,#2663,#1411,.T.);
#3298=EDGE_CURVE('',#2655,#2664,#1412,.T.);
#3299=EDGE_CURVE('',#2664,#2665,#1413,.T.);
#3300=EDGE_CURVE('',#2665,#2660,#1414,.T.);
#3301=EDGE_CURVE('',#2666,#2666,#2271,.T.);
#3302=EDGE_CURVE('',#2622,#2667,#1415,.T.);
#3303=EDGE_CURVE('',#2668,#2667,#1416,.T.);
#3304=EDGE_CURVE('',#2624,#2668,#1417,.T.);
#3305=EDGE_CURVE('',#2667,#2669,#1418,.T.);
#3306=EDGE_CURVE('',#2670,#2669,#1419,.T.);
#3307=EDGE_CURVE('',#2668,#2670,#1420,.T.);
#3308=EDGE_CURVE('',#2582,#2671,#1421,.T.);
#3309=EDGE_CURVE('',#2672,#2588,#1422,.T.);
#3310=EDGE_CURVE('',#2672,#2673,#1423,.T.);
#3311=EDGE_CURVE('',#2673,#2674,#1424,.T.);
#3312=EDGE_CURVE('',#2675,#2674,#1425,.T.);
#3313=EDGE_CURVE('',#2670,#2675,#1426,.T.);
#3314=EDGE_CURVE('',#2669,#2671,#1427,.T.);
#3315=EDGE_CURVE('',#2623,#2595,#1428,.T.);
#3316=EDGE_CURVE('',#2596,#2636,#1429,.T.);
#3317=EDGE_CURVE('',#2676,#2677,#1430,.T.);
#3318=EDGE_CURVE('',#2676,#2628,#1431,.T.);
#3319=EDGE_CURVE('',#2627,#2677,#1432,.T.);
#3320=EDGE_CURVE('',#2678,#2672,#1433,.T.);
#3321=EDGE_CURVE('',#2678,#2676,#2272,.T.);
#3322=EDGE_CURVE('',#2677,#2673,#1434,.T.);
#3323=EDGE_CURVE('',#2652,#2658,#1435,.T.);
#3324=EDGE_CURVE('',#2679,#2661,#1436,.T.);
#3325=EDGE_CURVE('',#2680,#2679,#1437,.T.);
#3326=EDGE_CURVE('',#2680,#2654,#1438,.T.);
#3327=EDGE_CURVE('',#2651,#2657,#1439,.T.);
#3328=EDGE_CURVE('',#2681,#2650,#1440,.T.);
#3329=EDGE_CURVE('',#2681,#2682,#1441,.T.);
#3330=EDGE_CURVE('',#2682,#2653,#1442,.T.);
#3331=EDGE_CURVE('',#2678,#2633,#1443,.T.);
#3332=EDGE_CURVE('',#2590,#2648,#1444,.T.);
#3333=EDGE_CURVE('',#2617,#2663,#1445,.T.);
#3334=EDGE_CURVE('',#2634,#2598,#1446,.T.);
#3335=EDGE_CURVE('',#2683,#2641,#1447,.T.);
#3336=EDGE_CURVE('',#2671,#2683,#1448,.T.);
#3337=EDGE_CURVE('',#2622,#2594,#1449,.T.);
#3338=EDGE_CURVE('',#2684,#2594,#1450,.T.);
#3339=EDGE_CURVE('',#2684,#2662,#1451,.T.);
#3340=EDGE_CURVE('',#2635,#2597,#1452,.T.);
#3341=EDGE_CURVE('',#2674,#2626,#1453,.T.);
#3342=EDGE_CURVE('',#2675,#2625,#1454,.T.);
#3343=EDGE_CURVE('',#2618,#2684,#1455,.T.);
#3344=EDGE_CURVE('',#2621,#2666,#1456,.T.);
#3345=EDGE_CURVE('',#2685,#2614,#1457,.T.);
#3346=EDGE_CURVE('',#2686,#2685,#1458,.T.);
#3347=EDGE_CURVE('',#2615,#2686,#1459,.T.);
#3348=EDGE_CURVE('',#2686,#2679,#1460,.T.);
#3349=EDGE_CURVE('',#2685,#2680,#1461,.T.);
#3350=EDGE_CURVE('',#2620,#2664,#1462,.T.);
#3351=EDGE_CURVE('',#2619,#2665,#1463,.T.);
#3352=EDGE_CURVE('',#2591,#2645,#1464,.T.);
#3353=EDGE_CURVE('',#2585,#2687,#1465,.T.);
#3354=EDGE_CURVE('',#2687,#2681,#1466,.T.);
#3355=EDGE_CURVE('',#2592,#2644,#1467,.T.);
#3356=EDGE_CURVE('',#2688,#2682,#1468,.T.);
#3357=EDGE_CURVE('',#2688,#2584,#1469,.T.);
#3358=EDGE_CURVE('',#2593,#2649,#1470,.T.);
#3359=EDGE_CURVE('',#2683,#2589,#1471,.T.);
#3360=EDGE_CURVE('',#2687,#2688,#1472,.T.);
#3361=EDGE_CURVE('',#2639,#2605,#1473,.T.);
#3362=EDGE_CURVE('',#2640,#2608,#1474,.T.);
#3363=EDGE_CURVE('',#2638,#2607,#1475,.T.);
#3364=EDGE_CURVE('',#2637,#2606,#1476,.T.);
#3365=EDGE_CURVE('',#2630,#2601,#1477,.T.);
#3366=EDGE_CURVE('',#2631,#2604,#1478,.T.);
#3367=EDGE_CURVE('',#2632,#2603,#1479,.T.);
#3368=EDGE_CURVE('',#2629,#2602,#1480,.T.);
#3369=EDGE_CURVE('',#2618,#2600,#1481,.T.);
#3370=EDGE_CURVE('',#2582,#2589,#1482,.T.);
#3371=EDGE_CURVE('',#2689,#2690,#1483,.T.);
#3372=EDGE_CURVE('',#2689,#2691,#1484,.T.);
#3373=EDGE_CURVE('',#2691,#2692,#1485,.T.);
#3374=EDGE_CURVE('',#2693,#2692,#1486,.T.);
#3375=EDGE_CURVE('',#2694,#2693,#1487,.T.);
#3376=EDGE_CURVE('',#2695,#2694,#1488,.T.);
#3377=EDGE_CURVE('',#2696,#2695,#1489,.T.);
#3378=EDGE_CURVE('',#2690,#2696,#1490,.T.);
#3379=EDGE_CURVE('',#2690,#2697,#1491,.T.);
#3380=EDGE_CURVE('',#2696,#2698,#1492,.T.);
#3381=EDGE_CURVE('',#2698,#2699,#1493,.T.);
#3382=EDGE_CURVE('',#2699,#2693,#1494,.T.);
#3383=EDGE_CURVE('',#2692,#2700,#1495,.T.);
#3384=EDGE_CURVE('',#2700,#2697,#1496,.T.);
#3385=EDGE_CURVE('',#2701,#2701,#2273,.T.);
#3386=EDGE_CURVE('',#2702,#2703,#1497,.T.);
#3387=EDGE_CURVE('',#2704,#2702,#1498,.T.);
#3388=EDGE_CURVE('',#2704,#2705,#1499,.T.);
#3389=EDGE_CURVE('',#2705,#2706,#1500,.T.);
#3390=EDGE_CURVE('',#2706,#2707,#1501,.T.);
#3391=EDGE_CURVE('',#2707,#2708,#1502,.T.);
#3392=EDGE_CURVE('',#2708,#2709,#1503,.T.);
#3393=EDGE_CURVE('',#2703,#2709,#1504,.T.);
#3394=EDGE_CURVE('',#2710,#2702,#1505,.T.);
#3395=EDGE_CURVE('',#2711,#2710,#1506,.T.);
#3396=EDGE_CURVE('',#2711,#2708,#1507,.F.);
#3397=EDGE_CURVE('',#2712,#2707,#1508,.F.);
#3398=EDGE_CURVE('',#2713,#2712,#1509,.T.);
#3399=EDGE_CURVE('',#2713,#2704,#1510,.T.);
#3400=EDGE_CURVE('',#2714,#2714,#2274,.T.);
#3401=EDGE_CURVE('',#2713,#2715,#1511,.T.);
#3402=EDGE_CURVE('',#2716,#2715,#1512,.T.);
#3403=EDGE_CURVE('',#2716,#2717,#1513,.T.);
#3404=EDGE_CURVE('',#2717,#2718,#1514,.T.);
#3405=EDGE_CURVE('',#2718,#2719,#1515,.T.);
#3406=EDGE_CURVE('',#2720,#2719,#1516,.T.);
#3407=EDGE_CURVE('',#2720,#2698,#1517,.T.);
#3408=EDGE_CURVE('',#2695,#2705,#1518,.T.);
#3409=EDGE_CURVE('',#2721,#2722,#1519,.T.);
#3410=EDGE_CURVE('',#2712,#2722,#1520,.T.);
#3411=EDGE_CURVE('',#2694,#2706,#1521,.T.);
#3412=EDGE_CURVE('',#2723,#2699,#1522,.T.);
#3413=EDGE_CURVE('',#2723,#2724,#1523,.T.);
#3414=EDGE_CURVE('',#2724,#2725,#1524,.T.);
#3415=EDGE_CURVE('',#2725,#2726,#1525,.T.);
#3416=EDGE_CURVE('',#2726,#2721,#1526,.T.);
#3417=EDGE_CURVE('',#2727,#2719,#1527,.T.);
#3418=EDGE_CURVE('',#2728,#2718,#1528,.T.);
#3419=EDGE_CURVE('',#2727,#2728,#1529,.T.);
#3420=EDGE_CURVE('',#2724,#2729,#1530,.T.);
#3421=EDGE_CURVE('',#2729,#2730,#1531,.T.);
#3422=EDGE_CURVE('',#2725,#2730,#1532,.T.);
#3423=EDGE_CURVE('',#2731,#2717,#1533,.T.);
#3424=EDGE_CURVE('',#2728,#2731,#1534,.T.);
#3425=EDGE_CURVE('',#2730,#2732,#1535,.T.);
#3426=EDGE_CURVE('',#2726,#2732,#1536,.T.);
#3427=EDGE_CURVE('',#2733,#2716,#1537,.T.);
#3428=EDGE_CURVE('',#2731,#2733,#1538,.T.);
#3429=EDGE_CURVE('',#2732,#2734,#1539,.T.);
#3430=EDGE_CURVE('',#2721,#2734,#1540,.T.);
#3431=EDGE_CURVE('',#2715,#2722,#1541,.T.);
#3432=EDGE_CURVE('',#2734,#2735,#1542,.T.);
#3433=EDGE_CURVE('',#2736,#2735,#1543,.T.);
#3434=EDGE_CURVE('',#2733,#2736,#1544,.T.);
#3435=EDGE_CURVE('',#2737,#2737,#2275,.F.);
#3436=EDGE_CURVE('',#2738,#2727,#1545,.T.);
#3437=EDGE_CURVE('',#2739,#2738,#1546,.T.);
#3438=EDGE_CURVE('',#2739,#2729,#1547,.T.);
#3439=EDGE_CURVE('',#2720,#2723,#1548,.T.);
#3440=EDGE_CURVE('',#2740,#2740,#2276,.T.);
#3441=EDGE_CURVE('',#2741,#2703,#1549,.T.);
#3442=EDGE_CURVE('',#2709,#2691,#1550,.T.);
#3443=EDGE_CURVE('',#2742,#2689,#1551,.T.);
#3444=EDGE_CURVE('',#2741,#2742,#1552,.T.);
#3445=EDGE_CURVE('',#2743,#2741,#1553,.T.);
#3446=EDGE_CURVE('',#2744,#2742,#1554,.T.);
#3447=EDGE_CURVE('',#2738,#2744,#1555,.T.);
#3448=EDGE_CURVE('',#2743,#2736,#1556,.T.);
#3449=EDGE_CURVE('',#2739,#2700,#1557,.T.);
#3450=EDGE_CURVE('',#2735,#2711,#1558,.F.);
#3451=EDGE_CURVE('',#2710,#2743,#1559,.T.);
#3452=EDGE_CURVE('',#2737,#2714,#1560,.T.);
#3453=EDGE_CURVE('',#2697,#2744,#1561,.T.);
#3454=EDGE_CURVE('',#2740,#2701,#1562,.T.);
#3455=EDGE_CURVE('',#2710,#2703,#1563,.T.);
#3456=EDGE_CURVE('',#2697,#2689,#1564,.T.);
#3457=ORIENTED_EDGE('',*,*,#2745,.F.);
#3458=ORIENTED_EDGE('',*,*,#2746,.T.);
#3459=ORIENTED_EDGE('',*,*,#2747,.F.);
#3460=ORIENTED_EDGE('',*,*,#2746,.F.);
#3461=ORIENTED_EDGE('',*,*,#2748,.F.);
#3462=ORIENTED_EDGE('',*,*,#2749,.F.);
#3463=ORIENTED_EDGE('',*,*,#2750,.F.);
#3464=ORIENTED_EDGE('',*,*,#2751,.F.);
#3465=ORIENTED_EDGE('',*,*,#2752,.F.);
#3466=ORIENTED_EDGE('',*,*,#2751,.T.);
#3467=ORIENTED_EDGE('',*,*,#2753,.F.);
#3468=ORIENTED_EDGE('',*,*,#2754,.T.);
#3469=ORIENTED_EDGE('',*,*,#2755,.F.);
#3470=ORIENTED_EDGE('',*,*,#2756,.T.);
#3471=ORIENTED_EDGE('',*,*,#2757,.F.);
#3472=ORIENTED_EDGE('',*,*,#2758,.T.);
#3473=ORIENTED_EDGE('',*,*,#2759,.F.);
#3474=ORIENTED_EDGE('',*,*,#2748,.T.);
#3475=ORIENTED_EDGE('',*,*,#2752,.T.);
#3476=ORIENTED_EDGE('',*,*,#2760,.F.);
#3477=ORIENTED_EDGE('',*,*,#2761,.F.);
#3478=ORIENTED_EDGE('',*,*,#2762,.F.);
#3479=ORIENTED_EDGE('',*,*,#2755,.T.);
#3480=ORIENTED_EDGE('',*,*,#2763,.F.);
#3481=ORIENTED_EDGE('',*,*,#2764,.F.);
#3482=ORIENTED_EDGE('',*,*,#2765,.F.);
#3483=ORIENTED_EDGE('',*,*,#2766,.F.);
#3484=ORIENTED_EDGE('',*,*,#2767,.F.);
#3485=ORIENTED_EDGE('',*,*,#2768,.F.);
#3486=ORIENTED_EDGE('',*,*,#2745,.T.);
#3487=ORIENTED_EDGE('',*,*,#2769,.T.);
#3488=ORIENTED_EDGE('',*,*,#2770,.F.);
#3489=ORIENTED_EDGE('',*,*,#2771,.F.);
#3490=ORIENTED_EDGE('',*,*,#2772,.F.);
#3491=ORIENTED_EDGE('',*,*,#2773,.F.);
#3492=ORIENTED_EDGE('',*,*,#2774,.T.);
#3493=ORIENTED_EDGE('',*,*,#2775,.T.);
#3494=ORIENTED_EDGE('',*,*,#2776,.T.);
#3495=ORIENTED_EDGE('',*,*,#2777,.T.);
#3496=ORIENTED_EDGE('',*,*,#2778,.T.);
#3497=ORIENTED_EDGE('',*,*,#2779,.T.);
#3498=ORIENTED_EDGE('',*,*,#2780,.T.);
#3499=ORIENTED_EDGE('',*,*,#2757,.T.);
#3500=ORIENTED_EDGE('',*,*,#2781,.T.);
#3501=ORIENTED_EDGE('',*,*,#2782,.T.);
#3502=ORIENTED_EDGE('',*,*,#2783,.T.);
#3503=ORIENTED_EDGE('',*,*,#2753,.T.);
#3504=ORIENTED_EDGE('',*,*,#2750,.T.);
#3505=ORIENTED_EDGE('',*,*,#2747,.T.);
#3506=ORIENTED_EDGE('',*,*,#2784,.T.);
#3507=ORIENTED_EDGE('',*,*,#2785,.T.);
#3508=ORIENTED_EDGE('',*,*,#2786,.T.);
#3509=ORIENTED_EDGE('',*,*,#2787,.T.);
#3510=ORIENTED_EDGE('',*,*,#2788,.T.);
#3511=ORIENTED_EDGE('',*,*,#2749,.T.);
#3512=ORIENTED_EDGE('',*,*,#2759,.T.);
#3513=ORIENTED_EDGE('',*,*,#2789,.F.);
#3514=ORIENTED_EDGE('',*,*,#2774,.F.);
#3515=ORIENTED_EDGE('',*,*,#2760,.T.);
#3516=ORIENTED_EDGE('',*,*,#2754,.F.);
#3517=ORIENTED_EDGE('',*,*,#2783,.F.);
#3518=ORIENTED_EDGE('',*,*,#2790,.F.);
#3519=ORIENTED_EDGE('',*,*,#2758,.F.);
#3520=ORIENTED_EDGE('',*,*,#2780,.F.);
#3521=ORIENTED_EDGE('',*,*,#2791,.T.);
#3522=ORIENTED_EDGE('',*,*,#2763,.T.);
#3523=ORIENTED_EDGE('',*,*,#2781,.F.);
#3524=ORIENTED_EDGE('',*,*,#2756,.F.);
#3525=ORIENTED_EDGE('',*,*,#2762,.T.);
#3526=ORIENTED_EDGE('',*,*,#2792,.T.);
#3527=ORIENTED_EDGE('',*,*,#2767,.T.);
#3528=ORIENTED_EDGE('',*,*,#2793,.F.);
#3529=ORIENTED_EDGE('',*,*,#2776,.F.);
#3530=ORIENTED_EDGE('',*,*,#2794,.T.);
#3531=ORIENTED_EDGE('',*,*,#2794,.F.);
#3532=ORIENTED_EDGE('',*,*,#2775,.F.);
#3533=ORIENTED_EDGE('',*,*,#2789,.T.);
#3534=ORIENTED_EDGE('',*,*,#2768,.T.);
#3535=ORIENTED_EDGE('',*,*,#2777,.F.);
#3536=ORIENTED_EDGE('',*,*,#2793,.T.);
#3537=ORIENTED_EDGE('',*,*,#2766,.T.);
#3538=ORIENTED_EDGE('',*,*,#2795,.F.);
#3539=ORIENTED_EDGE('',*,*,#2765,.T.);
#3540=ORIENTED_EDGE('',*,*,#2796,.F.);
#3541=ORIENTED_EDGE('',*,*,#2778,.F.);
#3542=ORIENTED_EDGE('',*,*,#2795,.T.);
#3543=ORIENTED_EDGE('',*,*,#2764,.T.);
#3544=ORIENTED_EDGE('',*,*,#2791,.F.);
#3545=ORIENTED_EDGE('',*,*,#2779,.F.);
#3546=ORIENTED_EDGE('',*,*,#2796,.T.);
#3547=ORIENTED_EDGE('',*,*,#2784,.F.);
#3548=ORIENTED_EDGE('',*,*,#2797,.T.);
#3549=ORIENTED_EDGE('',*,*,#2773,.T.);
#3550=ORIENTED_EDGE('',*,*,#2797,.F.);
#3551=ORIENTED_EDGE('',*,*,#2785,.F.);
#3552=ORIENTED_EDGE('',*,*,#2798,.T.);
#3553=ORIENTED_EDGE('',*,*,#2772,.T.);
#3554=ORIENTED_EDGE('',*,*,#2798,.F.);
#3555=ORIENTED_EDGE('',*,*,#2786,.F.);
#3556=ORIENTED_EDGE('',*,*,#2799,.T.);
#3557=ORIENTED_EDGE('',*,*,#2771,.T.);
#3558=ORIENTED_EDGE('',*,*,#2799,.F.);
#3559=ORIENTED_EDGE('',*,*,#2787,.F.);
#3560=ORIENTED_EDGE('',*,*,#2800,.T.);
#3561=ORIENTED_EDGE('',*,*,#2770,.T.);
#3562=ORIENTED_EDGE('',*,*,#2800,.F.);
#3563=ORIENTED_EDGE('',*,*,#2792,.F.);
#3564=ORIENTED_EDGE('',*,*,#2761,.T.);
#3565=ORIENTED_EDGE('',*,*,#2790,.T.);
#3566=ORIENTED_EDGE('',*,*,#2782,.F.);
#3567=ORIENTED_EDGE('',*,*,#2788,.F.);
#3568=ORIENTED_EDGE('',*,*,#2801,.T.);
#3569=ORIENTED_EDGE('',*,*,#2769,.F.);
#3570=ORIENTED_EDGE('',*,*,#2801,.F.);
#3571=ORIENTED_EDGE('',*,*,#2802,.F.);
#3572=ORIENTED_EDGE('',*,*,#2803,.F.);
#3573=ORIENTED_EDGE('',*,*,#2804,.T.);
#3574=ORIENTED_EDGE('',*,*,#2805,.T.);
#3575=ORIENTED_EDGE('',*,*,#2806,.T.);
#3576=ORIENTED_EDGE('',*,*,#2807,.T.);
#3577=ORIENTED_EDGE('',*,*,#2808,.F.);
#3578=ORIENTED_EDGE('',*,*,#2809,.F.);
#3579=ORIENTED_EDGE('',*,*,#2810,.T.);
#3580=ORIENTED_EDGE('',*,*,#2811,.F.);
#3581=ORIENTED_EDGE('',*,*,#2812,.F.);
#3582=ORIENTED_EDGE('',*,*,#2808,.T.);
#3583=ORIENTED_EDGE('',*,*,#2813,.T.);
#3584=ORIENTED_EDGE('',*,*,#2814,.F.);
#3585=ORIENTED_EDGE('',*,*,#2815,.F.);
#3586=ORIENTED_EDGE('',*,*,#2811,.T.);
#3587=ORIENTED_EDGE('',*,*,#2816,.F.);
#3588=ORIENTED_EDGE('',*,*,#2817,.T.);
#3589=ORIENTED_EDGE('',*,*,#2818,.T.);
#3590=ORIENTED_EDGE('',*,*,#2819,.F.);
#3591=ORIENTED_EDGE('',*,*,#2820,.T.);
#3592=ORIENTED_EDGE('',*,*,#2821,.T.);
#3593=ORIENTED_EDGE('',*,*,#2822,.F.);
#3594=ORIENTED_EDGE('',*,*,#2821,.F.);
#3595=ORIENTED_EDGE('',*,*,#2823,.T.);
#3596=ORIENTED_EDGE('',*,*,#2804,.F.);
#3597=ORIENTED_EDGE('',*,*,#2824,.F.);
#3598=ORIENTED_EDGE('',*,*,#2819,.T.);
#3599=ORIENTED_EDGE('',*,*,#2825,.T.);
#3600=ORIENTED_EDGE('',*,*,#2826,.T.);
#3601=ORIENTED_EDGE('',*,*,#2827,.T.);
#3602=ORIENTED_EDGE('',*,*,#2809,.T.);
#3603=ORIENTED_EDGE('',*,*,#2812,.T.);
#3604=ORIENTED_EDGE('',*,*,#2815,.T.);
#3605=ORIENTED_EDGE('',*,*,#2828,.F.);
#3606=ORIENTED_EDGE('',*,*,#2829,.T.);
#3607=ORIENTED_EDGE('',*,*,#2830,.F.);
#3608=ORIENTED_EDGE('',*,*,#2831,.T.);
#3609=ORIENTED_EDGE('',*,*,#2832,.F.);
#3610=ORIENTED_EDGE('',*,*,#2816,.T.);
#3611=ORIENTED_EDGE('',*,*,#2824,.T.);
#3612=ORIENTED_EDGE('',*,*,#2803,.T.);
#3613=ORIENTED_EDGE('',*,*,#2833,.T.);
#3614=ORIENTED_EDGE('',*,*,#2834,.T.);
#3615=ORIENTED_EDGE('',*,*,#2820,.F.);
#3616=ORIENTED_EDGE('',*,*,#2835,.F.);
#3617=ORIENTED_EDGE('',*,*,#2836,.T.);
#3618=ORIENTED_EDGE('',*,*,#2837,.F.);
#3619=ORIENTED_EDGE('',*,*,#2838,.T.);
#3620=ORIENTED_EDGE('',*,*,#2839,.F.);
#3621=ORIENTED_EDGE('',*,*,#2805,.F.);
#3622=ORIENTED_EDGE('',*,*,#2823,.F.);
#3623=ORIENTED_EDGE('',*,*,#2818,.F.);
#3624=ORIENTED_EDGE('',*,*,#2840,.T.);
#3625=ORIENTED_EDGE('',*,*,#2841,.T.);
#3626=ORIENTED_EDGE('',*,*,#2842,.T.);
#3627=ORIENTED_EDGE('',*,*,#2843,.T.);
#3628=ORIENTED_EDGE('',*,*,#2844,.T.);
#3629=ORIENTED_EDGE('',*,*,#2813,.F.);
#3630=ORIENTED_EDGE('',*,*,#2810,.F.);
#3631=ORIENTED_EDGE('',*,*,#2807,.F.);
#3632=ORIENTED_EDGE('',*,*,#2822,.T.);
#3633=ORIENTED_EDGE('',*,*,#2839,.T.);
#3634=ORIENTED_EDGE('',*,*,#2845,.T.);
#3635=ORIENTED_EDGE('',*,*,#2833,.F.);
#3636=ORIENTED_EDGE('',*,*,#2802,.T.);
#3637=ORIENTED_EDGE('',*,*,#2837,.T.);
#3638=ORIENTED_EDGE('',*,*,#2846,.T.);
#3639=ORIENTED_EDGE('',*,*,#2825,.F.);
#3640=ORIENTED_EDGE('',*,*,#2847,.T.);
#3641=ORIENTED_EDGE('',*,*,#2827,.F.);
#3642=ORIENTED_EDGE('',*,*,#2848,.T.);
#3643=ORIENTED_EDGE('',*,*,#2835,.T.);
#3644=ORIENTED_EDGE('',*,*,#2806,.F.);
#3645=ORIENTED_EDGE('',*,*,#2844,.F.);
#3646=ORIENTED_EDGE('',*,*,#2849,.T.);
#3647=ORIENTED_EDGE('',*,*,#2828,.T.);
#3648=ORIENTED_EDGE('',*,*,#2814,.T.);
#3649=ORIENTED_EDGE('',*,*,#2832,.T.);
#3650=ORIENTED_EDGE('',*,*,#2850,.T.);
#3651=ORIENTED_EDGE('',*,*,#2840,.F.);
#3652=ORIENTED_EDGE('',*,*,#2817,.F.);
#3653=ORIENTED_EDGE('',*,*,#2842,.F.);
#3654=ORIENTED_EDGE('',*,*,#2851,.T.);
#3655=ORIENTED_EDGE('',*,*,#2830,.T.);
#3656=ORIENTED_EDGE('',*,*,#2852,.T.);
#3657=ORIENTED_EDGE('',*,*,#2834,.F.);
#3658=ORIENTED_EDGE('',*,*,#2845,.F.);
#3659=ORIENTED_EDGE('',*,*,#2838,.F.);
#3660=ORIENTED_EDGE('',*,*,#2847,.F.);
#3661=ORIENTED_EDGE('',*,*,#2829,.F.);
#3662=ORIENTED_EDGE('',*,*,#2849,.F.);
#3663=ORIENTED_EDGE('',*,*,#2843,.F.);
#3664=ORIENTED_EDGE('',*,*,#2852,.F.);
#3665=ORIENTED_EDGE('',*,*,#2831,.F.);
#3666=ORIENTED_EDGE('',*,*,#2851,.F.);
#3667=ORIENTED_EDGE('',*,*,#2841,.F.);
#3668=ORIENTED_EDGE('',*,*,#2850,.F.);
#3669=ORIENTED_EDGE('',*,*,#2826,.F.);
#3670=ORIENTED_EDGE('',*,*,#2846,.F.);
#3671=ORIENTED_EDGE('',*,*,#2836,.F.);
#3672=ORIENTED_EDGE('',*,*,#2848,.F.);
#3673=ORIENTED_EDGE('',*,*,#2853,.F.);
#3674=ORIENTED_EDGE('',*,*,#2854,.F.);
#3675=ORIENTED_EDGE('',*,*,#2855,.T.);
#3676=ORIENTED_EDGE('',*,*,#2856,.T.);
#3677=ORIENTED_EDGE('',*,*,#2857,.T.);
#3678=ORIENTED_EDGE('',*,*,#2858,.T.);
#3679=ORIENTED_EDGE('',*,*,#2859,.F.);
#3680=ORIENTED_EDGE('',*,*,#2860,.F.);
#3681=ORIENTED_EDGE('',*,*,#2861,.F.);
#3682=ORIENTED_EDGE('',*,*,#2862,.F.);
#3683=ORIENTED_EDGE('',*,*,#2863,.T.);
#3684=ORIENTED_EDGE('',*,*,#2864,.T.);
#3685=ORIENTED_EDGE('',*,*,#2865,.T.);
#3686=ORIENTED_EDGE('',*,*,#2866,.T.);
#3687=ORIENTED_EDGE('',*,*,#2867,.T.);
#3688=ORIENTED_EDGE('',*,*,#2868,.F.);
#3689=ORIENTED_EDGE('',*,*,#2869,.T.);
#3690=ORIENTED_EDGE('',*,*,#2870,.T.);
#3691=ORIENTED_EDGE('',*,*,#2863,.F.);
#3692=ORIENTED_EDGE('',*,*,#2871,.T.);
#3693=ORIENTED_EDGE('',*,*,#2872,.F.);
#3694=ORIENTED_EDGE('',*,*,#2868,.T.);
#3695=ORIENTED_EDGE('',*,*,#2862,.T.);
#3696=ORIENTED_EDGE('',*,*,#2873,.F.);
#3697=ORIENTED_EDGE('',*,*,#2874,.F.);
#3698=ORIENTED_EDGE('',*,*,#2873,.T.);
#3699=ORIENTED_EDGE('',*,*,#2861,.T.);
#3700=ORIENTED_EDGE('',*,*,#2875,.F.);
#3701=ORIENTED_EDGE('',*,*,#2876,.T.);
#3702=ORIENTED_EDGE('',*,*,#2875,.T.);
#3703=ORIENTED_EDGE('',*,*,#2860,.T.);
#3704=ORIENTED_EDGE('',*,*,#2877,.T.);
#3705=ORIENTED_EDGE('',*,*,#2878,.T.);
#3706=ORIENTED_EDGE('',*,*,#2879,.F.);
#3707=ORIENTED_EDGE('',*,*,#2877,.F.);
#3708=ORIENTED_EDGE('',*,*,#2859,.T.);
#3709=ORIENTED_EDGE('',*,*,#2880,.T.);
#3710=ORIENTED_EDGE('',*,*,#2869,.F.);
#3711=ORIENTED_EDGE('',*,*,#2872,.T.);
#3712=ORIENTED_EDGE('',*,*,#2874,.T.);
#3713=ORIENTED_EDGE('',*,*,#2876,.F.);
#3714=ORIENTED_EDGE('',*,*,#2879,.T.);
#3715=ORIENTED_EDGE('',*,*,#2881,.F.);
#3716=ORIENTED_EDGE('',*,*,#2882,.F.);
#3717=ORIENTED_EDGE('',*,*,#2883,.F.);
#3718=ORIENTED_EDGE('',*,*,#2884,.F.);
#3719=ORIENTED_EDGE('',*,*,#2878,.F.);
#3720=ORIENTED_EDGE('',*,*,#2858,.F.);
#3721=ORIENTED_EDGE('',*,*,#2870,.F.);
#3722=ORIENTED_EDGE('',*,*,#2880,.F.);
#3723=ORIENTED_EDGE('',*,*,#2864,.F.);
#3724=ORIENTED_EDGE('',*,*,#2885,.F.);
#3725=ORIENTED_EDGE('',*,*,#2886,.T.);
#3726=ORIENTED_EDGE('',*,*,#2887,.T.);
#3727=ORIENTED_EDGE('',*,*,#2865,.F.);
#3728=ORIENTED_EDGE('',*,*,#2887,.F.);
#3729=ORIENTED_EDGE('',*,*,#2888,.T.);
#3730=ORIENTED_EDGE('',*,*,#2889,.T.);
#3731=ORIENTED_EDGE('',*,*,#2866,.F.);
#3732=ORIENTED_EDGE('',*,*,#2889,.F.);
#3733=ORIENTED_EDGE('',*,*,#2890,.T.);
#3734=ORIENTED_EDGE('',*,*,#2891,.T.);
#3735=ORIENTED_EDGE('',*,*,#2867,.F.);
#3736=ORIENTED_EDGE('',*,*,#2891,.F.);
#3737=ORIENTED_EDGE('',*,*,#2892,.T.);
#3738=ORIENTED_EDGE('',*,*,#2885,.T.);
#3739=ORIENTED_EDGE('',*,*,#2886,.F.);
#3740=ORIENTED_EDGE('',*,*,#2892,.F.);
#3741=ORIENTED_EDGE('',*,*,#2890,.F.);
#3742=ORIENTED_EDGE('',*,*,#2888,.F.);
#3743=ORIENTED_EDGE('',*,*,#2882,.T.);
#3744=ORIENTED_EDGE('',*,*,#2893,.F.);
#3745=ORIENTED_EDGE('',*,*,#2894,.F.);
#3746=ORIENTED_EDGE('',*,*,#2895,.T.);
#3747=ORIENTED_EDGE('',*,*,#2881,.T.);
#3748=ORIENTED_EDGE('',*,*,#2896,.F.);
#3749=ORIENTED_EDGE('',*,*,#2897,.F.);
#3750=ORIENTED_EDGE('',*,*,#2893,.T.);
#3751=ORIENTED_EDGE('',*,*,#2884,.T.);
#3752=ORIENTED_EDGE('',*,*,#2898,.F.);
#3753=ORIENTED_EDGE('',*,*,#2899,.F.);
#3754=ORIENTED_EDGE('',*,*,#2896,.T.);
#3755=ORIENTED_EDGE('',*,*,#2883,.T.);
#3756=ORIENTED_EDGE('',*,*,#2895,.F.);
#3757=ORIENTED_EDGE('',*,*,#2900,.F.);
#3758=ORIENTED_EDGE('',*,*,#2898,.T.);
#3759=ORIENTED_EDGE('',*,*,#2894,.T.);
#3760=ORIENTED_EDGE('',*,*,#2897,.T.);
#3761=ORIENTED_EDGE('',*,*,#2899,.T.);
#3762=ORIENTED_EDGE('',*,*,#2900,.T.);
#3763=ORIENTED_EDGE('',*,*,#2871,.F.);
#3764=ORIENTED_EDGE('',*,*,#2901,.T.);
#3765=ORIENTED_EDGE('',*,*,#2902,.T.);
#3766=ORIENTED_EDGE('',*,*,#2901,.F.);
#3767=ORIENTED_EDGE('',*,*,#2903,.F.);
#3768=ORIENTED_EDGE('',*,*,#2904,.T.);
#3769=ORIENTED_EDGE('',*,*,#2905,.F.);
#3770=ORIENTED_EDGE('',*,*,#2904,.F.);
#3771=ORIENTED_EDGE('',*,*,#2903,.T.);
#3772=ORIENTED_EDGE('',*,*,#2902,.F.);
#3773=ORIENTED_EDGE('',*,*,#2906,.F.);
#3774=ORIENTED_EDGE('',*,*,#2907,.T.);
#3775=ORIENTED_EDGE('',*,*,#2908,.T.);
#3776=ORIENTED_EDGE('',*,*,#2907,.F.);
#3777=ORIENTED_EDGE('',*,*,#2909,.T.);
#3778=ORIENTED_EDGE('',*,*,#2906,.T.);
#3779=ORIENTED_EDGE('',*,*,#2905,.T.);
#3780=ORIENTED_EDGE('',*,*,#2908,.F.);
#3781=ORIENTED_EDGE('',*,*,#2909,.F.);
#3782=ORIENTED_EDGE('',*,*,#2910,.T.);
#3783=ORIENTED_EDGE('',*,*,#2853,.T.);
#3784=ORIENTED_EDGE('',*,*,#2910,.F.);
#3785=ORIENTED_EDGE('',*,*,#2855,.F.);
#3786=ORIENTED_EDGE('',*,*,#2911,.T.);
#3787=ORIENTED_EDGE('',*,*,#2857,.F.);
#3788=ORIENTED_EDGE('',*,*,#2912,.F.);
#3789=ORIENTED_EDGE('',*,*,#2911,.F.);
#3790=ORIENTED_EDGE('',*,*,#2854,.T.);
#3791=ORIENTED_EDGE('',*,*,#2913,.T.);
#3792=ORIENTED_EDGE('',*,*,#2856,.F.);
#3793=ORIENTED_EDGE('',*,*,#2912,.T.);
#3794=ORIENTED_EDGE('',*,*,#2914,.F.);
#3795=ORIENTED_EDGE('',*,*,#2913,.F.);
#3796=ORIENTED_EDGE('',*,*,#2915,.T.);
#3797=ORIENTED_EDGE('',*,*,#2914,.T.);
#3798=ORIENTED_EDGE('',*,*,#2915,.F.);
#3799=ORIENTED_EDGE('',*,*,#2916,.F.);
#3800=ORIENTED_EDGE('',*,*,#2917,.F.);
#3801=ORIENTED_EDGE('',*,*,#2918,.F.);
#3802=ORIENTED_EDGE('',*,*,#2919,.T.);
#3803=ORIENTED_EDGE('',*,*,#2920,.F.);
#3804=ORIENTED_EDGE('',*,*,#2921,.T.);
#3805=ORIENTED_EDGE('',*,*,#2922,.T.);
#3806=ORIENTED_EDGE('',*,*,#2923,.F.);
#3807=ORIENTED_EDGE('',*,*,#2919,.F.);
#3808=ORIENTED_EDGE('',*,*,#2924,.F.);
#3809=ORIENTED_EDGE('',*,*,#2925,.F.);
#3810=ORIENTED_EDGE('',*,*,#2922,.F.);
#3811=ORIENTED_EDGE('',*,*,#2926,.T.);
#3812=ORIENTED_EDGE('',*,*,#2927,.T.);
#3813=ORIENTED_EDGE('',*,*,#2928,.F.);
#3814=ORIENTED_EDGE('',*,*,#2927,.F.);
#3815=ORIENTED_EDGE('',*,*,#2929,.T.);
#3816=ORIENTED_EDGE('',*,*,#2930,.T.);
#3817=ORIENTED_EDGE('',*,*,#2931,.F.);
#3818=ORIENTED_EDGE('',*,*,#2930,.F.);
#3819=ORIENTED_EDGE('',*,*,#2932,.T.);
#3820=ORIENTED_EDGE('',*,*,#2933,.T.);
#3821=ORIENTED_EDGE('',*,*,#2934,.F.);
#3822=ORIENTED_EDGE('',*,*,#2933,.F.);
#3823=ORIENTED_EDGE('',*,*,#2935,.T.);
#3824=ORIENTED_EDGE('',*,*,#2936,.T.);
#3825=ORIENTED_EDGE('',*,*,#2937,.F.);
#3826=ORIENTED_EDGE('',*,*,#2936,.F.);
#3827=ORIENTED_EDGE('',*,*,#2938,.T.);
#3828=ORIENTED_EDGE('',*,*,#2939,.T.);
#3829=ORIENTED_EDGE('',*,*,#2940,.F.);
#3830=ORIENTED_EDGE('',*,*,#2941,.T.);
#3831=ORIENTED_EDGE('',*,*,#2942,.T.);
#3832=ORIENTED_EDGE('',*,*,#2941,.F.);
#3833=ORIENTED_EDGE('',*,*,#2943,.T.);
#3834=ORIENTED_EDGE('',*,*,#2944,.T.);
#3835=ORIENTED_EDGE('',*,*,#2945,.F.);
#3836=ORIENTED_EDGE('',*,*,#2944,.F.);
#3837=ORIENTED_EDGE('',*,*,#2917,.T.);
#3838=ORIENTED_EDGE('',*,*,#2946,.F.);
#3839=ORIENTED_EDGE('',*,*,#2939,.F.);
#3840=ORIENTED_EDGE('',*,*,#2947,.T.);
#3841=ORIENTED_EDGE('',*,*,#2948,.T.);
#3842=ORIENTED_EDGE('',*,*,#2949,.T.);
#3843=ORIENTED_EDGE('',*,*,#2921,.F.);
#3844=ORIENTED_EDGE('',*,*,#2950,.T.);
#3845=ORIENTED_EDGE('',*,*,#2947,.F.);
#3846=ORIENTED_EDGE('',*,*,#2938,.F.);
#3847=ORIENTED_EDGE('',*,*,#2935,.F.);
#3848=ORIENTED_EDGE('',*,*,#2932,.F.);
#3849=ORIENTED_EDGE('',*,*,#2929,.F.);
#3850=ORIENTED_EDGE('',*,*,#2926,.F.);
#3851=ORIENTED_EDGE('',*,*,#2943,.F.);
#3852=ORIENTED_EDGE('',*,*,#2940,.T.);
#3853=ORIENTED_EDGE('',*,*,#2923,.T.);
#3854=ORIENTED_EDGE('',*,*,#2925,.T.);
#3855=ORIENTED_EDGE('',*,*,#2928,.T.);
#3856=ORIENTED_EDGE('',*,*,#2931,.T.);
#3857=ORIENTED_EDGE('',*,*,#2934,.T.);
#3858=ORIENTED_EDGE('',*,*,#2937,.T.);
#3859=ORIENTED_EDGE('',*,*,#2946,.T.);
#3860=ORIENTED_EDGE('',*,*,#2916,.T.);
#3861=ORIENTED_EDGE('',*,*,#2945,.T.);
#3862=ORIENTED_EDGE('',*,*,#2942,.F.);
#3863=ORIENTED_EDGE('',*,*,#2948,.F.);
#3864=ORIENTED_EDGE('',*,*,#2950,.F.);
#3865=ORIENTED_EDGE('',*,*,#2920,.T.);
#3866=ORIENTED_EDGE('',*,*,#2951,.T.);
#3867=ORIENTED_EDGE('',*,*,#2949,.F.);
#3868=ORIENTED_EDGE('',*,*,#2951,.F.);
#3869=ORIENTED_EDGE('',*,*,#2924,.T.);
#3870=ORIENTED_EDGE('',*,*,#2918,.T.);
#3871=ORIENTED_EDGE('',*,*,#2952,.F.);
#3872=ORIENTED_EDGE('',*,*,#2953,.T.);
#3873=ORIENTED_EDGE('',*,*,#2954,.T.);
#3874=ORIENTED_EDGE('',*,*,#2953,.F.);
#3875=ORIENTED_EDGE('',*,*,#2955,.T.);
#3876=ORIENTED_EDGE('',*,*,#2956,.T.);
#3877=ORIENTED_EDGE('',*,*,#2957,.F.);
#3878=ORIENTED_EDGE('',*,*,#2958,.T.);
#3879=ORIENTED_EDGE('',*,*,#2959,.T.);
#3880=ORIENTED_EDGE('',*,*,#2960,.F.);
#3881=ORIENTED_EDGE('',*,*,#2961,.F.);
#3882=ORIENTED_EDGE('',*,*,#2962,.F.);
#3883=ORIENTED_EDGE('',*,*,#2963,.F.);
#3884=ORIENTED_EDGE('',*,*,#2964,.T.);
#3885=ORIENTED_EDGE('',*,*,#2965,.T.);
#3886=ORIENTED_EDGE('',*,*,#2966,.F.);
#3887=ORIENTED_EDGE('',*,*,#2967,.F.);
#3888=ORIENTED_EDGE('',*,*,#2962,.T.);
#3889=ORIENTED_EDGE('',*,*,#2968,.T.);
#3890=ORIENTED_EDGE('',*,*,#2969,.T.);
#3891=ORIENTED_EDGE('',*,*,#2970,.F.);
#3892=ORIENTED_EDGE('',*,*,#2971,.F.);
#3893=ORIENTED_EDGE('',*,*,#2972,.F.);
#3894=ORIENTED_EDGE('',*,*,#2966,.T.);
#3895=ORIENTED_EDGE('',*,*,#2973,.T.);
#3896=ORIENTED_EDGE('',*,*,#2974,.T.);
#3897=ORIENTED_EDGE('',*,*,#2975,.F.);
#3898=ORIENTED_EDGE('',*,*,#2959,.F.);
#3899=ORIENTED_EDGE('',*,*,#2976,.F.);
#3900=ORIENTED_EDGE('',*,*,#2971,.T.);
#3901=ORIENTED_EDGE('',*,*,#2977,.F.);
#3902=ORIENTED_EDGE('',*,*,#2978,.F.);
#3903=ORIENTED_EDGE('',*,*,#2964,.F.);
#3904=ORIENTED_EDGE('',*,*,#2979,.F.);
#3905=ORIENTED_EDGE('',*,*,#2957,.T.);
#3906=ORIENTED_EDGE('',*,*,#2980,.F.);
#3907=ORIENTED_EDGE('',*,*,#2958,.F.);
#3908=ORIENTED_EDGE('',*,*,#2979,.T.);
#3909=ORIENTED_EDGE('',*,*,#2981,.T.);
#3910=ORIENTED_EDGE('',*,*,#2977,.T.);
#3911=ORIENTED_EDGE('',*,*,#2963,.T.);
#3912=ORIENTED_EDGE('',*,*,#2967,.T.);
#3913=ORIENTED_EDGE('',*,*,#2972,.T.);
#3914=ORIENTED_EDGE('',*,*,#2976,.T.);
#3915=ORIENTED_EDGE('',*,*,#2982,.T.);
#3916=ORIENTED_EDGE('',*,*,#2983,.F.);
#3917=ORIENTED_EDGE('',*,*,#2955,.F.);
#3918=ORIENTED_EDGE('',*,*,#2975,.T.);
#3919=ORIENTED_EDGE('',*,*,#2984,.T.);
#3920=ORIENTED_EDGE('',*,*,#2985,.F.);
#3921=ORIENTED_EDGE('',*,*,#2986,.F.);
#3922=ORIENTED_EDGE('',*,*,#2987,.F.);
#3923=ORIENTED_EDGE('',*,*,#2982,.F.);
#3924=ORIENTED_EDGE('',*,*,#2988,.F.);
#3925=ORIENTED_EDGE('',*,*,#2961,.T.);
#3926=ORIENTED_EDGE('',*,*,#2989,.F.);
#3927=ORIENTED_EDGE('',*,*,#2986,.T.);
#3928=ORIENTED_EDGE('',*,*,#2990,.T.);
#3929=ORIENTED_EDGE('',*,*,#2991,.T.);
#3930=ORIENTED_EDGE('',*,*,#2968,.F.);
#3931=ORIENTED_EDGE('',*,*,#2992,.T.);
#3932=ORIENTED_EDGE('',*,*,#2965,.F.);
#3933=ORIENTED_EDGE('',*,*,#2991,.F.);
#3934=ORIENTED_EDGE('',*,*,#2993,.F.);
#3935=ORIENTED_EDGE('',*,*,#2994,.T.);
#3936=ORIENTED_EDGE('',*,*,#2973,.F.);
#3937=ORIENTED_EDGE('',*,*,#2992,.F.);
#3938=ORIENTED_EDGE('',*,*,#2995,.T.);
#3939=ORIENTED_EDGE('',*,*,#2996,.T.);
#3940=ORIENTED_EDGE('',*,*,#2997,.F.);
#3941=ORIENTED_EDGE('',*,*,#2969,.F.);
#3942=ORIENTED_EDGE('',*,*,#2994,.F.);
#3943=ORIENTED_EDGE('',*,*,#2998,.F.);
#3944=ORIENTED_EDGE('',*,*,#2999,.F.);
#3945=ORIENTED_EDGE('',*,*,#2999,.T.);
#3946=ORIENTED_EDGE('',*,*,#3000,.F.);
#3947=ORIENTED_EDGE('',*,*,#3001,.F.);
#3948=ORIENTED_EDGE('',*,*,#2970,.T.);
#3949=ORIENTED_EDGE('',*,*,#3002,.F.);
#3950=ORIENTED_EDGE('',*,*,#3003,.T.);
#3951=ORIENTED_EDGE('',*,*,#2984,.F.);
#3952=ORIENTED_EDGE('',*,*,#2974,.F.);
#3953=ORIENTED_EDGE('',*,*,#3001,.T.);
#3954=ORIENTED_EDGE('',*,*,#3004,.F.);
#3955=ORIENTED_EDGE('',*,*,#3005,.T.);
#3956=ORIENTED_EDGE('',*,*,#3006,.T.);
#3957=ORIENTED_EDGE('',*,*,#3007,.F.);
#3958=ORIENTED_EDGE('',*,*,#3006,.F.);
#3959=ORIENTED_EDGE('',*,*,#3004,.T.);
#3960=ORIENTED_EDGE('',*,*,#3000,.T.);
#3961=ORIENTED_EDGE('',*,*,#2998,.T.);
#3962=ORIENTED_EDGE('',*,*,#2995,.F.);
#3963=ORIENTED_EDGE('',*,*,#2993,.T.);
#3964=ORIENTED_EDGE('',*,*,#2990,.F.);
#3965=ORIENTED_EDGE('',*,*,#2988,.T.);
#3966=ORIENTED_EDGE('',*,*,#2985,.T.);
#3967=ORIENTED_EDGE('',*,*,#2952,.T.);
#3968=ORIENTED_EDGE('',*,*,#3005,.F.);
#3969=ORIENTED_EDGE('',*,*,#2981,.F.);
#3970=ORIENTED_EDGE('',*,*,#2980,.T.);
#3971=ORIENTED_EDGE('',*,*,#2956,.F.);
#3972=ORIENTED_EDGE('',*,*,#2983,.T.);
#3973=ORIENTED_EDGE('',*,*,#2987,.T.);
#3974=ORIENTED_EDGE('',*,*,#2989,.T.);
#3975=ORIENTED_EDGE('',*,*,#2960,.T.);
#3976=ORIENTED_EDGE('',*,*,#2978,.T.);
#3977=ORIENTED_EDGE('',*,*,#2954,.F.);
#3978=ORIENTED_EDGE('',*,*,#3007,.T.);
#3979=ORIENTED_EDGE('',*,*,#3003,.F.);
#3980=ORIENTED_EDGE('',*,*,#3008,.T.);
#3981=ORIENTED_EDGE('',*,*,#2997,.T.);
#3982=ORIENTED_EDGE('',*,*,#3008,.F.);
#3983=ORIENTED_EDGE('',*,*,#3002,.T.);
#3984=ORIENTED_EDGE('',*,*,#3009,.T.);
#3985=ORIENTED_EDGE('',*,*,#2996,.F.);
#3986=ORIENTED_EDGE('',*,*,#3009,.F.);
#3987=ORIENTED_EDGE('',*,*,#3010,.F.);
#3988=ORIENTED_EDGE('',*,*,#3011,.T.);
#3989=ORIENTED_EDGE('',*,*,#3012,.T.);
#3990=ORIENTED_EDGE('',*,*,#3013,.T.);
#3991=ORIENTED_EDGE('',*,*,#3014,.T.);
#3992=ORIENTED_EDGE('',*,*,#3015,.T.);
#3993=ORIENTED_EDGE('',*,*,#3016,.T.);
#3994=ORIENTED_EDGE('',*,*,#3017,.T.);
#3995=ORIENTED_EDGE('',*,*,#3018,.F.);
#3996=ORIENTED_EDGE('',*,*,#3019,.T.);
#3997=ORIENTED_EDGE('',*,*,#3020,.T.);
#3998=ORIENTED_EDGE('',*,*,#3021,.T.);
#3999=ORIENTED_EDGE('',*,*,#3022,.T.);
#4000=ORIENTED_EDGE('',*,*,#3023,.T.);
#4001=ORIENTED_EDGE('',*,*,#3024,.T.);
#4002=ORIENTED_EDGE('',*,*,#3025,.T.);
#4003=ORIENTED_EDGE('',*,*,#3026,.T.);
#4004=ORIENTED_EDGE('',*,*,#3027,.F.);
#4005=ORIENTED_EDGE('',*,*,#3028,.F.);
#4006=ORIENTED_EDGE('',*,*,#3029,.T.);
#4007=ORIENTED_EDGE('',*,*,#3030,.T.);
#4008=ORIENTED_EDGE('',*,*,#3031,.F.);
#4009=ORIENTED_EDGE('',*,*,#3032,.T.);
#4010=ORIENTED_EDGE('',*,*,#3033,.F.);
#4011=ORIENTED_EDGE('',*,*,#3011,.F.);
#4012=ORIENTED_EDGE('',*,*,#3034,.F.);
#4013=ORIENTED_EDGE('',*,*,#3035,.F.);
#4014=ORIENTED_EDGE('',*,*,#3036,.T.);
#4015=ORIENTED_EDGE('',*,*,#3025,.F.);
#4016=ORIENTED_EDGE('',*,*,#3037,.T.);
#4017=ORIENTED_EDGE('',*,*,#3038,.T.);
#4018=ORIENTED_EDGE('',*,*,#3027,.T.);
#4019=ORIENTED_EDGE('',*,*,#3039,.T.);
#4020=ORIENTED_EDGE('',*,*,#3040,.F.);
#4021=ORIENTED_EDGE('',*,*,#3041,.F.);
#4022=ORIENTED_EDGE('',*,*,#3031,.T.);
#4023=ORIENTED_EDGE('',*,*,#3042,.T.);
#4024=ORIENTED_EDGE('',*,*,#3029,.F.);
#4025=ORIENTED_EDGE('',*,*,#3043,.T.);
#4026=ORIENTED_EDGE('',*,*,#3044,.F.);
#4027=ORIENTED_EDGE('',*,*,#3019,.F.);
#4028=ORIENTED_EDGE('',*,*,#3045,.F.);
#4029=ORIENTED_EDGE('',*,*,#3046,.F.);
#4030=ORIENTED_EDGE('',*,*,#3047,.T.);
#4031=ORIENTED_EDGE('',*,*,#3017,.F.);
#4032=ORIENTED_EDGE('',*,*,#3048,.T.);
#4033=ORIENTED_EDGE('',*,*,#3049,.T.);
#4034=ORIENTED_EDGE('',*,*,#3040,.T.);
#4035=ORIENTED_EDGE('',*,*,#3026,.F.);
#4036=ORIENTED_EDGE('',*,*,#3042,.F.);
#4037=ORIENTED_EDGE('',*,*,#3039,.F.);
#4038=ORIENTED_EDGE('',*,*,#3030,.F.);
#4039=ORIENTED_EDGE('',*,*,#3043,.F.);
#4040=ORIENTED_EDGE('',*,*,#3028,.T.);
#4041=ORIENTED_EDGE('',*,*,#3038,.F.);
#4042=ORIENTED_EDGE('',*,*,#3050,.F.);
#4043=ORIENTED_EDGE('',*,*,#3051,.F.);
#4044=ORIENTED_EDGE('',*,*,#3052,.F.);
#4045=ORIENTED_EDGE('',*,*,#3053,.F.);
#4046=ORIENTED_EDGE('',*,*,#3054,.F.);
#4047=ORIENTED_EDGE('',*,*,#3054,.T.);
#4048=ORIENTED_EDGE('',*,*,#3055,.F.);
#4049=ORIENTED_EDGE('',*,*,#3020,.F.);
#4050=ORIENTED_EDGE('',*,*,#3044,.T.);
#4051=ORIENTED_EDGE('',*,*,#3053,.T.);
#4052=ORIENTED_EDGE('',*,*,#3056,.F.);
#4053=ORIENTED_EDGE('',*,*,#3021,.F.);
#4054=ORIENTED_EDGE('',*,*,#3055,.T.);
#4055=ORIENTED_EDGE('',*,*,#3052,.T.);
#4056=ORIENTED_EDGE('',*,*,#3057,.F.);
#4057=ORIENTED_EDGE('',*,*,#3022,.F.);
#4058=ORIENTED_EDGE('',*,*,#3056,.T.);
#4059=ORIENTED_EDGE('',*,*,#3051,.T.);
#4060=ORIENTED_EDGE('',*,*,#3058,.F.);
#4061=ORIENTED_EDGE('',*,*,#3023,.F.);
#4062=ORIENTED_EDGE('',*,*,#3057,.T.);
#4063=ORIENTED_EDGE('',*,*,#3050,.T.);
#4064=ORIENTED_EDGE('',*,*,#3037,.F.);
#4065=ORIENTED_EDGE('',*,*,#3024,.F.);
#4066=ORIENTED_EDGE('',*,*,#3058,.T.);
#4067=ORIENTED_EDGE('',*,*,#3059,.T.);
#4068=ORIENTED_EDGE('',*,*,#3060,.F.);
#4069=ORIENTED_EDGE('',*,*,#3012,.F.);
#4070=ORIENTED_EDGE('',*,*,#3033,.T.);
#4071=ORIENTED_EDGE('',*,*,#3061,.T.);
#4072=ORIENTED_EDGE('',*,*,#3062,.F.);
#4073=ORIENTED_EDGE('',*,*,#3013,.F.);
#4074=ORIENTED_EDGE('',*,*,#3060,.T.);
#4075=ORIENTED_EDGE('',*,*,#3063,.T.);
#4076=ORIENTED_EDGE('',*,*,#3064,.F.);
#4077=ORIENTED_EDGE('',*,*,#3014,.F.);
#4078=ORIENTED_EDGE('',*,*,#3062,.T.);
#4079=ORIENTED_EDGE('',*,*,#3065,.T.);
#4080=ORIENTED_EDGE('',*,*,#3066,.F.);
#4081=ORIENTED_EDGE('',*,*,#3015,.F.);
#4082=ORIENTED_EDGE('',*,*,#3064,.T.);
#4083=ORIENTED_EDGE('',*,*,#3067,.T.);
#4084=ORIENTED_EDGE('',*,*,#3048,.F.);
#4085=ORIENTED_EDGE('',*,*,#3016,.F.);
#4086=ORIENTED_EDGE('',*,*,#3066,.T.);
#4087=ORIENTED_EDGE('',*,*,#3032,.F.);
#4088=ORIENTED_EDGE('',*,*,#3041,.T.);
#4089=ORIENTED_EDGE('',*,*,#3049,.F.);
#4090=ORIENTED_EDGE('',*,*,#3067,.F.);
#4091=ORIENTED_EDGE('',*,*,#3065,.F.);
#4092=ORIENTED_EDGE('',*,*,#3063,.F.);
#4093=ORIENTED_EDGE('',*,*,#3061,.F.);
#4094=ORIENTED_EDGE('',*,*,#3059,.F.);
#4095=ORIENTED_EDGE('',*,*,#3010,.T.);
#4096=ORIENTED_EDGE('',*,*,#3047,.F.);
#4097=ORIENTED_EDGE('',*,*,#3068,.F.);
#4098=ORIENTED_EDGE('',*,*,#3034,.T.);
#4099=ORIENTED_EDGE('',*,*,#3018,.T.);
#4100=ORIENTED_EDGE('',*,*,#3036,.F.);
#4101=ORIENTED_EDGE('',*,*,#3069,.F.);
#4102=ORIENTED_EDGE('',*,*,#3045,.T.);
#4103=ORIENTED_EDGE('',*,*,#3035,.T.);
#4104=ORIENTED_EDGE('',*,*,#3068,.T.);
#4105=ORIENTED_EDGE('',*,*,#3046,.T.);
#4106=ORIENTED_EDGE('',*,*,#3069,.T.);
#4107=ORIENTED_EDGE('',*,*,#3070,.T.);
#4108=ORIENTED_EDGE('',*,*,#3070,.F.);
#4109=ORIENTED_EDGE('',*,*,#3071,.T.);
#4110=ORIENTED_EDGE('',*,*,#3072,.T.);
#4111=ORIENTED_EDGE('',*,*,#3071,.F.);
#4112=ORIENTED_EDGE('',*,*,#3072,.F.);
#4113=ORIENTED_EDGE('',*,*,#3073,.T.);
#4114=ORIENTED_EDGE('',*,*,#3073,.F.);
#4115=ORIENTED_EDGE('',*,*,#3074,.T.);
#4116=ORIENTED_EDGE('',*,*,#3075,.T.);
#4117=ORIENTED_EDGE('',*,*,#3074,.F.);
#4118=ORIENTED_EDGE('',*,*,#3075,.F.);
#4119=ORIENTED_EDGE('',*,*,#3076,.F.);
#4120=ORIENTED_EDGE('',*,*,#3077,.T.);
#4121=ORIENTED_EDGE('',*,*,#3078,.T.);
#4122=ORIENTED_EDGE('',*,*,#3077,.F.);
#4123=ORIENTED_EDGE('',*,*,#3076,.T.);
#4124=ORIENTED_EDGE('',*,*,#3079,.F.);
#4125=ORIENTED_EDGE('',*,*,#3080,.T.);
#4126=ORIENTED_EDGE('',*,*,#3081,.T.);
#4127=ORIENTED_EDGE('',*,*,#3080,.F.);
#4128=ORIENTED_EDGE('',*,*,#3081,.F.);
#4129=ORIENTED_EDGE('',*,*,#3079,.T.);
#4130=ORIENTED_EDGE('',*,*,#3078,.F.);
#4131=ORIENTED_EDGE('',*,*,#3082,.F.);
#4132=ORIENTED_EDGE('',*,*,#3083,.T.);
#4133=ORIENTED_EDGE('',*,*,#3084,.F.);
#4134=ORIENTED_EDGE('',*,*,#3085,.F.);
#4135=ORIENTED_EDGE('',*,*,#3086,.F.);
#4136=ORIENTED_EDGE('',*,*,#3087,.T.);
#4137=ORIENTED_EDGE('',*,*,#3088,.T.);
#4138=ORIENTED_EDGE('',*,*,#3089,.F.);
#4139=ORIENTED_EDGE('',*,*,#3090,.F.);
#4140=ORIENTED_EDGE('',*,*,#3091,.T.);
#4141=ORIENTED_EDGE('',*,*,#3092,.F.);
#4142=ORIENTED_EDGE('',*,*,#3093,.T.);
#4143=ORIENTED_EDGE('',*,*,#3094,.T.);
#4144=ORIENTED_EDGE('',*,*,#3095,.T.);
#4145=ORIENTED_EDGE('',*,*,#3096,.F.);
#4146=ORIENTED_EDGE('',*,*,#3097,.T.);
#4147=ORIENTED_EDGE('',*,*,#3098,.F.);
#4148=ORIENTED_EDGE('',*,*,#3099,.F.);
#4149=ORIENTED_EDGE('',*,*,#3100,.F.);
#4150=ORIENTED_EDGE('',*,*,#3101,.T.);
#4151=ORIENTED_EDGE('',*,*,#3102,.F.);
#4152=ORIENTED_EDGE('',*,*,#3103,.F.);
#4153=ORIENTED_EDGE('',*,*,#3104,.F.);
#4154=ORIENTED_EDGE('',*,*,#3101,.F.);
#4155=ORIENTED_EDGE('',*,*,#3105,.T.);
#4156=ORIENTED_EDGE('',*,*,#3106,.T.);
#4157=ORIENTED_EDGE('',*,*,#3107,.F.);
#4158=ORIENTED_EDGE('',*,*,#3108,.F.);
#4159=ORIENTED_EDGE('',*,*,#3109,.T.);
#4160=ORIENTED_EDGE('',*,*,#3110,.F.);
#4161=ORIENTED_EDGE('',*,*,#3111,.F.);
#4162=ORIENTED_EDGE('',*,*,#3112,.T.);
#4163=ORIENTED_EDGE('',*,*,#3113,.T.);
#4164=ORIENTED_EDGE('',*,*,#3114,.T.);
#4165=ORIENTED_EDGE('',*,*,#3115,.F.);
#4166=ORIENTED_EDGE('',*,*,#3116,.F.);
#4167=ORIENTED_EDGE('',*,*,#3117,.T.);
#4168=ORIENTED_EDGE('',*,*,#3118,.T.);
#4169=ORIENTED_EDGE('',*,*,#3119,.F.);
#4170=ORIENTED_EDGE('',*,*,#3120,.F.);
#4171=ORIENTED_EDGE('',*,*,#3103,.T.);
#4172=ORIENTED_EDGE('',*,*,#3121,.T.);
#4173=ORIENTED_EDGE('',*,*,#3122,.T.);
#4174=ORIENTED_EDGE('',*,*,#3123,.T.);
#4175=ORIENTED_EDGE('',*,*,#3109,.F.);
#4176=ORIENTED_EDGE('',*,*,#3124,.T.);
#4177=ORIENTED_EDGE('',*,*,#3093,.F.);
#4178=ORIENTED_EDGE('',*,*,#3125,.T.);
#4179=ORIENTED_EDGE('',*,*,#3126,.F.);
#4180=ORIENTED_EDGE('',*,*,#3097,.F.);
#4181=ORIENTED_EDGE('',*,*,#3127,.T.);
#4182=ORIENTED_EDGE('',*,*,#3105,.F.);
#4183=ORIENTED_EDGE('',*,*,#3128,.T.);
#4184=ORIENTED_EDGE('',*,*,#3083,.F.);
#4185=ORIENTED_EDGE('',*,*,#3129,.T.);
#4186=ORIENTED_EDGE('',*,*,#3119,.T.);
#4187=ORIENTED_EDGE('',*,*,#3130,.F.);
#4188=ORIENTED_EDGE('',*,*,#3111,.T.);
#4189=ORIENTED_EDGE('',*,*,#3131,.F.);
#4190=ORIENTED_EDGE('',*,*,#3091,.F.);
#4191=ORIENTED_EDGE('',*,*,#3132,.T.);
#4192=ORIENTED_EDGE('',*,*,#3087,.F.);
#4193=ORIENTED_EDGE('',*,*,#3133,.T.);
#4194=ORIENTED_EDGE('',*,*,#3115,.T.);
#4195=ORIENTED_EDGE('',*,*,#3114,.F.);
#4196=ORIENTED_EDGE('',*,*,#3134,.T.);
#4197=ORIENTED_EDGE('',*,*,#3088,.F.);
#4198=ORIENTED_EDGE('',*,*,#3132,.F.);
#4199=ORIENTED_EDGE('',*,*,#3116,.T.);
#4200=ORIENTED_EDGE('',*,*,#3133,.F.);
#4201=ORIENTED_EDGE('',*,*,#3086,.T.);
#4202=ORIENTED_EDGE('',*,*,#3135,.F.);
#4203=ORIENTED_EDGE('',*,*,#3090,.T.);
#4204=ORIENTED_EDGE('',*,*,#3136,.F.);
#4205=ORIENTED_EDGE('',*,*,#3112,.F.);
#4206=ORIENTED_EDGE('',*,*,#3130,.T.);
#4207=ORIENTED_EDGE('',*,*,#3089,.T.);
#4208=ORIENTED_EDGE('',*,*,#3134,.F.);
#4209=ORIENTED_EDGE('',*,*,#3113,.F.);
#4210=ORIENTED_EDGE('',*,*,#3136,.T.);
#4211=ORIENTED_EDGE('',*,*,#3084,.T.);
#4212=ORIENTED_EDGE('',*,*,#3128,.F.);
#4213=ORIENTED_EDGE('',*,*,#3118,.F.);
#4214=ORIENTED_EDGE('',*,*,#3137,.T.);
#4215=ORIENTED_EDGE('',*,*,#3085,.T.);
#4216=ORIENTED_EDGE('',*,*,#3137,.F.);
#4217=ORIENTED_EDGE('',*,*,#3117,.F.);
#4218=ORIENTED_EDGE('',*,*,#3135,.T.);
#4219=ORIENTED_EDGE('',*,*,#3106,.F.);
#4220=ORIENTED_EDGE('',*,*,#3127,.F.);
#4221=ORIENTED_EDGE('',*,*,#3096,.T.);
#4222=ORIENTED_EDGE('',*,*,#3138,.F.);
#4223=ORIENTED_EDGE('',*,*,#3123,.F.);
#4224=ORIENTED_EDGE('',*,*,#3139,.T.);
#4225=ORIENTED_EDGE('',*,*,#3098,.T.);
#4226=ORIENTED_EDGE('',*,*,#3126,.T.);
#4227=ORIENTED_EDGE('',*,*,#3094,.F.);
#4228=ORIENTED_EDGE('',*,*,#3124,.F.);
#4229=ORIENTED_EDGE('',*,*,#3108,.T.);
#4230=ORIENTED_EDGE('',*,*,#3140,.T.);
#4231=ORIENTED_EDGE('',*,*,#3095,.F.);
#4232=ORIENTED_EDGE('',*,*,#3140,.F.);
#4233=ORIENTED_EDGE('',*,*,#3107,.T.);
#4234=ORIENTED_EDGE('',*,*,#3138,.T.);
#4235=ORIENTED_EDGE('',*,*,#3100,.T.);
#4236=ORIENTED_EDGE('',*,*,#3141,.F.);
#4237=ORIENTED_EDGE('',*,*,#3121,.F.);
#4238=ORIENTED_EDGE('',*,*,#3102,.T.);
#4239=ORIENTED_EDGE('',*,*,#3099,.T.);
#4240=ORIENTED_EDGE('',*,*,#3139,.F.);
#4241=ORIENTED_EDGE('',*,*,#3122,.F.);
#4242=ORIENTED_EDGE('',*,*,#3141,.T.);
#4243=ORIENTED_EDGE('',*,*,#3142,.F.);
#4244=ORIENTED_EDGE('',*,*,#3143,.F.);
#4245=ORIENTED_EDGE('',*,*,#3082,.T.);
#4246=ORIENTED_EDGE('',*,*,#3144,.T.);
#4247=ORIENTED_EDGE('',*,*,#3145,.F.);
#4248=ORIENTED_EDGE('',*,*,#3146,.F.);
#4249=ORIENTED_EDGE('',*,*,#3092,.T.);
#4250=ORIENTED_EDGE('',*,*,#3147,.T.);
#4251=ORIENTED_EDGE('',*,*,#3148,.F.);
#4252=ORIENTED_EDGE('',*,*,#3142,.T.);
#4253=ORIENTED_EDGE('',*,*,#3149,.F.);
#4254=ORIENTED_EDGE('',*,*,#3150,.T.);
#4255=ORIENTED_EDGE('',*,*,#3151,.T.);
#4256=ORIENTED_EDGE('',*,*,#3152,.T.);
#4257=ORIENTED_EDGE('',*,*,#3153,.F.);
#4258=ORIENTED_EDGE('',*,*,#3154,.F.);
#4259=ORIENTED_EDGE('',*,*,#3155,.T.);
#4260=ORIENTED_EDGE('',*,*,#3156,.T.);
#4261=ORIENTED_EDGE('',*,*,#3157,.T.);
#4262=ORIENTED_EDGE('',*,*,#3145,.T.);
#4263=ORIENTED_EDGE('',*,*,#3158,.T.);
#4264=ORIENTED_EDGE('',*,*,#3159,.T.);
#4265=ORIENTED_EDGE('',*,*,#3160,.T.);
#4266=ORIENTED_EDGE('',*,*,#3161,.T.);
#4267=ORIENTED_EDGE('',*,*,#3162,.T.);
#4268=ORIENTED_EDGE('',*,*,#3163,.T.);
#4269=ORIENTED_EDGE('',*,*,#3164,.F.);
#4270=ORIENTED_EDGE('',*,*,#3165,.F.);
#4271=ORIENTED_EDGE('',*,*,#3166,.F.);
#4272=ORIENTED_EDGE('',*,*,#3158,.F.);
#4273=ORIENTED_EDGE('',*,*,#3167,.F.);
#4274=ORIENTED_EDGE('',*,*,#3168,.F.);
#4275=ORIENTED_EDGE('',*,*,#3157,.F.);
#4276=ORIENTED_EDGE('',*,*,#3169,.T.);
#4277=ORIENTED_EDGE('',*,*,#3170,.F.);
#4278=ORIENTED_EDGE('',*,*,#3171,.T.);
#4279=ORIENTED_EDGE('',*,*,#3172,.F.);
#4280=ORIENTED_EDGE('',*,*,#3173,.F.);
#4281=ORIENTED_EDGE('',*,*,#3174,.T.);
#4282=ORIENTED_EDGE('',*,*,#3162,.F.);
#4283=ORIENTED_EDGE('',*,*,#3175,.T.);
#4284=ORIENTED_EDGE('',*,*,#3176,.T.);
#4285=ORIENTED_EDGE('',*,*,#3177,.F.);
#4286=ORIENTED_EDGE('',*,*,#3178,.F.);
#4287=ORIENTED_EDGE('',*,*,#3179,.F.);
#4288=ORIENTED_EDGE('',*,*,#3180,.T.);
#4289=ORIENTED_EDGE('',*,*,#3181,.T.);
#4290=ORIENTED_EDGE('',*,*,#3182,.F.);
#4291=ORIENTED_EDGE('',*,*,#3183,.F.);
#4292=ORIENTED_EDGE('',*,*,#3184,.T.);
#4293=ORIENTED_EDGE('',*,*,#3185,.T.);
#4294=ORIENTED_EDGE('',*,*,#3170,.T.);
#4295=ORIENTED_EDGE('',*,*,#3186,.T.);
#4296=ORIENTED_EDGE('',*,*,#3187,.T.);
#4297=ORIENTED_EDGE('',*,*,#3188,.F.);
#4298=ORIENTED_EDGE('',*,*,#3173,.T.);
#4299=ORIENTED_EDGE('',*,*,#3189,.F.);
#4300=ORIENTED_EDGE('',*,*,#3190,.F.);
#4301=ORIENTED_EDGE('',*,*,#3191,.F.);
#4302=ORIENTED_EDGE('',*,*,#3168,.T.);
#4303=ORIENTED_EDGE('',*,*,#3192,.T.);
#4304=ORIENTED_EDGE('',*,*,#3176,.F.);
#4305=ORIENTED_EDGE('',*,*,#3193,.T.);
#4306=ORIENTED_EDGE('',*,*,#3148,.T.);
#4307=ORIENTED_EDGE('',*,*,#3194,.F.);
#4308=ORIENTED_EDGE('',*,*,#3149,.T.);
#4309=ORIENTED_EDGE('',*,*,#3195,.F.);
#4310=ORIENTED_EDGE('',*,*,#3184,.F.);
#4311=ORIENTED_EDGE('',*,*,#3196,.T.);
#4312=ORIENTED_EDGE('',*,*,#3180,.F.);
#4313=ORIENTED_EDGE('',*,*,#3197,.T.);
#4314=ORIENTED_EDGE('',*,*,#3153,.T.);
#4315=ORIENTED_EDGE('',*,*,#3167,.T.);
#4316=ORIENTED_EDGE('',*,*,#3147,.F.);
#4317=ORIENTED_EDGE('',*,*,#3104,.T.);
#4318=ORIENTED_EDGE('',*,*,#3120,.T.);
#4319=ORIENTED_EDGE('',*,*,#3129,.F.);
#4320=ORIENTED_EDGE('',*,*,#3143,.T.);
#4321=ORIENTED_EDGE('',*,*,#3193,.F.);
#4322=ORIENTED_EDGE('',*,*,#3175,.F.);
#4323=ORIENTED_EDGE('',*,*,#3195,.T.);
#4324=ORIENTED_EDGE('',*,*,#3144,.F.);
#4325=ORIENTED_EDGE('',*,*,#3131,.T.);
#4326=ORIENTED_EDGE('',*,*,#3110,.T.);
#4327=ORIENTED_EDGE('',*,*,#3125,.F.);
#4328=ORIENTED_EDGE('',*,*,#3146,.T.);
#4329=ORIENTED_EDGE('',*,*,#3171,.F.);
#4330=ORIENTED_EDGE('',*,*,#3185,.F.);
#4331=ORIENTED_EDGE('',*,*,#3152,.F.);
#4332=ORIENTED_EDGE('',*,*,#3198,.T.);
#4333=ORIENTED_EDGE('',*,*,#3181,.F.);
#4334=ORIENTED_EDGE('',*,*,#3196,.F.);
#4335=ORIENTED_EDGE('',*,*,#3154,.T.);
#4336=ORIENTED_EDGE('',*,*,#3197,.F.);
#4337=ORIENTED_EDGE('',*,*,#3179,.T.);
#4338=ORIENTED_EDGE('',*,*,#3199,.F.);
#4339=ORIENTED_EDGE('',*,*,#3183,.T.);
#4340=ORIENTED_EDGE('',*,*,#3200,.F.);
#4341=ORIENTED_EDGE('',*,*,#3150,.F.);
#4342=ORIENTED_EDGE('',*,*,#3194,.T.);
#4343=ORIENTED_EDGE('',*,*,#3182,.T.);
#4344=ORIENTED_EDGE('',*,*,#3198,.F.);
#4345=ORIENTED_EDGE('',*,*,#3151,.F.);
#4346=ORIENTED_EDGE('',*,*,#3200,.T.);
#4347=ORIENTED_EDGE('',*,*,#3177,.T.);
#4348=ORIENTED_EDGE('',*,*,#3192,.F.);
#4349=ORIENTED_EDGE('',*,*,#3156,.F.);
#4350=ORIENTED_EDGE('',*,*,#3201,.T.);
#4351=ORIENTED_EDGE('',*,*,#3178,.T.);
#4352=ORIENTED_EDGE('',*,*,#3201,.F.);
#4353=ORIENTED_EDGE('',*,*,#3155,.F.);
#4354=ORIENTED_EDGE('',*,*,#3199,.T.);
#4355=ORIENTED_EDGE('',*,*,#3163,.F.);
#4356=ORIENTED_EDGE('',*,*,#3174,.F.);
#4357=ORIENTED_EDGE('',*,*,#3188,.T.);
#4358=ORIENTED_EDGE('',*,*,#3202,.F.);
#4359=ORIENTED_EDGE('',*,*,#3161,.F.);
#4360=ORIENTED_EDGE('',*,*,#3203,.T.);
#4361=ORIENTED_EDGE('',*,*,#3189,.T.);
#4362=ORIENTED_EDGE('',*,*,#3172,.T.);
#4363=ORIENTED_EDGE('',*,*,#3186,.F.);
#4364=ORIENTED_EDGE('',*,*,#3169,.F.);
#4365=ORIENTED_EDGE('',*,*,#3165,.T.);
#4366=ORIENTED_EDGE('',*,*,#3204,.T.);
#4367=ORIENTED_EDGE('',*,*,#3187,.F.);
#4368=ORIENTED_EDGE('',*,*,#3204,.F.);
#4369=ORIENTED_EDGE('',*,*,#3164,.T.);
#4370=ORIENTED_EDGE('',*,*,#3202,.T.);
#4371=ORIENTED_EDGE('',*,*,#3191,.T.);
#4372=ORIENTED_EDGE('',*,*,#3205,.F.);
#4373=ORIENTED_EDGE('',*,*,#3159,.F.);
#4374=ORIENTED_EDGE('',*,*,#3166,.T.);
#4375=ORIENTED_EDGE('',*,*,#3190,.T.);
#4376=ORIENTED_EDGE('',*,*,#3203,.F.);
#4377=ORIENTED_EDGE('',*,*,#3160,.F.);
#4378=ORIENTED_EDGE('',*,*,#3205,.T.);
#4379=ORIENTED_EDGE('',*,*,#3206,.F.);
#4380=ORIENTED_EDGE('',*,*,#3207,.F.);
#4381=ORIENTED_EDGE('',*,*,#3208,.F.);
#4382=ORIENTED_EDGE('',*,*,#3209,.T.);
#4383=ORIENTED_EDGE('',*,*,#3210,.T.);
#4384=ORIENTED_EDGE('',*,*,#3211,.F.);
#4385=ORIENTED_EDGE('',*,*,#3212,.F.);
#4386=ORIENTED_EDGE('',*,*,#3213,.T.);
#4387=ORIENTED_EDGE('',*,*,#3207,.T.);
#4388=ORIENTED_EDGE('',*,*,#3214,.T.);
#4389=ORIENTED_EDGE('',*,*,#3215,.T.);
#4390=ORIENTED_EDGE('',*,*,#3216,.T.);
#4391=ORIENTED_EDGE('',*,*,#3211,.T.);
#4392=ORIENTED_EDGE('',*,*,#3217,.T.);
#4393=ORIENTED_EDGE('',*,*,#3218,.T.);
#4394=ORIENTED_EDGE('',*,*,#3219,.T.);
#4395=ORIENTED_EDGE('',*,*,#3220,.T.);
#4396=ORIENTED_EDGE('',*,*,#3221,.T.);
#4397=ORIENTED_EDGE('',*,*,#3222,.F.);
#4398=ORIENTED_EDGE('',*,*,#3223,.F.);
#4399=ORIENTED_EDGE('',*,*,#3224,.T.);
#4400=ORIENTED_EDGE('',*,*,#3225,.T.);
#4401=ORIENTED_EDGE('',*,*,#3226,.F.);
#4402=ORIENTED_EDGE('',*,*,#3227,.T.);
#4403=ORIENTED_EDGE('',*,*,#3228,.T.);
#4404=ORIENTED_EDGE('',*,*,#3229,.F.);
#4405=ORIENTED_EDGE('',*,*,#3230,.T.);
#4406=ORIENTED_EDGE('',*,*,#3231,.T.);
#4407=ORIENTED_EDGE('',*,*,#3232,.T.);
#4408=ORIENTED_EDGE('',*,*,#3233,.T.);
#4409=ORIENTED_EDGE('',*,*,#3234,.T.);
#4410=ORIENTED_EDGE('',*,*,#3235,.T.);
#4411=ORIENTED_EDGE('',*,*,#3236,.F.);
#4412=ORIENTED_EDGE('',*,*,#3237,.F.);
#4413=ORIENTED_EDGE('',*,*,#3238,.F.);
#4414=ORIENTED_EDGE('',*,*,#3239,.F.);
#4415=ORIENTED_EDGE('',*,*,#3240,.F.);
#4416=ORIENTED_EDGE('',*,*,#3241,.T.);
#4417=ORIENTED_EDGE('',*,*,#3242,.F.);
#4418=ORIENTED_EDGE('',*,*,#3243,.F.);
#4419=ORIENTED_EDGE('',*,*,#3244,.T.);
#4420=ORIENTED_EDGE('',*,*,#3245,.T.);
#4421=ORIENTED_EDGE('',*,*,#3243,.T.);
#4422=ORIENTED_EDGE('',*,*,#3246,.T.);
#4423=ORIENTED_EDGE('',*,*,#3247,.T.);
#4424=ORIENTED_EDGE('',*,*,#3248,.T.);
#4425=ORIENTED_EDGE('',*,*,#3239,.T.);
#4426=ORIENTED_EDGE('',*,*,#3249,.T.);
#4427=ORIENTED_EDGE('',*,*,#3250,.F.);
#4428=ORIENTED_EDGE('',*,*,#3251,.F.);
#4429=ORIENTED_EDGE('',*,*,#3225,.F.);
#4430=ORIENTED_EDGE('',*,*,#3252,.F.);
#4431=ORIENTED_EDGE('',*,*,#3237,.T.);
#4432=ORIENTED_EDGE('',*,*,#3253,.F.);
#4433=ORIENTED_EDGE('',*,*,#3254,.F.);
#4434=ORIENTED_EDGE('',*,*,#3255,.F.);
#4435=ORIENTED_EDGE('',*,*,#3256,.T.);
#4436=ORIENTED_EDGE('',*,*,#3257,.T.);
#4437=ORIENTED_EDGE('',*,*,#3258,.F.);
#4438=ORIENTED_EDGE('',*,*,#3259,.T.);
#4439=ORIENTED_EDGE('',*,*,#3260,.F.);
#4440=ORIENTED_EDGE('',*,*,#3261,.F.);
#4441=ORIENTED_EDGE('',*,*,#3262,.F.);
#4442=ORIENTED_EDGE('',*,*,#3263,.T.);
#4443=ORIENTED_EDGE('',*,*,#3264,.F.);
#4444=ORIENTED_EDGE('',*,*,#3265,.F.);
#4445=ORIENTED_EDGE('',*,*,#3266,.F.);
#4446=ORIENTED_EDGE('',*,*,#3267,.T.);
#4447=ORIENTED_EDGE('',*,*,#3268,.F.);
#4448=ORIENTED_EDGE('',*,*,#3269,.F.);
#4449=ORIENTED_EDGE('',*,*,#3270,.F.);
#4450=ORIENTED_EDGE('',*,*,#3271,.F.);
#4451=ORIENTED_EDGE('',*,*,#3272,.T.);
#4452=ORIENTED_EDGE('',*,*,#3273,.F.);
#4453=ORIENTED_EDGE('',*,*,#3274,.F.);
#4454=ORIENTED_EDGE('',*,*,#3275,.F.);
#4455=ORIENTED_EDGE('',*,*,#3276,.F.);
#4456=ORIENTED_EDGE('',*,*,#3277,.F.);
#4457=ORIENTED_EDGE('',*,*,#3278,.F.);
#4458=ORIENTED_EDGE('',*,*,#3279,.F.);
#4459=ORIENTED_EDGE('',*,*,#3280,.F.);
#4460=ORIENTED_EDGE('',*,*,#3281,.F.);
#4461=ORIENTED_EDGE('',*,*,#3282,.F.);
#4462=ORIENTED_EDGE('',*,*,#3283,.F.);
#4463=ORIENTED_EDGE('',*,*,#3277,.T.);
#4464=ORIENTED_EDGE('',*,*,#3284,.T.);
#4465=ORIENTED_EDGE('',*,*,#3285,.F.);
#4466=ORIENTED_EDGE('',*,*,#3286,.T.);
#4467=ORIENTED_EDGE('',*,*,#3273,.T.);
#4468=ORIENTED_EDGE('',*,*,#3287,.T.);
#4469=ORIENTED_EDGE('',*,*,#3288,.F.);
#4470=ORIENTED_EDGE('',*,*,#3289,.F.);
#4471=ORIENTED_EDGE('',*,*,#3290,.T.);
#4472=ORIENTED_EDGE('',*,*,#3291,.T.);
#4473=ORIENTED_EDGE('',*,*,#3292,.F.);
#4474=ORIENTED_EDGE('',*,*,#3293,.F.);
#4475=ORIENTED_EDGE('',*,*,#3294,.T.);
#4476=ORIENTED_EDGE('',*,*,#3295,.T.);
#4477=ORIENTED_EDGE('',*,*,#3296,.F.);
#4478=ORIENTED_EDGE('',*,*,#3297,.F.);
#4479=ORIENTED_EDGE('',*,*,#3288,.T.);
#4480=ORIENTED_EDGE('',*,*,#3298,.T.);
#4481=ORIENTED_EDGE('',*,*,#3299,.T.);
#4482=ORIENTED_EDGE('',*,*,#3300,.T.);
#4483=ORIENTED_EDGE('',*,*,#3292,.T.);
#4484=ORIENTED_EDGE('',*,*,#3301,.T.);
#4485=ORIENTED_EDGE('',*,*,#3302,.T.);
#4486=ORIENTED_EDGE('',*,*,#3303,.F.);
#4487=ORIENTED_EDGE('',*,*,#3304,.F.);
#4488=ORIENTED_EDGE('',*,*,#3254,.T.);
#4489=ORIENTED_EDGE('',*,*,#3305,.T.);
#4490=ORIENTED_EDGE('',*,*,#3306,.F.);
#4491=ORIENTED_EDGE('',*,*,#3307,.F.);
#4492=ORIENTED_EDGE('',*,*,#3303,.T.);
#4493=ORIENTED_EDGE('',*,*,#3308,.F.);
#4494=ORIENTED_EDGE('',*,*,#3213,.F.);
#4495=ORIENTED_EDGE('',*,*,#3309,.F.);
#4496=ORIENTED_EDGE('',*,*,#3310,.T.);
#4497=ORIENTED_EDGE('',*,*,#3311,.T.);
#4498=ORIENTED_EDGE('',*,*,#3312,.F.);
#4499=ORIENTED_EDGE('',*,*,#3313,.F.);
#4500=ORIENTED_EDGE('',*,*,#3306,.T.);
#4501=ORIENTED_EDGE('',*,*,#3314,.T.);
#4502=ORIENTED_EDGE('',*,*,#3315,.F.);
#4503=ORIENTED_EDGE('',*,*,#3267,.F.);
#4504=ORIENTED_EDGE('',*,*,#3316,.F.);
#4505=ORIENTED_EDGE('',*,*,#3222,.T.);
#4506=ORIENTED_EDGE('',*,*,#3317,.F.);
#4507=ORIENTED_EDGE('',*,*,#3318,.T.);
#4508=ORIENTED_EDGE('',*,*,#3258,.T.);
#4509=ORIENTED_EDGE('',*,*,#3319,.T.);
#4510=ORIENTED_EDGE('',*,*,#3320,.F.);
#4511=ORIENTED_EDGE('',*,*,#3321,.T.);
#4512=ORIENTED_EDGE('',*,*,#3317,.T.);
#4513=ORIENTED_EDGE('',*,*,#3322,.T.);
#4514=ORIENTED_EDGE('',*,*,#3310,.F.);
#4515=ORIENTED_EDGE('',*,*,#3323,.T.);
#4516=ORIENTED_EDGE('',*,*,#3294,.F.);
#4517=ORIENTED_EDGE('',*,*,#3324,.F.);
#4518=ORIENTED_EDGE('',*,*,#3325,.F.);
#4519=ORIENTED_EDGE('',*,*,#3326,.T.);
#4520=ORIENTED_EDGE('',*,*,#3290,.F.);
#4521=ORIENTED_EDGE('',*,*,#3327,.F.);
#4522=ORIENTED_EDGE('',*,*,#3282,.T.);
#4523=ORIENTED_EDGE('',*,*,#3328,.F.);
#4524=ORIENTED_EDGE('',*,*,#3329,.T.);
#4525=ORIENTED_EDGE('',*,*,#3330,.T.);
#4526=ORIENTED_EDGE('',*,*,#3285,.T.);
#4527=ORIENTED_EDGE('',*,*,#3331,.F.);
#4528=ORIENTED_EDGE('',*,*,#3320,.T.);
#4529=ORIENTED_EDGE('',*,*,#3309,.T.);
#4530=ORIENTED_EDGE('',*,*,#3212,.T.);
#4531=ORIENTED_EDGE('',*,*,#3216,.F.);
#4532=ORIENTED_EDGE('',*,*,#3332,.T.);
#4533=ORIENTED_EDGE('',*,*,#3278,.T.);
#4534=ORIENTED_EDGE('',*,*,#3283,.T.);
#4535=ORIENTED_EDGE('',*,*,#3327,.T.);
#4536=ORIENTED_EDGE('',*,*,#3289,.T.);
#4537=ORIENTED_EDGE('',*,*,#3297,.T.);
#4538=ORIENTED_EDGE('',*,*,#3333,.F.);
#4539=ORIENTED_EDGE('',*,*,#3249,.F.);
#4540=ORIENTED_EDGE('',*,*,#3238,.T.);
#4541=ORIENTED_EDGE('',*,*,#3252,.T.);
#4542=ORIENTED_EDGE('',*,*,#3334,.F.);
#4543=ORIENTED_EDGE('',*,*,#3264,.T.);
#4544=ORIENTED_EDGE('',*,*,#3335,.F.);
#4545=ORIENTED_EDGE('',*,*,#3336,.F.);
#4546=ORIENTED_EDGE('',*,*,#3314,.F.);
#4547=ORIENTED_EDGE('',*,*,#3305,.F.);
#4548=ORIENTED_EDGE('',*,*,#3302,.F.);
#4549=ORIENTED_EDGE('',*,*,#3337,.T.);
#4550=ORIENTED_EDGE('',*,*,#3338,.F.);
#4551=ORIENTED_EDGE('',*,*,#3339,.T.);
#4552=ORIENTED_EDGE('',*,*,#3295,.F.);
#4553=ORIENTED_EDGE('',*,*,#3291,.F.);
#4554=ORIENTED_EDGE('',*,*,#3323,.F.);
#4555=ORIENTED_EDGE('',*,*,#3284,.F.);
#4556=ORIENTED_EDGE('',*,*,#3272,.F.);
#4557=ORIENTED_EDGE('',*,*,#3253,.T.);
#4558=ORIENTED_EDGE('',*,*,#3315,.T.);
#4559=ORIENTED_EDGE('',*,*,#3221,.F.);
#4560=ORIENTED_EDGE('',*,*,#3337,.F.);
#4561=ORIENTED_EDGE('',*,*,#3266,.T.);
#4562=ORIENTED_EDGE('',*,*,#3340,.T.);
#4563=ORIENTED_EDGE('',*,*,#3223,.T.);
#4564=ORIENTED_EDGE('',*,*,#3316,.T.);
#4565=ORIENTED_EDGE('',*,*,#3224,.F.);
#4566=ORIENTED_EDGE('',*,*,#3340,.F.);
#4567=ORIENTED_EDGE('',*,*,#3265,.T.);
#4568=ORIENTED_EDGE('',*,*,#3334,.T.);
#4569=ORIENTED_EDGE('',*,*,#3341,.T.);
#4570=ORIENTED_EDGE('',*,*,#3256,.F.);
#4571=ORIENTED_EDGE('',*,*,#3342,.F.);
#4572=ORIENTED_EDGE('',*,*,#3312,.T.);
#4573=ORIENTED_EDGE('',*,*,#3304,.T.);
#4574=ORIENTED_EDGE('',*,*,#3307,.T.);
#4575=ORIENTED_EDGE('',*,*,#3313,.T.);
#4576=ORIENTED_EDGE('',*,*,#3342,.T.);
#4577=ORIENTED_EDGE('',*,*,#3255,.T.);
#4578=ORIENTED_EDGE('',*,*,#3319,.F.);
#4579=ORIENTED_EDGE('',*,*,#3257,.F.);
#4580=ORIENTED_EDGE('',*,*,#3341,.F.);
#4581=ORIENTED_EDGE('',*,*,#3311,.F.);
#4582=ORIENTED_EDGE('',*,*,#3322,.F.);
#4583=ORIENTED_EDGE('',*,*,#3343,.F.);
#4584=ORIENTED_EDGE('',*,*,#3244,.F.);
#4585=ORIENTED_EDGE('',*,*,#3333,.T.);
#4586=ORIENTED_EDGE('',*,*,#3296,.T.);
#4587=ORIENTED_EDGE('',*,*,#3339,.F.);
#4588=ORIENTED_EDGE('',*,*,#3250,.T.);
#4589=ORIENTED_EDGE('',*,*,#3344,.T.);
#4590=ORIENTED_EDGE('',*,*,#3301,.F.);
#4591=ORIENTED_EDGE('',*,*,#3344,.F.);
#4592=ORIENTED_EDGE('',*,*,#3345,.F.);
#4593=ORIENTED_EDGE('',*,*,#3346,.F.);
#4594=ORIENTED_EDGE('',*,*,#3347,.F.);
#4595=ORIENTED_EDGE('',*,*,#3241,.F.);
#4596=ORIENTED_EDGE('',*,*,#3325,.T.);
#4597=ORIENTED_EDGE('',*,*,#3348,.F.);
#4598=ORIENTED_EDGE('',*,*,#3346,.T.);
#4599=ORIENTED_EDGE('',*,*,#3349,.T.);
#4600=ORIENTED_EDGE('',*,*,#3240,.T.);
#4601=ORIENTED_EDGE('',*,*,#3248,.F.);
#4602=ORIENTED_EDGE('',*,*,#3350,.T.);
#4603=ORIENTED_EDGE('',*,*,#3298,.F.);
#4604=ORIENTED_EDGE('',*,*,#3287,.F.);
#4605=ORIENTED_EDGE('',*,*,#3326,.F.);
#4606=ORIENTED_EDGE('',*,*,#3349,.F.);
#4607=ORIENTED_EDGE('',*,*,#3345,.T.);
#4608=ORIENTED_EDGE('',*,*,#3242,.T.);
#4609=ORIENTED_EDGE('',*,*,#3347,.T.);
#4610=ORIENTED_EDGE('',*,*,#3348,.T.);
#4611=ORIENTED_EDGE('',*,*,#3324,.T.);
#4612=ORIENTED_EDGE('',*,*,#3293,.T.);
#4613=ORIENTED_EDGE('',*,*,#3300,.F.);
#4614=ORIENTED_EDGE('',*,*,#3351,.F.);
#4615=ORIENTED_EDGE('',*,*,#3246,.F.);
#4616=ORIENTED_EDGE('',*,*,#3351,.T.);
#4617=ORIENTED_EDGE('',*,*,#3299,.F.);
#4618=ORIENTED_EDGE('',*,*,#3350,.F.);
#4619=ORIENTED_EDGE('',*,*,#3247,.F.);
#4620=ORIENTED_EDGE('',*,*,#3276,.T.);
#4621=ORIENTED_EDGE('',*,*,#3352,.F.);
#4622=ORIENTED_EDGE('',*,*,#3217,.F.);
#4623=ORIENTED_EDGE('',*,*,#3210,.F.);
#4624=ORIENTED_EDGE('',*,*,#3353,.T.);
#4625=ORIENTED_EDGE('',*,*,#3354,.T.);
#4626=ORIENTED_EDGE('',*,*,#3328,.T.);
#4627=ORIENTED_EDGE('',*,*,#3281,.T.);
#4628=ORIENTED_EDGE('',*,*,#3275,.T.);
#4629=ORIENTED_EDGE('',*,*,#3355,.F.);
#4630=ORIENTED_EDGE('',*,*,#3218,.F.);
#4631=ORIENTED_EDGE('',*,*,#3352,.T.);
#4632=ORIENTED_EDGE('',*,*,#3274,.T.);
#4633=ORIENTED_EDGE('',*,*,#3286,.F.);
#4634=ORIENTED_EDGE('',*,*,#3330,.F.);
#4635=ORIENTED_EDGE('',*,*,#3356,.F.);
#4636=ORIENTED_EDGE('',*,*,#3357,.T.);
#4637=ORIENTED_EDGE('',*,*,#3208,.T.);
#4638=ORIENTED_EDGE('',*,*,#3219,.F.);
#4639=ORIENTED_EDGE('',*,*,#3355,.T.);
#4640=ORIENTED_EDGE('',*,*,#3220,.F.);
#4641=ORIENTED_EDGE('',*,*,#3358,.T.);
#4642=ORIENTED_EDGE('',*,*,#3280,.T.);
#4643=ORIENTED_EDGE('',*,*,#3358,.F.);
#4644=ORIENTED_EDGE('',*,*,#3279,.T.);
#4645=ORIENTED_EDGE('',*,*,#3332,.F.);
#4646=ORIENTED_EDGE('',*,*,#3215,.F.);
#4647=ORIENTED_EDGE('',*,*,#3359,.F.);
#4648=ORIENTED_EDGE('',*,*,#3335,.T.);
#4649=ORIENTED_EDGE('',*,*,#3329,.F.);
#4650=ORIENTED_EDGE('',*,*,#3354,.F.);
#4651=ORIENTED_EDGE('',*,*,#3360,.T.);
#4652=ORIENTED_EDGE('',*,*,#3356,.T.);
#4653=ORIENTED_EDGE('',*,*,#3353,.F.);
#4654=ORIENTED_EDGE('',*,*,#3209,.F.);
#4655=ORIENTED_EDGE('',*,*,#3357,.F.);
#4656=ORIENTED_EDGE('',*,*,#3360,.F.);
#4657=ORIENTED_EDGE('',*,*,#3270,.T.);
#4658=ORIENTED_EDGE('',*,*,#3361,.T.);
#4659=ORIENTED_EDGE('',*,*,#3235,.F.);
#4660=ORIENTED_EDGE('',*,*,#3362,.F.);
#4661=ORIENTED_EDGE('',*,*,#3271,.T.);
#4662=ORIENTED_EDGE('',*,*,#3362,.T.);
#4663=ORIENTED_EDGE('',*,*,#3234,.F.);
#4664=ORIENTED_EDGE('',*,*,#3363,.F.);
#4665=ORIENTED_EDGE('',*,*,#3269,.T.);
#4666=ORIENTED_EDGE('',*,*,#3364,.T.);
#4667=ORIENTED_EDGE('',*,*,#3232,.F.);
#4668=ORIENTED_EDGE('',*,*,#3361,.F.);
#4669=ORIENTED_EDGE('',*,*,#3268,.T.);
#4670=ORIENTED_EDGE('',*,*,#3363,.T.);
#4671=ORIENTED_EDGE('',*,*,#3233,.F.);
#4672=ORIENTED_EDGE('',*,*,#3364,.F.);
#4673=ORIENTED_EDGE('',*,*,#3261,.T.);
#4674=ORIENTED_EDGE('',*,*,#3365,.T.);
#4675=ORIENTED_EDGE('',*,*,#3231,.F.);
#4676=ORIENTED_EDGE('',*,*,#3366,.F.);
#4677=ORIENTED_EDGE('',*,*,#3262,.T.);
#4678=ORIENTED_EDGE('',*,*,#3366,.T.);
#4679=ORIENTED_EDGE('',*,*,#3230,.F.);
#4680=ORIENTED_EDGE('',*,*,#3367,.F.);
#4681=ORIENTED_EDGE('',*,*,#3260,.T.);
#4682=ORIENTED_EDGE('',*,*,#3368,.T.);
#4683=ORIENTED_EDGE('',*,*,#3228,.F.);
#4684=ORIENTED_EDGE('',*,*,#3365,.F.);
#4685=ORIENTED_EDGE('',*,*,#3367,.T.);
#4686=ORIENTED_EDGE('',*,*,#3229,.T.);
#4687=ORIENTED_EDGE('',*,*,#3368,.F.);
#4688=ORIENTED_EDGE('',*,*,#3259,.F.);
#4689=ORIENTED_EDGE('',*,*,#3318,.F.);
#4690=ORIENTED_EDGE('',*,*,#3321,.F.);
#4691=ORIENTED_EDGE('',*,*,#3331,.T.);
#4692=ORIENTED_EDGE('',*,*,#3263,.F.);
#4693=ORIENTED_EDGE('',*,*,#3369,.T.);
#4694=ORIENTED_EDGE('',*,*,#3226,.T.);
#4695=ORIENTED_EDGE('',*,*,#3251,.T.);
#4696=ORIENTED_EDGE('',*,*,#3236,.T.);
#4697=ORIENTED_EDGE('',*,*,#3245,.F.);
#4698=ORIENTED_EDGE('',*,*,#3338,.T.);
#4699=ORIENTED_EDGE('',*,*,#3227,.F.);
#4700=ORIENTED_EDGE('',*,*,#3369,.F.);
#4701=ORIENTED_EDGE('',*,*,#3343,.T.);
#4702=ORIENTED_EDGE('',*,*,#3214,.F.);
#4703=ORIENTED_EDGE('',*,*,#3206,.T.);
#4704=ORIENTED_EDGE('',*,*,#3370,.T.);
#4705=ORIENTED_EDGE('',*,*,#3336,.T.);
#4706=ORIENTED_EDGE('',*,*,#3359,.T.);
#4707=ORIENTED_EDGE('',*,*,#3370,.F.);
#4708=ORIENTED_EDGE('',*,*,#3308,.T.);
#4709=ORIENTED_EDGE('',*,*,#3371,.F.);
#4710=ORIENTED_EDGE('',*,*,#3372,.T.);
#4711=ORIENTED_EDGE('',*,*,#3373,.T.);
#4712=ORIENTED_EDGE('',*,*,#3374,.F.);
#4713=ORIENTED_EDGE('',*,*,#3375,.F.);
#4714=ORIENTED_EDGE('',*,*,#3376,.F.);
#4715=ORIENTED_EDGE('',*,*,#3377,.F.);
#4716=ORIENTED_EDGE('',*,*,#3378,.F.);
#4717=ORIENTED_EDGE('',*,*,#3379,.F.);
#4718=ORIENTED_EDGE('',*,*,#3378,.T.);
#4719=ORIENTED_EDGE('',*,*,#3380,.T.);
#4720=ORIENTED_EDGE('',*,*,#3381,.T.);
#4721=ORIENTED_EDGE('',*,*,#3382,.T.);
#4722=ORIENTED_EDGE('',*,*,#3374,.T.);
#4723=ORIENTED_EDGE('',*,*,#3383,.T.);
#4724=ORIENTED_EDGE('',*,*,#3384,.T.);
#4725=ORIENTED_EDGE('',*,*,#3385,.F.);
#4726=ORIENTED_EDGE('',*,*,#3386,.F.);
#4727=ORIENTED_EDGE('',*,*,#3387,.F.);
#4728=ORIENTED_EDGE('',*,*,#3388,.T.);
#4729=ORIENTED_EDGE('',*,*,#3389,.T.);
#4730=ORIENTED_EDGE('',*,*,#3390,.T.);
#4731=ORIENTED_EDGE('',*,*,#3391,.T.);
#4732=ORIENTED_EDGE('',*,*,#3392,.T.);
#4733=ORIENTED_EDGE('',*,*,#3393,.F.);
#4734=ORIENTED_EDGE('',*,*,#3394,.F.);
#4735=ORIENTED_EDGE('',*,*,#3395,.F.);
#4736=ORIENTED_EDGE('',*,*,#3396,.T.);
#4737=ORIENTED_EDGE('',*,*,#3391,.F.);
#4738=ORIENTED_EDGE('',*,*,#3397,.F.);
#4739=ORIENTED_EDGE('',*,*,#3398,.F.);
#4740=ORIENTED_EDGE('',*,*,#3399,.T.);
#4741=ORIENTED_EDGE('',*,*,#3387,.T.);
#4742=ORIENTED_EDGE('',*,*,#3400,.T.);
#4743=ORIENTED_EDGE('',*,*,#3399,.F.);
#4744=ORIENTED_EDGE('',*,*,#3401,.T.);
#4745=ORIENTED_EDGE('',*,*,#3402,.F.);
#4746=ORIENTED_EDGE('',*,*,#3403,.T.);
#4747=ORIENTED_EDGE('',*,*,#3404,.T.);
#4748=ORIENTED_EDGE('',*,*,#3405,.T.);
#4749=ORIENTED_EDGE('',*,*,#3406,.F.);
#4750=ORIENTED_EDGE('',*,*,#3407,.T.);
#4751=ORIENTED_EDGE('',*,*,#3380,.F.);
#4752=ORIENTED_EDGE('',*,*,#3377,.T.);
#4753=ORIENTED_EDGE('',*,*,#3408,.T.);
#4754=ORIENTED_EDGE('',*,*,#3388,.F.);
#4755=ORIENTED_EDGE('',*,*,#3409,.T.);
#4756=ORIENTED_EDGE('',*,*,#3410,.F.);
#4757=ORIENTED_EDGE('',*,*,#3397,.T.);
#4758=ORIENTED_EDGE('',*,*,#3390,.F.);
#4759=ORIENTED_EDGE('',*,*,#3411,.F.);
#4760=ORIENTED_EDGE('',*,*,#3375,.T.);
#4761=ORIENTED_EDGE('',*,*,#3382,.F.);
#4762=ORIENTED_EDGE('',*,*,#3412,.F.);
#4763=ORIENTED_EDGE('',*,*,#3413,.T.);
#4764=ORIENTED_EDGE('',*,*,#3414,.T.);
#4765=ORIENTED_EDGE('',*,*,#3415,.T.);
#4766=ORIENTED_EDGE('',*,*,#3416,.T.);
#4767=ORIENTED_EDGE('',*,*,#3417,.T.);
#4768=ORIENTED_EDGE('',*,*,#3405,.F.);
#4769=ORIENTED_EDGE('',*,*,#3418,.F.);
#4770=ORIENTED_EDGE('',*,*,#3419,.F.);
#4771=ORIENTED_EDGE('',*,*,#3414,.F.);
#4772=ORIENTED_EDGE('',*,*,#3420,.T.);
#4773=ORIENTED_EDGE('',*,*,#3421,.T.);
#4774=ORIENTED_EDGE('',*,*,#3422,.F.);
#4775=ORIENTED_EDGE('',*,*,#3418,.T.);
#4776=ORIENTED_EDGE('',*,*,#3404,.F.);
#4777=ORIENTED_EDGE('',*,*,#3423,.F.);
#4778=ORIENTED_EDGE('',*,*,#3424,.F.);
#4779=ORIENTED_EDGE('',*,*,#3415,.F.);
#4780=ORIENTED_EDGE('',*,*,#3422,.T.);
#4781=ORIENTED_EDGE('',*,*,#3425,.T.);
#4782=ORIENTED_EDGE('',*,*,#3426,.F.);
#4783=ORIENTED_EDGE('',*,*,#3423,.T.);
#4784=ORIENTED_EDGE('',*,*,#3403,.F.);
#4785=ORIENTED_EDGE('',*,*,#3427,.F.);
#4786=ORIENTED_EDGE('',*,*,#3428,.F.);
#4787=ORIENTED_EDGE('',*,*,#3416,.F.);
#4788=ORIENTED_EDGE('',*,*,#3426,.T.);
#4789=ORIENTED_EDGE('',*,*,#3429,.T.);
#4790=ORIENTED_EDGE('',*,*,#3430,.F.);
#4791=ORIENTED_EDGE('',*,*,#3427,.T.);
#4792=ORIENTED_EDGE('',*,*,#3402,.T.);
#4793=ORIENTED_EDGE('',*,*,#3431,.T.);
#4794=ORIENTED_EDGE('',*,*,#3409,.F.);
#4795=ORIENTED_EDGE('',*,*,#3430,.T.);
#4796=ORIENTED_EDGE('',*,*,#3432,.T.);
#4797=ORIENTED_EDGE('',*,*,#3433,.F.);
#4798=ORIENTED_EDGE('',*,*,#3434,.F.);
#4799=ORIENTED_EDGE('',*,*,#3435,.F.);
#4800=ORIENTED_EDGE('',*,*,#3436,.F.);
#4801=ORIENTED_EDGE('',*,*,#3437,.F.);
#4802=ORIENTED_EDGE('',*,*,#3438,.T.);
#4803=ORIENTED_EDGE('',*,*,#3420,.F.);
#4804=ORIENTED_EDGE('',*,*,#3413,.F.);
#4805=ORIENTED_EDGE('',*,*,#3439,.F.);
#4806=ORIENTED_EDGE('',*,*,#3406,.T.);
#4807=ORIENTED_EDGE('',*,*,#3417,.F.);
#4808=ORIENTED_EDGE('',*,*,#3440,.T.);
#4809=ORIENTED_EDGE('',*,*,#3441,.T.);
#4810=ORIENTED_EDGE('',*,*,#3393,.T.);
#4811=ORIENTED_EDGE('',*,*,#3442,.T.);
#4812=ORIENTED_EDGE('',*,*,#3372,.F.);
#4813=ORIENTED_EDGE('',*,*,#3443,.F.);
#4814=ORIENTED_EDGE('',*,*,#3444,.F.);
#4815=ORIENTED_EDGE('',*,*,#3445,.T.);
#4816=ORIENTED_EDGE('',*,*,#3444,.T.);
#4817=ORIENTED_EDGE('',*,*,#3446,.F.);
#4818=ORIENTED_EDGE('',*,*,#3447,.F.);
#4819=ORIENTED_EDGE('',*,*,#3436,.T.);
#4820=ORIENTED_EDGE('',*,*,#3419,.T.);
#4821=ORIENTED_EDGE('',*,*,#3424,.T.);
#4822=ORIENTED_EDGE('',*,*,#3428,.T.);
#4823=ORIENTED_EDGE('',*,*,#3434,.T.);
#4824=ORIENTED_EDGE('',*,*,#3448,.F.);
#4825=ORIENTED_EDGE('',*,*,#3421,.F.);
#4826=ORIENTED_EDGE('',*,*,#3438,.F.);
#4827=ORIENTED_EDGE('',*,*,#3449,.T.);
#4828=ORIENTED_EDGE('',*,*,#3383,.F.);
#4829=ORIENTED_EDGE('',*,*,#3373,.F.);
#4830=ORIENTED_EDGE('',*,*,#3442,.F.);
#4831=ORIENTED_EDGE('',*,*,#3392,.F.);
#4832=ORIENTED_EDGE('',*,*,#3396,.F.);
#4833=ORIENTED_EDGE('',*,*,#3450,.F.);
#4834=ORIENTED_EDGE('',*,*,#3432,.F.);
#4835=ORIENTED_EDGE('',*,*,#3429,.F.);
#4836=ORIENTED_EDGE('',*,*,#3425,.F.);
#4837=ORIENTED_EDGE('',*,*,#3376,.T.);
#4838=ORIENTED_EDGE('',*,*,#3411,.T.);
#4839=ORIENTED_EDGE('',*,*,#3389,.F.);
#4840=ORIENTED_EDGE('',*,*,#3408,.F.);
#4841=ORIENTED_EDGE('',*,*,#3433,.T.);
#4842=ORIENTED_EDGE('',*,*,#3450,.T.);
#4843=ORIENTED_EDGE('',*,*,#3395,.T.);
#4844=ORIENTED_EDGE('',*,*,#3451,.T.);
#4845=ORIENTED_EDGE('',*,*,#3448,.T.);
#4846=ORIENTED_EDGE('',*,*,#3435,.T.);
#4847=ORIENTED_EDGE('',*,*,#3452,.T.);
#4848=ORIENTED_EDGE('',*,*,#3400,.F.);
#4849=ORIENTED_EDGE('',*,*,#3452,.F.);
#4850=ORIENTED_EDGE('',*,*,#3401,.F.);
#4851=ORIENTED_EDGE('',*,*,#3398,.T.);
#4852=ORIENTED_EDGE('',*,*,#3410,.T.);
#4853=ORIENTED_EDGE('',*,*,#3431,.F.);
#4854=ORIENTED_EDGE('',*,*,#3381,.F.);
#4855=ORIENTED_EDGE('',*,*,#3407,.F.);
#4856=ORIENTED_EDGE('',*,*,#3439,.T.);
#4857=ORIENTED_EDGE('',*,*,#3412,.T.);
#4858=ORIENTED_EDGE('',*,*,#3453,.F.);
#4859=ORIENTED_EDGE('',*,*,#3384,.F.);
#4860=ORIENTED_EDGE('',*,*,#3449,.F.);
#4861=ORIENTED_EDGE('',*,*,#3437,.T.);
#4862=ORIENTED_EDGE('',*,*,#3447,.T.);
#4863=ORIENTED_EDGE('',*,*,#3440,.F.);
#4864=ORIENTED_EDGE('',*,*,#3454,.T.);
#4865=ORIENTED_EDGE('',*,*,#3385,.T.);
#4866=ORIENTED_EDGE('',*,*,#3454,.F.);
#4867=ORIENTED_EDGE('',*,*,#3455,.F.);
#4868=ORIENTED_EDGE('',*,*,#3394,.T.);
#4869=ORIENTED_EDGE('',*,*,#3386,.T.);
#4870=ORIENTED_EDGE('',*,*,#3445,.F.);
#4871=ORIENTED_EDGE('',*,*,#3451,.F.);
#4872=ORIENTED_EDGE('',*,*,#3455,.T.);
#4873=ORIENTED_EDGE('',*,*,#3441,.F.);
#4874=ORIENTED_EDGE('',*,*,#3371,.T.);
#4875=ORIENTED_EDGE('',*,*,#3379,.T.);
#4876=ORIENTED_EDGE('',*,*,#3456,.T.);
#4877=ORIENTED_EDGE('',*,*,#3446,.T.);
#4878=ORIENTED_EDGE('',*,*,#3443,.T.);
#4879=ORIENTED_EDGE('',*,*,#3456,.F.);
#4880=ORIENTED_EDGE('',*,*,#3453,.T.);
#4881=CYLINDRICAL_SURFACE('',#5506,5.5);
#4882=CYLINDRICAL_SURFACE('',#5532,25.);
#4883=CYLINDRICAL_SURFACE('',#5534,25.);
#4884=CYLINDRICAL_SURFACE('',#5536,25.);
#4885=CYLINDRICAL_SURFACE('',#5539,25.);
#4886=CYLINDRICAL_SURFACE('',#5541,2.25);
#4887=CYLINDRICAL_SURFACE('',#5542,2.25);
#4888=CYLINDRICAL_SURFACE('',#5543,2.25);
#4889=CYLINDRICAL_SURFACE('',#5544,2.25);
#4890=CYLINDRICAL_SURFACE('',#5546,2.25000000000001);
#4891=CYLINDRICAL_SURFACE('',#5551,2.);
#4892=CYLINDRICAL_SURFACE('',#5556,2.1);
#4893=CYLINDRICAL_SURFACE('',#5559,2.);
#4894=CYLINDRICAL_SURFACE('',#5578,1.5);
#4895=CYLINDRICAL_SURFACE('',#5579,1.5);
#4896=CYLINDRICAL_SURFACE('',#5580,1.5);
#4897=CYLINDRICAL_SURFACE('',#5581,1.5);
#4898=CYLINDRICAL_SURFACE('',#5604,3.35);
#4899=CYLINDRICAL_SURFACE('',#5606,6.75);
#4900=CYLINDRICAL_SURFACE('',#5617,6.75);
#4901=CYLINDRICAL_SURFACE('',#5618,5.35);
#4902=CYLINDRICAL_SURFACE('',#5625,2.1);
#4903=CYLINDRICAL_SURFACE('',#5634,2.25);
#4904=CYLINDRICAL_SURFACE('',#5637,2.25);
#4905=CYLINDRICAL_SURFACE('',#5646,2.25);
#4906=CYLINDRICAL_SURFACE('',#5669,2.25);
#4907=CYLINDRICAL_SURFACE('',#5674,2.25);
#4908=CYLINDRICAL_SURFACE('',#5675,2.25);
#4909=CYLINDRICAL_SURFACE('',#5690,1.1);
#4910=CYLINDRICAL_SURFACE('',#5695,1.1);
#4911=CYLINDRICAL_SURFACE('',#5704,5.7);
#4912=CYLINDRICAL_SURFACE('',#5708,2.1);
#4913=CYLINDRICAL_SURFACE('',#5712,4.);
#4914=CYLINDRICAL_SURFACE('',#5716,11.5);
#4915=CYLINDRICAL_SURFACE('',#5730,6.35);
#4916=CYLINDRICAL_SURFACE('',#5738,6.35);
#4917=CYLINDRICAL_SURFACE('',#5739,3.35);
#4918=CYLINDRICAL_SURFACE('',#5740,7.9);
#4919=CYLINDRICAL_SURFACE('',#5741,7.9);
#4920=CYLINDRICAL_SURFACE('',#5742,4.9);
#4921=CYLINDRICAL_SURFACE('',#5765,6.35);
#4922=CYLINDRICAL_SURFACE('',#5767,6.35);
#4923=CYLINDRICAL_SURFACE('',#5769,3.35);
#4924=CYLINDRICAL_SURFACE('',#5775,7.9);
#4925=CYLINDRICAL_SURFACE('',#5776,7.9);
#4926=CYLINDRICAL_SURFACE('',#5777,4.9);
#4927=CYLINDRICAL_SURFACE('',#5851,2.25);
#4928=CYLINDRICAL_SURFACE('',#5860,2.25);
#4929=CYLINDRICAL_SURFACE('',#5864,2.25);
#4930=CYLINDRICAL_SURFACE('',#5867,2.25);
#4931=CYLINDRICAL_SURFACE('',#5868,2.25);
#4932=CYLINDRICAL_SURFACE('',#5871,2.25);
#4933=CYLINDRICAL_SURFACE('',#5900,2.25);
#4934=CYLINDRICAL_SURFACE('',#5904,2.25);
#4935=ADVANCED_FACE('',(#387),#4881,.F.);
#4936=ADVANCED_FACE('',(#388),#177,.T.);
#4937=ADVANCED_FACE('',(#389),#178,.T.);
#4938=ADVANCED_FACE('',(#390),#179,.T.);
#4939=ADVANCED_FACE('',(#391,#128,#129,#130,#131,#132,#133),#180,.F.);
#4940=ADVANCED_FACE('',(#392,#134,#135,#136,#137,#138,#139),#181,.T.);
#4941=ADVANCED_FACE('',(#393),#4882,.T.);
#4942=ADVANCED_FACE('',(#394),#182,.T.);
#4943=ADVANCED_FACE('',(#395),#4883,.T.);
#4944=ADVANCED_FACE('',(#396),#183,.T.);
#4945=ADVANCED_FACE('',(#397),#4884,.T.);
#4946=ADVANCED_FACE('',(#398),#184,.F.);
#4947=ADVANCED_FACE('',(#399),#185,.F.);
#4948=ADVANCED_FACE('',(#400),#4885,.T.);
#4949=ADVANCED_FACE('',(#401),#186,.F.);
#4950=ADVANCED_FACE('',(#402),#4886,.F.);
#4951=ADVANCED_FACE('',(#403),#4887,.F.);
#4952=ADVANCED_FACE('',(#404),#4888,.F.);
#4953=ADVANCED_FACE('',(#405),#4889,.F.);
#4954=ADVANCED_FACE('',(#406),#187,.T.);
#4955=ADVANCED_FACE('',(#407),#4890,.F.);
#4956=ADVANCED_FACE('',(#408),#188,.F.);
#4957=ADVANCED_FACE('',(#409),#189,.F.);
#4958=ADVANCED_FACE('',(#410),#4891,.T.);
#4959=ADVANCED_FACE('',(#411),#190,.F.);
#4960=ADVANCED_FACE('',(#412),#191,.F.);
#4961=ADVANCED_FACE('',(#413),#4892,.F.);
#4962=ADVANCED_FACE('',(#414),#4893,.T.);
#4963=ADVANCED_FACE('',(#415,#140),#192,.T.);
#4964=ADVANCED_FACE('',(#416,#141),#193,.F.);
#4965=ADVANCED_FACE('',(#417),#194,.F.);
#4966=ADVANCED_FACE('',(#418),#195,.F.);
#4967=ADVANCED_FACE('',(#419),#196,.F.);
#4968=ADVANCED_FACE('',(#420),#197,.T.);
#4969=ADVANCED_FACE('',(#421),#198,.T.);
#4970=ADVANCED_FACE('',(#422),#199,.T.);
#4971=ADVANCED_FACE('',(#423),#4894,.T.);
#4972=ADVANCED_FACE('',(#424),#4895,.T.);
#4973=ADVANCED_FACE('',(#425),#4896,.T.);
#4974=ADVANCED_FACE('',(#426),#4897,.T.);
#4975=ADVANCED_FACE('',(#427,#142),#200,.F.);
#4976=ADVANCED_FACE('',(#428,#143),#201,.F.);
#4977=ADVANCED_FACE('',(#429,#144),#202,.F.);
#4978=ADVANCED_FACE('',(#430),#203,.F.);
#4979=ADVANCED_FACE('',(#431),#204,.F.);
#4980=ADVANCED_FACE('',(#432),#205,.T.);
#4981=ADVANCED_FACE('',(#433),#206,.F.);
#4982=ADVANCED_FACE('',(#434,#145),#207,.F.);
#4983=ADVANCED_FACE('',(#435),#208,.F.);
#4984=ADVANCED_FACE('',(#436),#209,.T.);
#4985=ADVANCED_FACE('',(#437),#210,.T.);
#4986=ADVANCED_FACE('',(#438),#211,.T.);
#4987=ADVANCED_FACE('',(#439),#212,.T.);
#4988=ADVANCED_FACE('',(#440),#213,.F.);
#4989=ADVANCED_FACE('',(#441),#214,.F.);
#4990=ADVANCED_FACE('',(#442),#215,.F.);
#4991=ADVANCED_FACE('',(#443),#216,.F.);
#4992=ADVANCED_FACE('',(#444),#217,.F.);
#4993=ADVANCED_FACE('',(#445),#218,.T.);
#4994=ADVANCED_FACE('',(#446),#4898,.T.);
#4995=ADVANCED_FACE('',(#447),#4899,.T.);
#4996=ADVANCED_FACE('',(#448,#146),#219,.T.);
#4997=ADVANCED_FACE('',(#449),#87,.F.);
#4998=ADVANCED_FACE('',(#450,#147),#220,.F.);
#4999=ADVANCED_FACE('',(#451,#148),#221,.F.);
#5000=ADVANCED_FACE('',(#452),#4900,.T.);
#5001=ADVANCED_FACE('',(#453),#4901,.T.);
#5002=ADVANCED_FACE('',(#454,#149),#222,.F.);
#5003=ADVANCED_FACE('',(#455,#150),#223,.T.);
#5004=ADVANCED_FACE('',(#456),#4902,.F.);
#5005=ADVANCED_FACE('',(#457),#224,.T.);
#5006=ADVANCED_FACE('',(#458),#225,.T.);
#5007=ADVANCED_FACE('',(#459),#226,.T.);
#5008=ADVANCED_FACE('',(#460),#227,.T.);
#5009=ADVANCED_FACE('',(#461),#228,.T.);
#5010=ADVANCED_FACE('',(#462),#229,.T.);
#5011=ADVANCED_FACE('',(#463),#230,.T.);
#5012=ADVANCED_FACE('',(#464),#4903,.F.);
#5013=ADVANCED_FACE('',(#465),#4904,.F.);
#5014=ADVANCED_FACE('',(#466),#231,.T.);
#5015=ADVANCED_FACE('',(#467,#151,#152),#232,.F.);
#5016=ADVANCED_FACE('',(#468,#153,#154),#233,.T.);
#5017=ADVANCED_FACE('',(#469),#234,.T.);
#5018=ADVANCED_FACE('',(#470),#235,.T.);
#5019=ADVANCED_FACE('',(#471),#4905,.F.);
#5020=ADVANCED_FACE('',(#472),#236,.F.);
#5021=ADVANCED_FACE('',(#473),#237,.T.);
#5022=ADVANCED_FACE('',(#474),#238,.F.);
#5023=ADVANCED_FACE('',(#475),#239,.F.);
#5024=ADVANCED_FACE('',(#476),#240,.F.);
#5025=ADVANCED_FACE('',(#477),#241,.F.);
#5026=ADVANCED_FACE('',(#478),#242,.F.);
#5027=ADVANCED_FACE('',(#479),#243,.T.);
#5028=ADVANCED_FACE('',(#480),#244,.F.);
#5029=ADVANCED_FACE('',(#481),#245,.F.);
#5030=ADVANCED_FACE('',(#482),#246,.F.);
#5031=ADVANCED_FACE('',(#483),#247,.F.);
#5032=ADVANCED_FACE('',(#484,#155,#156),#248,.F.);
#5033=ADVANCED_FACE('',(#485),#249,.F.);
#5034=ADVANCED_FACE('',(#486,#157,#158),#250,.F.);
#5035=ADVANCED_FACE('',(#487),#251,.F.);
#5036=ADVANCED_FACE('',(#488),#4906,.F.);
#5037=ADVANCED_FACE('',(#489,#159,#160),#252,.F.);
#5038=ADVANCED_FACE('',(#490,#161,#162),#253,.T.);
#5039=ADVANCED_FACE('',(#491),#4907,.F.);
#5040=ADVANCED_FACE('',(#492),#4908,.F.);
#5041=ADVANCED_FACE('',(#493),#254,.F.);
#5042=ADVANCED_FACE('',(#494),#255,.F.);
#5043=ADVANCED_FACE('',(#495),#256,.F.);
#5044=ADVANCED_FACE('',(#496),#257,.F.);
#5045=ADVANCED_FACE('',(#497),#258,.F.);
#5046=ADVANCED_FACE('',(#498),#259,.F.);
#5047=ADVANCED_FACE('',(#499),#260,.F.);
#5048=ADVANCED_FACE('',(#500),#261,.T.);
#5049=ADVANCED_FACE('',(#501),#262,.F.);
#5050=ADVANCED_FACE('',(#502),#263,.F.);
#5051=ADVANCED_FACE('',(#503),#4909,.F.);
#5052=ADVANCED_FACE('',(#504),#264,.F.);
#5053=ADVANCED_FACE('',(#505),#265,.F.);
#5054=ADVANCED_FACE('',(#506),#266,.F.);
#5055=ADVANCED_FACE('',(#507),#267,.F.);
#5056=ADVANCED_FACE('',(#508),#4910,.F.);
#5057=ADVANCED_FACE('',(#509),#268,.F.);
#5058=ADVANCED_FACE('',(#510),#269,.F.);
#5059=ADVANCED_FACE('',(#511),#270,.T.);
#5060=ADVANCED_FACE('',(#512),#271,.F.);
#5061=ADVANCED_FACE('',(#513),#272,.F.);
#5062=ADVANCED_FACE('',(#514,#163),#273,.T.);
#5063=ADVANCED_FACE('',(#515),#4911,.T.);
#5064=ADVANCED_FACE('',(#516,#164),#274,.F.);
#5065=ADVANCED_FACE('',(#517),#4912,.T.);
#5066=ADVANCED_FACE('',(#518),#275,.F.);
#5067=ADVANCED_FACE('',(#519),#4913,.T.);
#5068=ADVANCED_FACE('',(#520),#276,.T.);
#5069=ADVANCED_FACE('',(#521),#4914,.T.);
#5070=ADVANCED_FACE('',(#522),#277,.F.);
#5071=ADVANCED_FACE('',(#523,#165),#278,.T.);
#5072=ADVANCED_FACE('',(#524),#279,.F.);
#5073=ADVANCED_FACE('',(#525),#280,.F.);
#5074=ADVANCED_FACE('',(#526),#4915,.T.);
#5075=ADVANCED_FACE('',(#527),#281,.T.);
#5076=ADVANCED_FACE('',(#528),#4916,.T.);
#5077=ADVANCED_FACE('',(#529),#4917,.F.);
#5078=ADVANCED_FACE('',(#530),#4918,.T.);
#5079=ADVANCED_FACE('',(#531),#4919,.T.);
#5080=ADVANCED_FACE('',(#532),#4920,.F.);
#5081=ADVANCED_FACE('',(#533),#282,.T.);
#5082=ADVANCED_FACE('',(#534),#283,.F.);
#5083=ADVANCED_FACE('',(#535),#284,.F.);
#5084=ADVANCED_FACE('',(#536),#285,.F.);
#5085=ADVANCED_FACE('',(#537),#286,.F.);
#5086=ADVANCED_FACE('',(#538),#287,.F.);
#5087=ADVANCED_FACE('',(#539),#288,.T.);
#5088=ADVANCED_FACE('',(#540),#289,.T.);
#5089=ADVANCED_FACE('',(#541),#290,.T.);
#5090=ADVANCED_FACE('',(#542),#291,.T.);
#5091=ADVANCED_FACE('',(#543),#292,.F.);
#5092=ADVANCED_FACE('',(#544),#293,.F.);
#5093=ADVANCED_FACE('',(#545),#294,.F.);
#5094=ADVANCED_FACE('',(#546),#295,.F.);
#5095=ADVANCED_FACE('',(#547),#296,.T.);
#5096=ADVANCED_FACE('',(#548),#297,.T.);
#5097=ADVANCED_FACE('',(#549),#4921,.T.);
#5098=ADVANCED_FACE('',(#550),#4922,.T.);
#5099=ADVANCED_FACE('',(#551),#4923,.F.);
#5100=ADVANCED_FACE('',(#552),#298,.F.);
#5101=ADVANCED_FACE('',(#553),#4924,.T.);
#5102=ADVANCED_FACE('',(#554),#4925,.T.);
#5103=ADVANCED_FACE('',(#555),#4926,.F.);
#5104=ADVANCED_FACE('',(#556),#299,.F.);
#5105=ADVANCED_FACE('',(#557),#300,.F.);
#5106=ADVANCED_FACE('',(#558),#301,.T.);
#5107=ADVANCED_FACE('',(#559),#302,.F.);
#5108=ADVANCED_FACE('',(#560),#303,.F.);
#5109=ADVANCED_FACE('',(#561),#304,.F.);
#5110=ADVANCED_FACE('',(#562),#305,.F.);
#5111=ADVANCED_FACE('',(#563),#306,.F.);
#5112=ADVANCED_FACE('',(#564),#307,.T.);
#5113=ADVANCED_FACE('',(#565),#308,.T.);
#5114=ADVANCED_FACE('',(#566),#309,.T.);
#5115=ADVANCED_FACE('',(#567),#310,.T.);
#5116=ADVANCED_FACE('',(#568),#311,.F.);
#5117=ADVANCED_FACE('',(#569),#312,.F.);
#5118=ADVANCED_FACE('',(#570),#313,.F.);
#5119=ADVANCED_FACE('',(#571,#166),#314,.T.);
#5120=ADVANCED_FACE('',(#572,#167,#168),#315,.F.);
#5121=ADVANCED_FACE('',(#573),#316,.F.);
#5122=ADVANCED_FACE('',(#574,#169),#317,.T.);
#5123=ADVANCED_FACE('',(#575),#318,.F.);
#5124=ADVANCED_FACE('',(#576,#170),#319,.F.);
#5125=ADVANCED_FACE('',(#577,#171),#320,.F.);
#5126=ADVANCED_FACE('',(#578),#321,.F.);
#5127=ADVANCED_FACE('',(#579),#322,.F.);
#5128=ADVANCED_FACE('',(#580),#323,.F.);
#5129=ADVANCED_FACE('',(#581),#324,.F.);
#5130=ADVANCED_FACE('',(#582,#172),#325,.F.);
#5131=ADVANCED_FACE('',(#583),#326,.F.);
#5132=ADVANCED_FACE('',(#584),#327,.F.);
#5133=ADVANCED_FACE('',(#585),#328,.F.);
#5134=ADVANCED_FACE('',(#586),#329,.F.);
#5135=ADVANCED_FACE('',(#587),#330,.F.);
#5136=ADVANCED_FACE('',(#588),#331,.F.);
#5137=ADVANCED_FACE('',(#589),#332,.F.);
#5138=ADVANCED_FACE('',(#590),#333,.T.);
#5139=ADVANCED_FACE('',(#591),#334,.F.);
#5140=ADVANCED_FACE('',(#592),#335,.T.);
#5141=ADVANCED_FACE('',(#593),#336,.T.);
#5142=ADVANCED_FACE('',(#594),#337,.T.);
#5143=ADVANCED_FACE('',(#595),#338,.F.);
#5144=ADVANCED_FACE('',(#596),#339,.F.);
#5145=ADVANCED_FACE('',(#597),#340,.T.);
#5146=ADVANCED_FACE('',(#598),#341,.F.);
#5147=ADVANCED_FACE('',(#599),#4927,.F.);
#5148=ADVANCED_FACE('',(#600),#342,.F.);
#5149=ADVANCED_FACE('',(#601),#343,.T.);
#5150=ADVANCED_FACE('',(#602),#344,.T.);
#5151=ADVANCED_FACE('',(#603),#345,.T.);
#5152=ADVANCED_FACE('',(#604),#346,.T.);
#5153=ADVANCED_FACE('',(#605),#347,.F.);
#5154=ADVANCED_FACE('',(#606),#348,.F.);
#5155=ADVANCED_FACE('',(#607),#349,.F.);
#5156=ADVANCED_FACE('',(#608),#4928,.F.);
#5157=ADVANCED_FACE('',(#609),#350,.F.);
#5158=ADVANCED_FACE('',(#610),#351,.T.);
#5159=ADVANCED_FACE('',(#611),#352,.F.);
#5160=ADVANCED_FACE('',(#612),#4929,.F.);
#5161=ADVANCED_FACE('',(#613),#353,.T.);
#5162=ADVANCED_FACE('',(#614),#354,.T.);
#5163=ADVANCED_FACE('',(#615),#4930,.F.);
#5164=ADVANCED_FACE('',(#616),#4931,.F.);
#5165=ADVANCED_FACE('',(#617),#355,.T.);
#5166=ADVANCED_FACE('',(#618),#356,.T.);
#5167=ADVANCED_FACE('',(#619),#4932,.F.);
#5168=ADVANCED_FACE('',(#620),#357,.F.);
#5169=ADVANCED_FACE('',(#621),#358,.F.);
#5170=ADVANCED_FACE('',(#622),#359,.F.);
#5171=ADVANCED_FACE('',(#623),#360,.F.);
#5172=ADVANCED_FACE('',(#624),#361,.F.);
#5173=ADVANCED_FACE('',(#625,#173),#362,.F.);
#5174=ADVANCED_FACE('',(#626),#363,.F.);
#5175=ADVANCED_FACE('',(#627,#174),#364,.F.);
#5176=ADVANCED_FACE('',(#628),#365,.T.);
#5177=ADVANCED_FACE('',(#629),#366,.T.);
#5178=ADVANCED_FACE('',(#630),#367,.F.);
#5179=ADVANCED_FACE('',(#631),#368,.F.);
#5180=ADVANCED_FACE('',(#632),#369,.F.);
#5181=ADVANCED_FACE('',(#633),#370,.F.);
#5182=ADVANCED_FACE('',(#634),#371,.F.);
#5183=ADVANCED_FACE('',(#635),#372,.F.);
#5184=ADVANCED_FACE('',(#636,#175),#373,.F.);
#5185=ADVANCED_FACE('',(#637,#176),#374,.F.);
#5186=ADVANCED_FACE('',(#638),#375,.F.);
#5187=ADVANCED_FACE('',(#639),#376,.F.);
#5188=ADVANCED_FACE('',(#640),#377,.T.);
#5189=ADVANCED_FACE('',(#641),#378,.T.);
#5190=ADVANCED_FACE('',(#642),#379,.T.);
#5191=ADVANCED_FACE('',(#643),#4933,.F.);
#5192=ADVANCED_FACE('',(#644),#380,.F.);
#5193=ADVANCED_FACE('',(#645),#381,.T.);
#5194=ADVANCED_FACE('',(#646),#382,.T.);
#5195=ADVANCED_FACE('',(#647),#4934,.F.);
#5196=ADVANCED_FACE('',(#648),#383,.F.);
#5197=ADVANCED_FACE('',(#649),#384,.T.);
#5198=ADVANCED_FACE('',(#650),#385,.F.);
#5199=ADVANCED_FACE('',(#651),#386,.F.);
#5200=CLOSED_SHELL('',(#4935,#4936,#4937,#4938,#4939,#4940,#4941,#4942,
#4943,#4944,#4945,#4946,#4947,#4948,#4949,#4950,#4951,#4952,#4953,#4954,
#4955));
#5201=CLOSED_SHELL('',(#4956,#4957,#4958,#4959,#4960,#4961,#4962,#4963,
#4964,#4965,#4966,#4967,#4968,#4969,#4970,#4971,#4972,#4973,#4974));
#5202=CLOSED_SHELL('',(#4975,#4976,#4977,#4978,#4979,#4980,#4981,#4982,
#4983,#4984,#4985,#4986,#4987,#4988,#4989,#4990,#4991,#4992,#4993,#4994,
#4995,#4996,#4997,#4998,#4999,#5000,#5001,#5002,#5003,#5004));
#5203=CLOSED_SHELL('',(#5005,#5006,#5007,#5008,#5009,#5010,#5011,#5012,
#5013,#5014,#5015,#5016,#5017,#5018));
#5204=CLOSED_SHELL('',(#5019,#5020,#5021,#5022,#5023,#5024,#5025,#5026,
#5027,#5028,#5029,#5030,#5031,#5032,#5033,#5034,#5035,#5036,#5037,#5038,
#5039,#5040));
#5205=CLOSED_SHELL('',(#5041,#5042,#5043,#5044,#5045,#5046,#5047,#5048,
#5049,#5050,#5051,#5052,#5053,#5054,#5055,#5056,#5057,#5058,#5059,#5060,
#5061,#5062,#5063,#5064,#5065,#5066));
#5206=CLOSED_SHELL('',(#5067,#5068,#5069,#5070,#5071));
#5207=CLOSED_SHELL('',(#5072,#5073,#5074,#5075,#5076,#5077,#5078,#5079,
#5080,#5081,#5082,#5083,#5084,#5085,#5086,#5087,#5088,#5089,#5090,#5091,
#5092,#5093,#5094,#5095,#5096,#5097,#5098,#5099,#5100,#5101,#5102,#5103,
#5104,#5105,#5106,#5107,#5108,#5109,#5110,#5111,#5112,#5113,#5114,#5115,
#5116,#5117));
#5208=CLOSED_SHELL('',(#5118,#5119,#5120,#5121,#5122,#5123,#5124,#5125,
#5126,#5127,#5128,#5129,#5130,#5131,#5132,#5133,#5134,#5135,#5136,#5137,
#5138,#5139,#5140,#5141,#5142,#5143,#5144,#5145,#5146,#5147,#5148,#5149,
#5150,#5151,#5152,#5153,#5154,#5155,#5156,#5157,#5158,#5159,#5160,#5161,
#5162,#5163,#5164,#5165,#5166,#5167,#5168,#5169,#5170,#5171));
#5209=CLOSED_SHELL('',(#5172,#5173,#5174,#5175,#5176,#5177,#5178,#5179,
#5180,#5181,#5182,#5183,#5184,#5185,#5186,#5187,#5188,#5189,#5190,#5191,
#5192,#5193,#5194,#5195,#5196,#5197,#5198,#5199));
#5210=DERIVED_UNIT_ELEMENT(#5231,1.);
#5211=DERIVED_UNIT_ELEMENT(#8833,-3.);
#5212=DERIVED_UNIT_ELEMENT(#5231,1.);
#5213=DERIVED_UNIT_ELEMENT(#8833,-3.);
#5214=DERIVED_UNIT_ELEMENT(#5231,1.);
#5215=DERIVED_UNIT_ELEMENT(#8833,-3.);
#5216=DERIVED_UNIT_ELEMENT(#5231,1.);
#5217=DERIVED_UNIT_ELEMENT(#8833,-3.);
#5218=DERIVED_UNIT_ELEMENT(#5231,1.);
#5219=DERIVED_UNIT_ELEMENT(#8833,-3.);
#5220=DERIVED_UNIT_ELEMENT(#5231,1.);
#5221=DERIVED_UNIT_ELEMENT(#8833,-3.);
#5222=DERIVED_UNIT_ELEMENT(#5231,1.);
#5223=DERIVED_UNIT_ELEMENT(#8833,-3.);
#5224=DERIVED_UNIT_ELEMENT(#5231,1.);
#5225=DERIVED_UNIT_ELEMENT(#8833,-3.);
#5226=DERIVED_UNIT_ELEMENT(#5231,1.);
#5227=DERIVED_UNIT_ELEMENT(#8833,-3.);
#5228=DERIVED_UNIT_ELEMENT(#5231,1.);
#5229=DERIVED_UNIT_ELEMENT(#8833,-3.);
#5230=DIMENSIONAL_EXPONENTS(0.,1.,0.,0.,0.,0.,0.);
#5231=(
CONVERSION_BASED_UNIT('gram',#5233)
MASS_UNIT()
NAMED_UNIT(#5230)
);
#5232=(
MASS_UNIT()
NAMED_UNIT(*)
SI_UNIT(.KILO.,.GRAM.)
);
#5233=MASS_MEASURE_WITH_UNIT(MASS_MEASURE(0.001),#5232);
#5234=DERIVED_UNIT((#5210,#5211));
#5235=DERIVED_UNIT((#5212,#5213));
#5236=DERIVED_UNIT((#5214,#5215));
#5237=DERIVED_UNIT((#5216,#5217));
#5238=DERIVED_UNIT((#5218,#5219));
#5239=DERIVED_UNIT((#5220,#5221));
#5240=DERIVED_UNIT((#5222,#5223));
#5241=DERIVED_UNIT((#5224,#5225));
#5242=DERIVED_UNIT((#5226,#5227));
#5243=DERIVED_UNIT((#5228,#5229));
#5244=MEASURE_REPRESENTATION_ITEM('density measure',
POSITIVE_RATIO_MEASURE(1.2),#5234);
#5245=MEASURE_REPRESENTATION_ITEM('density measure',
POSITIVE_RATIO_MEASURE(1.),#5235);
#5246=MEASURE_REPRESENTATION_ITEM('density measure',
POSITIVE_RATIO_MEASURE(1.),#5236);
#5247=MEASURE_REPRESENTATION_ITEM('density measure',
POSITIVE_RATIO_MEASURE(1.),#5237);
#5248=MEASURE_REPRESENTATION_ITEM('density measure',
POSITIVE_RATIO_MEASURE(1.),#5238);
#5249=MEASURE_REPRESENTATION_ITEM('density measure',
POSITIVE_RATIO_MEASURE(1.),#5239);
#5250=MEASURE_REPRESENTATION_ITEM('density measure',
POSITIVE_RATIO_MEASURE(1.),#5240);
#5251=MEASURE_REPRESENTATION_ITEM('density measure',
POSITIVE_RATIO_MEASURE(1.),#5241);
#5252=MEASURE_REPRESENTATION_ITEM('density measure',
POSITIVE_RATIO_MEASURE(1.),#5242);
#5253=MEASURE_REPRESENTATION_ITEM('density measure',
POSITIVE_RATIO_MEASURE(1.),#5243);
#5254=PROPERTY_DEFINITION_REPRESENTATION(#5304,#5274);
#5255=PROPERTY_DEFINITION_REPRESENTATION(#5305,#5275);
#5256=PROPERTY_DEFINITION_REPRESENTATION(#5306,#5276);
#5257=PROPERTY_DEFINITION_REPRESENTATION(#5307,#5277);
#5258=PROPERTY_DEFINITION_REPRESENTATION(#5308,#5278);
#5259=PROPERTY_DEFINITION_REPRESENTATION(#5309,#5279);
#5260=PROPERTY_DEFINITION_REPRESENTATION(#5310,#5280);
#5261=PROPERTY_DEFINITION_REPRESENTATION(#5311,#5281);
#5262=PROPERTY_DEFINITION_REPRESENTATION(#5312,#5282);
#5263=PROPERTY_DEFINITION_REPRESENTATION(#5313,#5283);
#5264=PROPERTY_DEFINITION_REPRESENTATION(#5314,#5284);
#5265=PROPERTY_DEFINITION_REPRESENTATION(#5315,#5285);
#5266=PROPERTY_DEFINITION_REPRESENTATION(#5316,#5286);
#5267=PROPERTY_DEFINITION_REPRESENTATION(#5317,#5287);
#5268=PROPERTY_DEFINITION_REPRESENTATION(#5318,#5288);
#5269=PROPERTY_DEFINITION_REPRESENTATION(#5319,#5289);
#5270=PROPERTY_DEFINITION_REPRESENTATION(#5320,#5290);
#5271=PROPERTY_DEFINITION_REPRESENTATION(#5321,#5291);
#5272=PROPERTY_DEFINITION_REPRESENTATION(#5322,#5292);
#5273=PROPERTY_DEFINITION_REPRESENTATION(#5323,#5293);
#5274=REPRESENTATION('material name',(#5294),#8820);
#5275=REPRESENTATION('density',(#5244),#8820);
#5276=REPRESENTATION('material name',(#5295),#8822);
#5277=REPRESENTATION('density',(#5245),#8822);
#5278=REPRESENTATION('material name',(#5296),#8823);
#5279=REPRESENTATION('density',(#5246),#8823);
#5280=REPRESENTATION('material name',(#5297),#8824);
#5281=REPRESENTATION('density',(#5247),#8824);
#5282=REPRESENTATION('material name',(#5298),#8825);
#5283=REPRESENTATION('density',(#5248),#8825);
#5284=REPRESENTATION('material name',(#5299),#8826);
#5285=REPRESENTATION('density',(#5249),#8826);
#5286=REPRESENTATION('material name',(#5300),#8827);
#5287=REPRESENTATION('density',(#5250),#8827);
#5288=REPRESENTATION('material name',(#5301),#8828);
#5289=REPRESENTATION('density',(#5251),#8828);
#5290=REPRESENTATION('material name',(#5302),#8829);
#5291=REPRESENTATION('density',(#5252),#8829);
#5292=REPRESENTATION('material name',(#5303),#8830);
#5293=REPRESENTATION('density',(#5253),#8830);
#5294=DESCRIPTIVE_REPRESENTATION_ITEM('Polycarbonate, Smoke',
'Polycarbonate, Smoke');
#5295=DESCRIPTIVE_REPRESENTATION_ITEM('Generic','Generic');
#5296=DESCRIPTIVE_REPRESENTATION_ITEM('Generic','Generic');
#5297=DESCRIPTIVE_REPRESENTATION_ITEM('Generic','Generic');
#5298=DESCRIPTIVE_REPRESENTATION_ITEM('Generic','Generic');
#5299=DESCRIPTIVE_REPRESENTATION_ITEM('Generic','Generic');
#5300=DESCRIPTIVE_REPRESENTATION_ITEM('Generic','Generic');
#5301=DESCRIPTIVE_REPRESENTATION_ITEM('Generic','Generic');
#5302=DESCRIPTIVE_REPRESENTATION_ITEM('Generic','Generic');
#5303=DESCRIPTIVE_REPRESENTATION_ITEM('Generic','Generic');
#5304=PROPERTY_DEFINITION('material property','material name',#8893);
#5305=PROPERTY_DEFINITION('material property','density of part',#8893);
#5306=PROPERTY_DEFINITION('material property','material name',#8895);
#5307=PROPERTY_DEFINITION('material property','density of part',#8895);
#5308=PROPERTY_DEFINITION('material property','material name',#8896);
#5309=PROPERTY_DEFINITION('material property','density of part',#8896);
#5310=PROPERTY_DEFINITION('material property','material name',#8897);
#5311=PROPERTY_DEFINITION('material property','density of part',#8897);
#5312=PROPERTY_DEFINITION('material property','material name',#8898);
#5313=PROPERTY_DEFINITION('material property','density of part',#8898);
#5314=PROPERTY_DEFINITION('material property','material name',#8899);
#5315=PROPERTY_DEFINITION('material property','density of part',#8899);
#5316=PROPERTY_DEFINITION('material property','material name',#8900);
#5317=PROPERTY_DEFINITION('material property','density of part',#8900);
#5318=PROPERTY_DEFINITION('material property','material name',#8901);
#5319=PROPERTY_DEFINITION('material property','density of part',#8901);
#5320=PROPERTY_DEFINITION('material property','material name',#8902);
#5321=PROPERTY_DEFINITION('material property','density of part',#8902);
#5322=PROPERTY_DEFINITION('material property','material name',#8903);
#5323=PROPERTY_DEFINITION('material property','density of part',#8903);
#5324=PRESENTATION_STYLE_ASSIGNMENT((#5336));
#5325=PRESENTATION_STYLE_ASSIGNMENT((#5337));
#5326=PRESENTATION_STYLE_ASSIGNMENT((#5338));
#5327=PRESENTATION_STYLE_ASSIGNMENT((#5339));
#5328=PRESENTATION_STYLE_ASSIGNMENT((#5340));
#5329=PRESENTATION_STYLE_ASSIGNMENT((#5341));
#5330=PRESENTATION_STYLE_ASSIGNMENT((#5342));
#5331=PRESENTATION_STYLE_ASSIGNMENT((#5343));
#5332=PRESENTATION_STYLE_ASSIGNMENT((#5344));
#5333=PRESENTATION_STYLE_ASSIGNMENT((#5345));
#5334=PRESENTATION_STYLE_ASSIGNMENT((#5346));
#5335=PRESENTATION_STYLE_ASSIGNMENT((#5347));
#5336=SURFACE_STYLE_USAGE(.BOTH.,#5372);
#5337=SURFACE_STYLE_USAGE(.BOTH.,#5373);
#5338=SURFACE_STYLE_USAGE(.BOTH.,#5374);
#5339=SURFACE_STYLE_USAGE(.BOTH.,#5375);
#5340=SURFACE_STYLE_USAGE(.BOTH.,#5376);
#5341=SURFACE_STYLE_USAGE(.BOTH.,#5377);
#5342=SURFACE_STYLE_USAGE(.BOTH.,#5378);
#5343=SURFACE_STYLE_USAGE(.BOTH.,#5379);
#5344=SURFACE_STYLE_USAGE(.BOTH.,#5380);
#5345=SURFACE_STYLE_USAGE(.BOTH.,#5381);
#5346=SURFACE_STYLE_USAGE(.BOTH.,#5382);
#5347=SURFACE_STYLE_USAGE(.BOTH.,#5383);
#5348=SURFACE_STYLE_RENDERING_WITH_PROPERTIES($,#5420,(#5360));
#5349=SURFACE_STYLE_RENDERING_WITH_PROPERTIES($,#5421,(#5361));
#5350=SURFACE_STYLE_RENDERING_WITH_PROPERTIES($,#5422,(#5362));
#5351=SURFACE_STYLE_RENDERING_WITH_PROPERTIES($,#5423,(#5363));
#5352=SURFACE_STYLE_RENDERING_WITH_PROPERTIES($,#5424,(#5364));
#5353=SURFACE_STYLE_RENDERING_WITH_PROPERTIES($,#5425,(#5365));
#5354=SURFACE_STYLE_RENDERING_WITH_PROPERTIES($,#5426,(#5366));
#5355=SURFACE_STYLE_RENDERING_WITH_PROPERTIES($,#5427,(#5367));
#5356=SURFACE_STYLE_RENDERING_WITH_PROPERTIES($,#5428,(#5368));
#5357=SURFACE_STYLE_RENDERING_WITH_PROPERTIES($,#5429,(#5369));
#5358=SURFACE_STYLE_RENDERING_WITH_PROPERTIES($,#5430,(#5370));
#5359=SURFACE_STYLE_RENDERING_WITH_PROPERTIES($,#5431,(#5371));
#5360=SURFACE_STYLE_TRANSPARENT(0.);
#5361=SURFACE_STYLE_TRANSPARENT(0.);
#5362=SURFACE_STYLE_TRANSPARENT(0.);
#5363=SURFACE_STYLE_TRANSPARENT(0.);
#5364=SURFACE_STYLE_TRANSPARENT(0.);
#5365=SURFACE_STYLE_TRANSPARENT(0.);
#5366=SURFACE_STYLE_TRANSPARENT(0.);
#5367=SURFACE_STYLE_TRANSPARENT(0.);
#5368=SURFACE_STYLE_TRANSPARENT(0.);
#5369=SURFACE_STYLE_TRANSPARENT(0.);
#5370=SURFACE_STYLE_TRANSPARENT(0.);
#5371=SURFACE_STYLE_TRANSPARENT(0.);
#5372=SURFACE_SIDE_STYLE('',(#5384,#5348));
#5373=SURFACE_SIDE_STYLE('',(#5385,#5349));
#5374=SURFACE_SIDE_STYLE('',(#5386,#5350));
#5375=SURFACE_SIDE_STYLE('',(#5387,#5351));
#5376=SURFACE_SIDE_STYLE('',(#5388,#5352));
#5377=SURFACE_SIDE_STYLE('',(#5389,#5353));
#5378=SURFACE_SIDE_STYLE('',(#5390,#5354));
#5379=SURFACE_SIDE_STYLE('',(#5391,#5355));
#5380=SURFACE_SIDE_STYLE('',(#5392,#5356));
#5381=SURFACE_SIDE_STYLE('',(#5393,#5357));
#5382=SURFACE_SIDE_STYLE('',(#5394,#5358));
#5383=SURFACE_SIDE_STYLE('',(#5395,#5359));
#5384=SURFACE_STYLE_FILL_AREA(#5396);
#5385=SURFACE_STYLE_FILL_AREA(#5397);
#5386=SURFACE_STYLE_FILL_AREA(#5398);
#5387=SURFACE_STYLE_FILL_AREA(#5399);
#5388=SURFACE_STYLE_FILL_AREA(#5400);
#5389=SURFACE_STYLE_FILL_AREA(#5401);
#5390=SURFACE_STYLE_FILL_AREA(#5402);
#5391=SURFACE_STYLE_FILL_AREA(#5403);
#5392=SURFACE_STYLE_FILL_AREA(#5404);
#5393=SURFACE_STYLE_FILL_AREA(#5405);
#5394=SURFACE_STYLE_FILL_AREA(#5406);
#5395=SURFACE_STYLE_FILL_AREA(#5407);
#5396=FILL_AREA_STYLE('',(#5408));
#5397=FILL_AREA_STYLE('',(#5409));
#5398=FILL_AREA_STYLE('',(#5410));
#5399=FILL_AREA_STYLE('',(#5411));
#5400=FILL_AREA_STYLE('',(#5412));
#5401=FILL_AREA_STYLE('',(#5413));
#5402=FILL_AREA_STYLE('',(#5414));
#5403=FILL_AREA_STYLE('',(#5415));
#5404=FILL_AREA_STYLE('',(#5416));
#5405=FILL_AREA_STYLE('',(#5417));
#5406=FILL_AREA_STYLE('',(#5418));
#5407=FILL_AREA_STYLE('',(#5419));
#5408=FILL_AREA_STYLE_COLOUR('',#5420);
#5409=FILL_AREA_STYLE_COLOUR('',#5421);
#5410=FILL_AREA_STYLE_COLOUR('',#5422);
#5411=FILL_AREA_STYLE_COLOUR('',#5423);
#5412=FILL_AREA_STYLE_COLOUR('',#5424);
#5413=FILL_AREA_STYLE_COLOUR('',#5425);
#5414=FILL_AREA_STYLE_COLOUR('',#5426);
#5415=FILL_AREA_STYLE_COLOUR('',#5427);
#5416=FILL_AREA_STYLE_COLOUR('',#5428);
#5417=FILL_AREA_STYLE_COLOUR('',#5429);
#5418=FILL_AREA_STYLE_COLOUR('',#5430);
#5419=FILL_AREA_STYLE_COLOUR('',#5431);
#5420=COLOUR_RGB('',0.96078431372549,0.96078431372549,0.96078431372549);
#5421=COLOUR_RGB('',0.8,0.403921568627451,0.);
#5422=COLOUR_RGB('',0.749019607843137,0.749019607843137,0.749019607843137);
#5423=COLOUR_RGB('',0.2,0.2,0.2);
#5424=COLOUR_RGB('',0.211764705882353,0.435294117647059,0.698039215686274);
#5425=COLOUR_RGB('',0.505882352941176,0.533333333333333,0.549019607843137);
#5426=COLOUR_RGB('',0.505882352941176,0.533333333333333,0.549019607843137);
#5427=COLOUR_RGB('',0.505882352941176,0.533333333333333,0.549019607843137);
#5428=COLOUR_RGB('',0.505882352941176,0.533333333333333,0.549019607843137);
#5429=COLOUR_RGB('',0.505882352941176,0.533333333333333,0.549019607843137);
#5430=COLOUR_RGB('',0.8,0.,0.);
#5431=COLOUR_RGB('',0.8,0.403921568627451,0.);
#5432=DATE_TIME_ROLE('creation_date');
#5433=DATE_TIME_ROLE('creation_date');
#5434=DATE_TIME_ROLE('creation_date');
#5435=DATE_TIME_ROLE('creation_date');
#5436=DATE_TIME_ROLE('creation_date');
#5437=DATE_TIME_ROLE('creation_date');
#5438=DATE_TIME_ROLE('creation_date');
#5439=DATE_TIME_ROLE('creation_date');
#5440=DATE_TIME_ROLE('creation_date');
#5441=DATE_TIME_ROLE('creation_date');
#5442=DATE_TIME_ROLE('creation_date');
#5443=DATE_TIME_ROLE('creation_date');
#5444=APPLIED_DATE_AND_TIME_ASSIGNMENT(#5456,#5432,(#8892));
#5445=APPLIED_DATE_AND_TIME_ASSIGNMENT(#5457,#5433,(#8893));
#5446=APPLIED_DATE_AND_TIME_ASSIGNMENT(#5458,#5434,(#8894));
#5447=APPLIED_DATE_AND_TIME_ASSIGNMENT(#5459,#5435,(#8895));
#5448=APPLIED_DATE_AND_TIME_ASSIGNMENT(#5460,#5436,(#8896));
#5449=APPLIED_DATE_AND_TIME_ASSIGNMENT(#5461,#5437,(#8897));
#5450=APPLIED_DATE_AND_TIME_ASSIGNMENT(#5462,#5438,(#8898));
#5451=APPLIED_DATE_AND_TIME_ASSIGNMENT(#5463,#5439,(#8899));
#5452=APPLIED_DATE_AND_TIME_ASSIGNMENT(#5464,#5440,(#8900));
#5453=APPLIED_DATE_AND_TIME_ASSIGNMENT(#5465,#5441,(#8901));
#5454=APPLIED_DATE_AND_TIME_ASSIGNMENT(#5466,#5442,(#8902));
#5455=APPLIED_DATE_AND_TIME_ASSIGNMENT(#5467,#5443,(#8903));
#5456=DATE_AND_TIME(#5468,#5480);
#5457=DATE_AND_TIME(#5469,#5481);
#5458=DATE_AND_TIME(#5470,#5482);
#5459=DATE_AND_TIME(#5471,#5483);
#5460=DATE_AND_TIME(#5472,#5484);
#5461=DATE_AND_TIME(#5473,#5485);
#5462=DATE_AND_TIME(#5474,#5486);
#5463=DATE_AND_TIME(#5475,#5487);
#5464=DATE_AND_TIME(#5476,#5488);
#5465=DATE_AND_TIME(#5477,#5489);
#5466=DATE_AND_TIME(#5478,#5490);
#5467=DATE_AND_TIME(#5479,#5491);
#5468=CALENDAR_DATE(2026,12,3);
#5469=CALENDAR_DATE(2024,30,9);
#5470=CALENDAR_DATE(2024,30,9);
#5471=CALENDAR_DATE(2024,30,9);
#5472=CALENDAR_DATE(2024,30,9);
#5473=CALENDAR_DATE(2024,30,9);
#5474=CALENDAR_DATE(2024,30,9);
#5475=CALENDAR_DATE(2024,30,9);
#5476=CALENDAR_DATE(2024,30,9);
#5477=CALENDAR_DATE(2024,30,9);
#5478=CALENDAR_DATE(2024,30,9);
#5479=CALENDAR_DATE(2024,30,9);
#5480=LOCAL_TIME(0,0,0.,#5492);
#5481=LOCAL_TIME(0,0,0.,#5493);
#5482=LOCAL_TIME(0,0,0.,#5494);
#5483=LOCAL_TIME(0,0,0.,#5495);
#5484=LOCAL_TIME(0,0,0.,#5496);
#5485=LOCAL_TIME(0,0,0.,#5497);
#5486=LOCAL_TIME(0,0,0.,#5498);
#5487=LOCAL_TIME(0,0,0.,#5499);
#5488=LOCAL_TIME(0,0,0.,#5500);
#5489=LOCAL_TIME(0,0,0.,#5501);
#5490=LOCAL_TIME(0,0,0.,#5502);
#5491=LOCAL_TIME(0,0,0.,#5503);
#5492=COORDINATED_UNIVERSAL_TIME_OFFSET(0,0,.BEHIND.);
#5493=COORDINATED_UNIVERSAL_TIME_OFFSET(0,0,.BEHIND.);
#5494=COORDINATED_UNIVERSAL_TIME_OFFSET(0,0,.BEHIND.);
#5495=COORDINATED_UNIVERSAL_TIME_OFFSET(0,0,.BEHIND.);
#5496=COORDINATED_UNIVERSAL_TIME_OFFSET(0,0,.BEHIND.);
#5497=COORDINATED_UNIVERSAL_TIME_OFFSET(0,0,.BEHIND.);
#5498=COORDINATED_UNIVERSAL_TIME_OFFSET(0,0,.BEHIND.);
#5499=COORDINATED_UNIVERSAL_TIME_OFFSET(0,0,.BEHIND.);
#5500=COORDINATED_UNIVERSAL_TIME_OFFSET(0,0,.BEHIND.);
#5501=COORDINATED_UNIVERSAL_TIME_OFFSET(0,0,.BEHIND.);
#5502=COORDINATED_UNIVERSAL_TIME_OFFSET(0,0,.BEHIND.);
#5503=COORDINATED_UNIVERSAL_TIME_OFFSET(0,0,.BEHIND.);
#5504=AXIS2_PLACEMENT_3D('',#7330,#5913,#5914);
#5505=AXIS2_PLACEMENT_3D('',#7331,#5915,#5916);
#5506=AXIS2_PLACEMENT_3D('',#7332,#5917,#5918);
#5507=AXIS2_PLACEMENT_3D('',#7334,#5919,#5920);
#5508=AXIS2_PLACEMENT_3D('',#7337,#5922,#5923);
#5509=AXIS2_PLACEMENT_3D('',#7338,#5924,#5925);
#5510=AXIS2_PLACEMENT_3D('',#7347,#5930,#5931);
#5511=AXIS2_PLACEMENT_3D('',#7353,#5935,#5936);
#5512=AXIS2_PLACEMENT_3D('',#7362,#5941,#5942);
#5513=AXIS2_PLACEMENT_3D('',#7364,#5943,#5944);
#5514=AXIS2_PLACEMENT_3D('',#7371,#5948,#5949);
#5515=AXIS2_PLACEMENT_3D('',#7375,#5951,#5952);
#5516=AXIS2_PLACEMENT_3D('',#7379,#5954,#5955);
#5517=AXIS2_PLACEMENT_3D('',#7382,#5957,#5958);
#5518=AXIS2_PLACEMENT_3D('',#7384,#5959,#5960);
#5519=AXIS2_PLACEMENT_3D('',#7386,#5961,#5962);
#5520=AXIS2_PLACEMENT_3D('',#7388,#5963,#5964);
#5521=AXIS2_PLACEMENT_3D('',#7390,#5965,#5966);
#5522=AXIS2_PLACEMENT_3D('',#7391,#5967,#5968);
#5523=AXIS2_PLACEMENT_3D('',#7393,#5969,#5970);
#5524=AXIS2_PLACEMENT_3D('',#7397,#5972,#5973);
#5525=AXIS2_PLACEMENT_3D('',#7401,#5975,#5976);
#5526=AXIS2_PLACEMENT_3D('',#7404,#5978,#5979);
#5527=AXIS2_PLACEMENT_3D('',#7411,#5983,#5984);
#5528=AXIS2_PLACEMENT_3D('',#7413,#5985,#5986);
#5529=AXIS2_PLACEMENT_3D('',#7415,#5987,#5988);
#5530=AXIS2_PLACEMENT_3D('',#7417,#5989,#5990);
#5531=AXIS2_PLACEMENT_3D('',#7419,#5991,#5992);
#5532=AXIS2_PLACEMENT_3D('',#7420,#5993,#5994);
#5533=AXIS2_PLACEMENT_3D('',#7422,#5996,#5997);
#5534=AXIS2_PLACEMENT_3D('',#7424,#5999,#6000);
#5535=AXIS2_PLACEMENT_3D('',#7426,#6002,#6003);
#5536=AXIS2_PLACEMENT_3D('',#7428,#6005,#6006);
#5537=AXIS2_PLACEMENT_3D('',#7431,#6009,#6010);
#5538=AXIS2_PLACEMENT_3D('',#7432,#6011,#6012);
#5539=AXIS2_PLACEMENT_3D('',#7434,#6014,#6015);
#5540=AXIS2_PLACEMENT_3D('',#7436,#6017,#6018);
#5541=AXIS2_PLACEMENT_3D('',#7437,#6019,#6020);
#5542=AXIS2_PLACEMENT_3D('',#7439,#6022,#6023);
#5543=AXIS2_PLACEMENT_3D('',#7441,#6025,#6026);
#5544=AXIS2_PLACEMENT_3D('',#7443,#6028,#6029);
#5545=AXIS2_PLACEMENT_3D('',#7445,#6031,#6032);
#5546=AXIS2_PLACEMENT_3D('',#7446,#6033,#6034);
#5547=AXIS2_PLACEMENT_3D('',#7448,#6036,#6037);
#5548=AXIS2_PLACEMENT_3D('',#7449,#6038,#6039);
#5549=AXIS2_PLACEMENT_3D('',#7450,#6040,#6041);
#5550=AXIS2_PLACEMENT_3D('',#7459,#6046,#6047);
#5551=AXIS2_PLACEMENT_3D('',#7468,#6052,#6053);
#5552=AXIS2_PLACEMENT_3D('',#7470,#6054,#6055);
#5553=AXIS2_PLACEMENT_3D('',#7473,#6057,#6058);
#5554=AXIS2_PLACEMENT_3D('',#7474,#6059,#6060);
#5555=AXIS2_PLACEMENT_3D('',#7480,#6064,#6065);
#5556=AXIS2_PLACEMENT_3D('',#7489,#6070,#6071);
#5557=AXIS2_PLACEMENT_3D('',#7491,#6072,#6073);
#5558=AXIS2_PLACEMENT_3D('',#7494,#6075,#6076);
#5559=AXIS2_PLACEMENT_3D('',#7495,#6077,#6078);
#5560=AXIS2_PLACEMENT_3D('',#7496,#6079,#6080);
#5561=AXIS2_PLACEMENT_3D('',#7497,#6081,#6082);
#5562=AXIS2_PLACEMENT_3D('',#7498,#6083,#6084);
#5563=AXIS2_PLACEMENT_3D('',#7503,#6086,#6087);
#5564=AXIS2_PLACEMENT_3D('',#7508,#6090,#6091);
#5565=AXIS2_PLACEMENT_3D('',#7512,#6093,#6094);
#5566=AXIS2_PLACEMENT_3D('',#7516,#6097,#6098);
#5567=AXIS2_PLACEMENT_3D('',#7517,#6099,#6100);
#5568=AXIS2_PLACEMENT_3D('',#7521,#6102,#6103);
#5569=AXIS2_PLACEMENT_3D('',#7525,#6105,#6106);
#5570=AXIS2_PLACEMENT_3D('',#7530,#6109,#6110);
#5571=AXIS2_PLACEMENT_3D('',#7534,#6112,#6113);
#5572=AXIS2_PLACEMENT_3D('',#7536,#6115,#6116);
#5573=AXIS2_PLACEMENT_3D('',#7538,#6118,#6119);
#5574=AXIS2_PLACEMENT_3D('',#7541,#6122,#6123);
#5575=AXIS2_PLACEMENT_3D('',#7543,#6125,#6126);
#5576=AXIS2_PLACEMENT_3D('',#7545,#6128,#6129);
#5577=AXIS2_PLACEMENT_3D('',#7547,#6131,#6132);
#5578=AXIS2_PLACEMENT_3D('',#7550,#6135,#6136);
#5579=AXIS2_PLACEMENT_3D('',#7551,#6137,#6138);
#5580=AXIS2_PLACEMENT_3D('',#7552,#6139,#6140);
#5581=AXIS2_PLACEMENT_3D('',#7553,#6141,#6142);
#5582=AXIS2_PLACEMENT_3D('',#7554,#6143,#6144);
#5583=AXIS2_PLACEMENT_3D('',#7555,#6145,#6146);
#5584=AXIS2_PLACEMENT_3D('',#7557,#6147,#6148);
#5585=AXIS2_PLACEMENT_3D('',#7566,#6153,#6154);
#5586=AXIS2_PLACEMENT_3D('',#7587,#6165,#6166);
#5587=AXIS2_PLACEMENT_3D('',#7594,#6170,#6171);
#5588=AXIS2_PLACEMENT_3D('',#7595,#6172,#6173);
#5589=AXIS2_PLACEMENT_3D('',#7599,#6176,#6177);
#5590=AXIS2_PLACEMENT_3D('',#7603,#6180,#6181);
#5591=AXIS2_PLACEMENT_3D('',#7607,#6184,#6185);
#5592=AXIS2_PLACEMENT_3D('',#7611,#6188,#6189);
#5593=AXIS2_PLACEMENT_3D('',#7621,#6195,#6196);
#5594=AXIS2_PLACEMENT_3D('',#7622,#6197,#6198);
#5595=AXIS2_PLACEMENT_3D('',#7628,#6202,#6203);
#5596=AXIS2_PLACEMENT_3D('',#7632,#6206,#6207);
#5597=AXIS2_PLACEMENT_3D('',#7636,#6210,#6211);
#5598=AXIS2_PLACEMENT_3D('',#7638,#6213,#6214);
#5599=AXIS2_PLACEMENT_3D('',#7639,#6215,#6216);
#5600=AXIS2_PLACEMENT_3D('',#7645,#6220,#6221);
#5601=AXIS2_PLACEMENT_3D('',#7649,#6224,#6225);
#5602=AXIS2_PLACEMENT_3D('',#7653,#6228,#6229);
#5603=AXIS2_PLACEMENT_3D('',#7655,#6231,#6232);
#5604=AXIS2_PLACEMENT_3D('',#7656,#6233,#6234);
#5605=AXIS2_PLACEMENT_3D('',#7659,#6236,#6237);
#5606=AXIS2_PLACEMENT_3D('',#7660,#6238,#6239);
#5607=AXIS2_PLACEMENT_3D('',#7662,#6240,#6241);
#5608=AXIS2_PLACEMENT_3D('',#7665,#6243,#6244);
#5609=AXIS2_PLACEMENT_3D('',#7666,#6245,#6246);
#5610=AXIS2_PLACEMENT_3D('',#7667,#6247,#6248);
#5611=AXIS2_PLACEMENT_3D('',#7669,#6249,#6250);
#5612=AXIS2_PLACEMENT_3D('',#7671,#6251,#6252);
#5613=AXIS2_PLACEMENT_3D('',#7672,#6253,#6254);
#5614=AXIS2_PLACEMENT_3D('',#7673,#6255,#6256);
#5615=AXIS2_PLACEMENT_3D('',#7675,#6257,#6258);
#5616=AXIS2_PLACEMENT_3D('',#7676,#6259,#6260);
#5617=AXIS2_PLACEMENT_3D('',#7677,#6261,#6262);
#5618=AXIS2_PLACEMENT_3D('',#7679,#6264,#6265);
#5619=AXIS2_PLACEMENT_3D('',#7680,#6266,#6267);
#5620=AXIS2_PLACEMENT_3D('',#7681,#6268,#6269);
#5621=AXIS2_PLACEMENT_3D('',#7682,#6270,#6271);
#5622=AXIS2_PLACEMENT_3D('',#7684,#6272,#6273);
#5623=AXIS2_PLACEMENT_3D('',#7685,#6274,#6275);
#5624=AXIS2_PLACEMENT_3D('',#7687,#6276,#6277);
#5625=AXIS2_PLACEMENT_3D('',#7688,#6278,#6279);
#5626=AXIS2_PLACEMENT_3D('',#7690,#6281,#6282);
#5627=AXIS2_PLACEMENT_3D('',#7691,#6283,#6284);
#5628=AXIS2_PLACEMENT_3D('',#7700,#6289,#6290);
#5629=AXIS2_PLACEMENT_3D('',#7710,#6296,#6297);
#5630=AXIS2_PLACEMENT_3D('',#7716,#6301,#6302);
#5631=AXIS2_PLACEMENT_3D('',#7722,#6306,#6307);
#5632=AXIS2_PLACEMENT_3D('',#7728,#6311,#6312);
#5633=AXIS2_PLACEMENT_3D('',#7734,#6316,#6317);
#5634=AXIS2_PLACEMENT_3D('',#7740,#6321,#6322);
#5635=AXIS2_PLACEMENT_3D('',#7742,#6323,#6324);
#5636=AXIS2_PLACEMENT_3D('',#7745,#6326,#6327);
#5637=AXIS2_PLACEMENT_3D('',#7746,#6328,#6329);
#5638=AXIS2_PLACEMENT_3D('',#7748,#6330,#6331);
#5639=AXIS2_PLACEMENT_3D('',#7751,#6333,#6334);
#5640=AXIS2_PLACEMENT_3D('',#7752,#6335,#6336);
#5641=AXIS2_PLACEMENT_3D('',#7759,#6341,#6342);
#5642=AXIS2_PLACEMENT_3D('',#7761,#6344,#6345);
#5643=AXIS2_PLACEMENT_3D('',#7762,#6346,#6347);
#5644=AXIS2_PLACEMENT_3D('',#7764,#6349,#6350);
#5645=AXIS2_PLACEMENT_3D('',#7765,#6351,#6352);
#5646=AXIS2_PLACEMENT_3D('',#7766,#6353,#6354);
#5647=AXIS2_PLACEMENT_3D('',#7768,#6355,#6356);
#5648=AXIS2_PLACEMENT_3D('',#7771,#6358,#6359);
#5649=AXIS2_PLACEMENT_3D('',#7772,#6360,#6361);
#5650=AXIS2_PLACEMENT_3D('',#7783,#6367,#6368);
#5651=AXIS2_PLACEMENT_3D('',#7794,#6374,#6375);
#5652=AXIS2_PLACEMENT_3D('',#7802,#6380,#6381);
#5653=AXIS2_PLACEMENT_3D('',#7812,#6387,#6388);
#5654=AXIS2_PLACEMENT_3D('',#7817,#6392,#6393);
#5655=AXIS2_PLACEMENT_3D('',#7821,#6396,#6397);
#5656=AXIS2_PLACEMENT_3D('',#7825,#6400,#6401);
#5657=AXIS2_PLACEMENT_3D('',#7827,#6403,#6404);
#5658=AXIS2_PLACEMENT_3D('',#7835,#6409,#6410);
#5659=AXIS2_PLACEMENT_3D('',#7841,#6414,#6415);
#5660=AXIS2_PLACEMENT_3D('',#7846,#6419,#6420);
#5661=AXIS2_PLACEMENT_3D('',#7850,#6423,#6424);
#5662=AXIS2_PLACEMENT_3D('',#7855,#6427,#6428);
#5663=AXIS2_PLACEMENT_3D('',#7857,#6429,#6430);
#5664=AXIS2_PLACEMENT_3D('',#7858,#6431,#6432);
#5665=AXIS2_PLACEMENT_3D('',#7862,#6435,#6436);
#5666=AXIS2_PLACEMENT_3D('',#7867,#6439,#6440);
#5667=AXIS2_PLACEMENT_3D('',#7869,#6441,#6442);
#5668=AXIS2_PLACEMENT_3D('',#7870,#6443,#6444);
#5669=AXIS2_PLACEMENT_3D('',#7872,#6446,#6447);
#5670=AXIS2_PLACEMENT_3D('',#7874,#6448,#6449);
#5671=AXIS2_PLACEMENT_3D('',#7877,#6451,#6452);
#5672=AXIS2_PLACEMENT_3D('',#7878,#6453,#6454);
#5673=AXIS2_PLACEMENT_3D('',#7879,#6455,#6456);
#5674=AXIS2_PLACEMENT_3D('',#7880,#6457,#6458);
#5675=AXIS2_PLACEMENT_3D('',#7882,#6460,#6461);
#5676=AXIS2_PLACEMENT_3D('',#7884,#6463,#6464);
#5677=AXIS2_PLACEMENT_3D('',#7885,#6465,#6466);
#5678=AXIS2_PLACEMENT_3D('',#7896,#6471,#6472);
#5679=AXIS2_PLACEMENT_3D('',#7902,#6476,#6477);
#5680=AXIS2_PLACEMENT_3D('',#7913,#6482,#6483);
#5681=AXIS2_PLACEMENT_3D('',#7919,#6487,#6488);
#5682=AXIS2_PLACEMENT_3D('',#7928,#6493,#6494);
#5683=AXIS2_PLACEMENT_3D('',#7944,#6504,#6505);
#5684=AXIS2_PLACEMENT_3D('',#7950,#6509,#6510);
#5685=AXIS2_PLACEMENT_3D('',#7963,#6519,#6520);
#5686=AXIS2_PLACEMENT_3D('',#7964,#6521,#6522);
#5687=AXIS2_PLACEMENT_3D('',#7970,#6525,#6526);
#5688=AXIS2_PLACEMENT_3D('',#7974,#6529,#6530);
#5689=AXIS2_PLACEMENT_3D('',#7976,#6532,#6533);
#5690=AXIS2_PLACEMENT_3D('',#7978,#6535,#6536);
#5691=AXIS2_PLACEMENT_3D('',#7980,#6538,#6539);
#5692=AXIS2_PLACEMENT_3D('',#7982,#6541,#6542);
#5693=AXIS2_PLACEMENT_3D('',#7983,#6543,#6544);
#5694=AXIS2_PLACEMENT_3D('',#7987,#6547,#6548);
#5695=AXIS2_PLACEMENT_3D('',#7991,#6551,#6552);
#5696=AXIS2_PLACEMENT_3D('',#7993,#6553,#6554);
#5697=AXIS2_PLACEMENT_3D('',#7995,#6556,#6557);
#5698=AXIS2_PLACEMENT_3D('',#7999,#6560,#6561);
#5699=AXIS2_PLACEMENT_3D('',#8001,#6563,#6564);
#5700=AXIS2_PLACEMENT_3D('',#8002,#6565,#6566);
#5701=AXIS2_PLACEMENT_3D('',#8004,#6568,#6569);
#5702=AXIS2_PLACEMENT_3D('',#8006,#6571,#6572);
#5703=AXIS2_PLACEMENT_3D('',#8008,#6573,#6574);
#5704=AXIS2_PLACEMENT_3D('',#8009,#6575,#6576);
#5705=AXIS2_PLACEMENT_3D('',#8012,#6578,#6579);
#5706=AXIS2_PLACEMENT_3D('',#8013,#6580,#6581);
#5707=AXIS2_PLACEMENT_3D('',#8015,#6582,#6583);
#5708=AXIS2_PLACEMENT_3D('',#8016,#6584,#6585);
#5709=AXIS2_PLACEMENT_3D('',#8019,#6587,#6588);
#5710=AXIS2_PLACEMENT_3D('',#8020,#6589,#6590);
#5711=AXIS2_PLACEMENT_3D('',#8021,#6591,#6592);
#5712=AXIS2_PLACEMENT_3D('',#8022,#6593,#6594);
#5713=AXIS2_PLACEMENT_3D('',#8024,#6595,#6596);
#5714=AXIS2_PLACEMENT_3D('',#8027,#6598,#6599);
#5715=AXIS2_PLACEMENT_3D('',#8028,#6600,#6601);
#5716=AXIS2_PLACEMENT_3D('',#8029,#6602,#6603);
#5717=AXIS2_PLACEMENT_3D('',#8031,#6604,#6605);
#5718=AXIS2_PLACEMENT_3D('',#8034,#6607,#6608);
#5719=AXIS2_PLACEMENT_3D('',#8035,#6609,#6610);
#5720=AXIS2_PLACEMENT_3D('',#8036,#6611,#6612);
#5721=AXIS2_PLACEMENT_3D('',#8037,#6613,#6614);
#5722=AXIS2_PLACEMENT_3D('',#8038,#6615,#6616);
#5723=AXIS2_PLACEMENT_3D('',#8043,#6618,#6619);
#5724=AXIS2_PLACEMENT_3D('',#8051,#6623,#6624);
#5725=AXIS2_PLACEMENT_3D('',#8058,#6628,#6629);
#5726=AXIS2_PLACEMENT_3D('',#8059,#6630,#6631);
#5727=AXIS2_PLACEMENT_3D('',#8064,#6633,#6634);
#5728=AXIS2_PLACEMENT_3D('',#8072,#6638,#6639);
#5729=AXIS2_PLACEMENT_3D('',#8079,#6643,#6644);
#5730=AXIS2_PLACEMENT_3D('',#8080,#6645,#6646);
#5731=AXIS2_PLACEMENT_3D('',#8084,#6648,#6649);
#5732=AXIS2_PLACEMENT_3D('',#8086,#6651,#6652);
#5733=AXIS2_PLACEMENT_3D('',#8089,#6653,#6654);
#5734=AXIS2_PLACEMENT_3D('',#8097,#6658,#6659);
#5735=AXIS2_PLACEMENT_3D('',#8101,#6661,#6662);
#5736=AXIS2_PLACEMENT_3D('',#8109,#6666,#6667);
#5737=AXIS2_PLACEMENT_3D('',#8117,#6671,#6672);
#5738=AXIS2_PLACEMENT_3D('',#8124,#6677,#6678);
#5739=AXIS2_PLACEMENT_3D('',#8127,#6681,#6682);
#5740=AXIS2_PLACEMENT_3D('',#8130,#6685,#6686);
#5741=AXIS2_PLACEMENT_3D('',#8133,#6689,#6690);
#5742=AXIS2_PLACEMENT_3D('',#8136,#6693,#6694);
#5743=AXIS2_PLACEMENT_3D('',#8139,#6697,#6698);
#5744=AXIS2_PLACEMENT_3D('',#8141,#6700,#6701);
#5745=AXIS2_PLACEMENT_3D('',#8143,#6703,#6704);
#5746=AXIS2_PLACEMENT_3D('',#8145,#6706,#6707);
#5747=AXIS2_PLACEMENT_3D('',#8146,#6708,#6709);
#5748=AXIS2_PLACEMENT_3D('',#8148,#6711,#6712);
#5749=AXIS2_PLACEMENT_3D('',#8149,#6713,#6714);
#5750=AXIS2_PLACEMENT_3D('',#8151,#6716,#6717);
#5751=AXIS2_PLACEMENT_3D('',#8153,#6719,#6720);
#5752=AXIS2_PLACEMENT_3D('',#8155,#6722,#6723);
#5753=AXIS2_PLACEMENT_3D('',#8156,#6724,#6725);
#5754=AXIS2_PLACEMENT_3D('',#8158,#6727,#6728);
#5755=AXIS2_PLACEMENT_3D('',#8159,#6729,#6730);
#5756=AXIS2_PLACEMENT_3D('',#8165,#6734,#6735);
#5757=AXIS2_PLACEMENT_3D('',#8171,#6739,#6740);
#5758=AXIS2_PLACEMENT_3D('',#8173,#6741,#6742);
#5759=AXIS2_PLACEMENT_3D('',#8175,#6743,#6744);
#5760=AXIS2_PLACEMENT_3D('',#8183,#6748,#6749);
#5761=AXIS2_PLACEMENT_3D('',#8189,#6753,#6754);
#5762=AXIS2_PLACEMENT_3D('',#8191,#6755,#6756);
#5763=AXIS2_PLACEMENT_3D('',#8193,#6757,#6758);
#5764=AXIS2_PLACEMENT_3D('',#8201,#6762,#6763);
#5765=AXIS2_PLACEMENT_3D('',#8207,#6767,#6768);
#5766=AXIS2_PLACEMENT_3D('',#8212,#6771,#6772);
#5767=AXIS2_PLACEMENT_3D('',#8213,#6773,#6774);
#5768=AXIS2_PLACEMENT_3D('',#8217,#6776,#6777);
#5769=AXIS2_PLACEMENT_3D('',#8219,#6779,#6780);
#5770=AXIS2_PLACEMENT_3D('',#8223,#6782,#6783);
#5771=AXIS2_PLACEMENT_3D('',#8225,#6785,#6786);
#5772=AXIS2_PLACEMENT_3D('',#8229,#6788,#6789);
#5773=AXIS2_PLACEMENT_3D('',#8237,#6793,#6794);
#5774=AXIS2_PLACEMENT_3D('',#8245,#6798,#6799);
#5775=AXIS2_PLACEMENT_3D('',#8257,#6807,#6808);
#5776=AXIS2_PLACEMENT_3D('',#8260,#6811,#6812);
#5777=AXIS2_PLACEMENT_3D('',#8263,#6815,#6816);
#5778=AXIS2_PLACEMENT_3D('',#8266,#6819,#6820);
#5779=AXIS2_PLACEMENT_3D('',#8267,#6821,#6822);
#5780=AXIS2_PLACEMENT_3D('',#8268,#6823,#6824);
#5781=AXIS2_PLACEMENT_3D('',#8270,#6826,#6827);
#5782=AXIS2_PLACEMENT_3D('',#8272,#6829,#6830);
#5783=AXIS2_PLACEMENT_3D('',#8274,#6832,#6833);
#5784=AXIS2_PLACEMENT_3D('',#8275,#6834,#6835);
#5785=AXIS2_PLACEMENT_3D('',#8277,#6837,#6838);
#5786=AXIS2_PLACEMENT_3D('',#8278,#6839,#6840);
#5787=AXIS2_PLACEMENT_3D('',#8280,#6842,#6843);
#5788=AXIS2_PLACEMENT_3D('',#8282,#6845,#6846);
#5789=AXIS2_PLACEMENT_3D('',#8284,#6848,#6849);
#5790=AXIS2_PLACEMENT_3D('',#8285,#6850,#6851);
#5791=AXIS2_PLACEMENT_3D('',#8287,#6853,#6854);
#5792=AXIS2_PLACEMENT_3D('',#8288,#6855,#6856);
#5793=AXIS2_PLACEMENT_3D('',#8289,#6857,#6858);
#5794=AXIS2_PLACEMENT_3D('',#8290,#6859,#6860);
#5795=AXIS2_PLACEMENT_3D('',#8291,#6861,#6862);
#5796=AXIS2_PLACEMENT_3D('',#8292,#6863,#6864);
#5797=AXIS2_PLACEMENT_3D('',#8293,#6865,#6866);
#5798=AXIS2_PLACEMENT_3D('',#8294,#6867,#6868);
#5799=AXIS2_PLACEMENT_3D('',#8295,#6869,#6870);
#5800=AXIS2_PLACEMENT_3D('',#8296,#6871,#6872);
#5801=AXIS2_PLACEMENT_3D('',#8297,#6873,#6874);
#5802=AXIS2_PLACEMENT_3D('',#8298,#6875,#6876);
#5803=AXIS2_PLACEMENT_3D('',#8299,#6877,#6878);
#5804=AXIS2_PLACEMENT_3D('',#8300,#6879,#6880);
#5805=AXIS2_PLACEMENT_3D('',#8301,#6881,#6882);
#5806=AXIS2_PLACEMENT_3D('',#8302,#6883,#6884);
#5807=AXIS2_PLACEMENT_3D('',#8303,#6885,#6886);
#5808=AXIS2_PLACEMENT_3D('',#8304,#6887,#6888);
#5809=AXIS2_PLACEMENT_3D('',#8321,#6897,#6898);
#5810=AXIS2_PLACEMENT_3D('',#8333,#6905,#6906);
#5811=AXIS2_PLACEMENT_3D('',#8334,#6907,#6908);
#5812=AXIS2_PLACEMENT_3D('',#8353,#6917,#6918);
#5813=AXIS2_PLACEMENT_3D('',#8356,#6920,#6921);
#5814=AXIS2_PLACEMENT_3D('',#8361,#6923,#6924);
#5815=AXIS2_PLACEMENT_3D('',#8364,#6926,#6927);
#5816=AXIS2_PLACEMENT_3D('',#8365,#6928,#6929);
#5817=AXIS2_PLACEMENT_3D('',#8382,#6938,#6939);
#5818=AXIS2_PLACEMENT_3D('',#8394,#6946,#6947);
#5819=AXIS2_PLACEMENT_3D('',#8395,#6948,#6949);
#5820=AXIS2_PLACEMENT_3D('',#8398,#6952,#6953);
#5821=AXIS2_PLACEMENT_3D('',#8413,#6960,#6961);
#5822=AXIS2_PLACEMENT_3D('',#8417,#6963,#6964);
#5823=AXIS2_PLACEMENT_3D('',#8421,#6966,#6967);
#5824=AXIS2_PLACEMENT_3D('',#8431,#6972,#6973);
#5825=AXIS2_PLACEMENT_3D('',#8435,#6975,#6976);
#5826=AXIS2_PLACEMENT_3D('',#8437,#6978,#6979);
#5827=AXIS2_PLACEMENT_3D('',#8455,#6988,#6989);
#5828=AXIS2_PLACEMENT_3D('',#8456,#6990,#6991);
#5829=AXIS2_PLACEMENT_3D('',#8462,#6995,#6996);
#5830=AXIS2_PLACEMENT_3D('',#8468,#7000,#7001);
#5831=AXIS2_PLACEMENT_3D('',#8477,#7006,#7007);
#5832=AXIS2_PLACEMENT_3D('',#8486,#7012,#7013);
#5833=AXIS2_PLACEMENT_3D('',#8498,#7020,#7021);
#5834=AXIS2_PLACEMENT_3D('',#8499,#7022,#7023);
#5835=AXIS2_PLACEMENT_3D('',#8505,#7027,#7028);
#5836=AXIS2_PLACEMENT_3D('',#8511,#7032,#7033);
#5837=AXIS2_PLACEMENT_3D('',#8524,#7041,#7042);
#5838=AXIS2_PLACEMENT_3D('',#8527,#7045,#7046);
#5839=AXIS2_PLACEMENT_3D('',#8533,#7050,#7051);
#5840=AXIS2_PLACEMENT_3D('',#8536,#7053,#7054);
#5841=AXIS2_PLACEMENT_3D('',#8538,#7056,#7057);
#5842=AXIS2_PLACEMENT_3D('',#8551,#7066,#7067);
#5843=AXIS2_PLACEMENT_3D('',#8556,#7072,#7073);
#5844=AXIS2_PLACEMENT_3D('',#8564,#7079,#7080);
#5845=AXIS2_PLACEMENT_3D('',#8565,#7081,#7082);
#5846=AXIS2_PLACEMENT_3D('',#8567,#7084,#7085);
#5847=AXIS2_PLACEMENT_3D('',#8568,#7086,#7087);
#5848=AXIS2_PLACEMENT_3D('',#8571,#7090,#7091);
#5849=AXIS2_PLACEMENT_3D('',#8572,#7092,#7093);
#5850=AXIS2_PLACEMENT_3D('',#8573,#7094,#7095);
#5851=AXIS2_PLACEMENT_3D('',#8575,#7097,#7098);
#5852=AXIS2_PLACEMENT_3D('',#8577,#7100,#7101);
#5853=AXIS2_PLACEMENT_3D('',#8583,#7105,#7106);
#5854=AXIS2_PLACEMENT_3D('',#8586,#7109,#7110);
#5855=AXIS2_PLACEMENT_3D('',#8588,#7112,#7113);
#5856=AXIS2_PLACEMENT_3D('',#8590,#7115,#7116);
#5857=AXIS2_PLACEMENT_3D('',#8591,#7117,#7118);
#5858=AXIS2_PLACEMENT_3D('',#8596,#7122,#7123);
#5859=AXIS2_PLACEMENT_3D('',#8598,#7125,#7126);
#5860=AXIS2_PLACEMENT_3D('',#8602,#7129,#7130);
#5861=AXIS2_PLACEMENT_3D('',#8604,#7132,#7133);
#5862=AXIS2_PLACEMENT_3D('',#8606,#7135,#7136);
#5863=AXIS2_PLACEMENT_3D('',#8608,#7138,#7139);
#5864=AXIS2_PLACEMENT_3D('',#8609,#7140,#7141);
#5865=AXIS2_PLACEMENT_3D('',#8612,#7144,#7145);
#5866=AXIS2_PLACEMENT_3D('',#8614,#7147,#7148);
#5867=AXIS2_PLACEMENT_3D('',#8616,#7150,#7151);
#5868=AXIS2_PLACEMENT_3D('',#8617,#7152,#7153);
#5869=AXIS2_PLACEMENT_3D('',#8620,#7156,#7157);
#5870=AXIS2_PLACEMENT_3D('',#8622,#7159,#7160);
#5871=AXIS2_PLACEMENT_3D('',#8624,#7162,#7163);
#5872=AXIS2_PLACEMENT_3D('',#8625,#7164,#7165);
#5873=AXIS2_PLACEMENT_3D('',#8627,#7167,#7168);
#5874=AXIS2_PLACEMENT_3D('',#8628,#7169,#7170);
#5875=AXIS2_PLACEMENT_3D('',#8630,#7172,#7173);
#5876=AXIS2_PLACEMENT_3D('',#8631,#7174,#7175);
#5877=AXIS2_PLACEMENT_3D('',#8632,#7176,#7177);
#5878=AXIS2_PLACEMENT_3D('',#8649,#7186,#7187);
#5879=AXIS2_PLACEMENT_3D('',#8661,#7194,#7195);
#5880=AXIS2_PLACEMENT_3D('',#8662,#7196,#7197);
#5881=AXIS2_PLACEMENT_3D('',#8679,#7206,#7207);
#5882=AXIS2_PLACEMENT_3D('',#8691,#7214,#7215);
#5883=AXIS2_PLACEMENT_3D('',#8692,#7216,#7217);
#5884=AXIS2_PLACEMENT_3D('',#8707,#7226,#7227);
#5885=AXIS2_PLACEMENT_3D('',#8722,#7236,#7237);
#5886=AXIS2_PLACEMENT_3D('',#8728,#7241,#7242);
#5887=AXIS2_PLACEMENT_3D('',#8734,#7246,#7247);
#5888=AXIS2_PLACEMENT_3D('',#8738,#7250,#7251);
#5889=AXIS2_PLACEMENT_3D('',#8742,#7254,#7255);
#5890=AXIS2_PLACEMENT_3D('',#8746,#7258,#7259);
#5891=AXIS2_PLACEMENT_3D('',#8750,#7262,#7263);
#5892=AXIS2_PLACEMENT_3D('',#8758,#7268,#7269);
#5893=AXIS2_PLACEMENT_3D('',#8759,#7270,#7271);
#5894=AXIS2_PLACEMENT_3D('',#8767,#7276,#7277);
#5895=AXIS2_PLACEMENT_3D('',#8768,#7278,#7279);
#5896=AXIS2_PLACEMENT_3D('',#8775,#7284,#7285);
#5897=AXIS2_PLACEMENT_3D('',#8782,#7290,#7291);
#5898=AXIS2_PLACEMENT_3D('',#8785,#7294,#7295);
#5899=AXIS2_PLACEMENT_3D('',#8786,#7296,#7297);
#5900=AXIS2_PLACEMENT_3D('',#8788,#7299,#7300);
#5901=AXIS2_PLACEMENT_3D('',#8790,#7302,#7303);
#5902=AXIS2_PLACEMENT_3D('',#8791,#7304,#7305);
#5903=AXIS2_PLACEMENT_3D('',#8792,#7306,#7307);
#5904=AXIS2_PLACEMENT_3D('',#8794,#7309,#7310);
#5905=AXIS2_PLACEMENT_3D('',#8796,#7312,#7313);
#5906=AXIS2_PLACEMENT_3D('',#8798,#7315,#7316);
#5907=AXIS2_PLACEMENT_3D('',#8799,#7317,#7318);
#5908=AXIS2_PLACEMENT_3D('',#8801,#7320,#7321);
#5909=AXIS2_PLACEMENT_3D('',#8802,#7322,#7323);
#5910=AXIS2_PLACEMENT_3D('',#8803,#7324,#7325);
#5911=AXIS2_PLACEMENT_3D('',#8804,#7326,#7327);
#5912=AXIS2_PLACEMENT_3D('',#8805,#7328,#7329);
#5913=DIRECTION('axis',(0.,0.,1.));
#5914=DIRECTION('refdir',(1.,0.,0.));
#5915=DIRECTION('axis',(0.,0.,1.));
#5916=DIRECTION('refdir',(1.,0.,0.));
#5917=DIRECTION('center_axis',(0.,0.,-1.));
#5918=DIRECTION('ref_axis',(1.,-5.34817112937706E-15,0.));
#5919=DIRECTION('center_axis',(0.,0.,-1.));
#5920=DIRECTION('ref_axis',(1.,-5.34817112937706E-15,0.));
#5921=DIRECTION('',(0.,0.,-1.));
#5922=DIRECTION('center_axis',(0.,0.,1.));
#5923=DIRECTION('ref_axis',(1.,-5.34817112937706E-15,0.));
#5924=DIRECTION('center_axis',(-5.49569231608311E-14,1.,0.));
#5925=DIRECTION('ref_axis',(1.,5.49569231608311E-14,0.));
#5926=DIRECTION('',(-1.,-5.49569231608311E-14,0.));
#5927=DIRECTION('',(0.,0.,1.));
#5928=DIRECTION('',(1.,5.49569231608311E-14,0.));
#5929=DIRECTION('',(0.,0.,-1.));
#5930=DIRECTION('center_axis',(-1.,-2.02974089102056E-16,0.));
#5931=DIRECTION('ref_axis',(-2.02974089102056E-16,1.,0.));
#5932=DIRECTION('',(2.02974089102056E-16,-1.,0.));
#5933=DIRECTION('',(-2.02974089102056E-16,1.,0.));
#5934=DIRECTION('',(0.,0.,1.));
#5935=DIRECTION('center_axis',(-1.,-1.19225293508029E-15,0.));
#5936=DIRECTION('ref_axis',(-1.19225293508029E-15,1.,0.));
#5937=DIRECTION('',(1.19225293508029E-15,-1.,0.));
#5938=DIRECTION('',(0.,0.,-1.));
#5939=DIRECTION('',(-1.19225293508029E-15,1.,0.));
#5940=DIRECTION('',(0.,0.,1.));
#5941=DIRECTION('center_axis',(0.,0.,-1.));
#5942=DIRECTION('ref_axis',(-1.,0.,0.));
#5943=DIRECTION('center_axis',(0.,0.,-1.));
#5944=DIRECTION('ref_axis',(1.,0.,0.));
#5945=DIRECTION('',(-1.,3.21878086146697E-15,0.));
#5946=DIRECTION('',(0.,1.,0.));
#5947=DIRECTION('',(1.,-2.41408564610023E-15,0.));
#5948=DIRECTION('center_axis',(0.,0.,-1.));
#5949=DIRECTION('ref_axis',(1.,0.,0.));
#5950=DIRECTION('',(-1.,1.37403839681331E-16,0.));
#5951=DIRECTION('center_axis',(0.,0.,-1.));
#5952=DIRECTION('ref_axis',(-1.,0.,0.));
#5953=DIRECTION('',(4.66027016627858E-15,-1.,0.));
#5954=DIRECTION('center_axis',(0.,0.,-1.));
#5955=DIRECTION('ref_axis',(-1.,0.,0.));
#5956=DIRECTION('',(1.,1.37403839681331E-16,0.));
#5957=DIRECTION('center_axis',(0.,0.,-1.));
#5958=DIRECTION('ref_axis',(1.,0.,0.));
#5959=DIRECTION('center_axis',(0.,0.,-1.));
#5960=DIRECTION('ref_axis',(-1.,0.,0.));
#5961=DIRECTION('center_axis',(0.,0.,-1.));
#5962=DIRECTION('ref_axis',(-1.,0.,0.));
#5963=DIRECTION('center_axis',(0.,0.,-1.));
#5964=DIRECTION('ref_axis',(-1.,0.,0.));
#5965=DIRECTION('center_axis',(0.,0.,-1.));
#5966=DIRECTION('ref_axis',(-1.,0.,0.));
#5967=DIRECTION('center_axis',(0.,0.,-1.));
#5968=DIRECTION('ref_axis',(-1.,0.,0.));
#5969=DIRECTION('center_axis',(0.,0.,-1.));
#5970=DIRECTION('ref_axis',(1.,0.,0.));
#5971=DIRECTION('',(1.,1.37403839681331E-16,0.));
#5972=DIRECTION('center_axis',(0.,0.,-1.));
#5973=DIRECTION('ref_axis',(-1.,0.,0.));
#5974=DIRECTION('',(4.66027016627858E-15,-1.,0.));
#5975=DIRECTION('center_axis',(0.,0.,-1.));
#5976=DIRECTION('ref_axis',(-1.,0.,0.));
#5977=DIRECTION('',(-1.,1.37403839681331E-16,0.));
#5978=DIRECTION('center_axis',(0.,0.,-1.));
#5979=DIRECTION('ref_axis',(1.,0.,0.));
#5980=DIRECTION('',(1.,-2.41408564610023E-15,0.));
#5981=DIRECTION('',(0.,1.,0.));
#5982=DIRECTION('',(-1.,3.21878086146697E-15,0.));
#5983=DIRECTION('center_axis',(0.,0.,-1.));
#5984=DIRECTION('ref_axis',(-1.,0.,0.));
#5985=DIRECTION('center_axis',(0.,0.,-1.));
#5986=DIRECTION('ref_axis',(-1.,0.,0.));
#5987=DIRECTION('center_axis',(0.,0.,-1.));
#5988=DIRECTION('ref_axis',(-1.,0.,0.));
#5989=DIRECTION('center_axis',(0.,0.,-1.));
#5990=DIRECTION('ref_axis',(-1.,0.,0.));
#5991=DIRECTION('center_axis',(0.,0.,-1.));
#5992=DIRECTION('ref_axis',(-1.,0.,0.));
#5993=DIRECTION('center_axis',(0.,0.,1.));
#5994=DIRECTION('ref_axis',(1.,0.,0.));
#5995=DIRECTION('',(0.,0.,1.));
#5996=DIRECTION('center_axis',(-3.21878086146697E-15,-1.,0.));
#5997=DIRECTION('ref_axis',(1.,-3.21878086146697E-15,0.));
#5998=DIRECTION('',(0.,0.,-1.));
#5999=DIRECTION('center_axis',(0.,0.,1.));
#6000=DIRECTION('ref_axis',(1.,0.,0.));
#6001=DIRECTION('',(0.,0.,1.));
#6002=DIRECTION('center_axis',(2.41408564610023E-15,1.,0.));
#6003=DIRECTION('ref_axis',(-1.,2.41408564610023E-15,0.));
#6004=DIRECTION('',(0.,0.,-1.));
#6005=DIRECTION('center_axis',(0.,0.,1.));
#6006=DIRECTION('ref_axis',(1.,0.,0.));
#6007=DIRECTION('',(0.,0.,1.));
#6008=DIRECTION('',(0.,0.,1.));
#6009=DIRECTION('center_axis',(1.37403839681331E-16,-1.,0.));
#6010=DIRECTION('ref_axis',(1.,1.37403839681331E-16,0.));
#6011=DIRECTION('center_axis',(-1.,-4.66027016627858E-15,0.));
#6012=DIRECTION('ref_axis',(4.66027016627858E-15,-1.,0.));
#6013=DIRECTION('',(0.,0.,1.));
#6014=DIRECTION('center_axis',(0.,0.,1.));
#6015=DIRECTION('ref_axis',(1.,0.,0.));
#6016=DIRECTION('',(0.,0.,1.));
#6017=DIRECTION('center_axis',(1.37403839681331E-16,1.,0.));
#6018=DIRECTION('ref_axis',(-1.,1.37403839681331E-16,0.));
#6019=DIRECTION('center_axis',(0.,0.,1.));
#6020=DIRECTION('ref_axis',(1.,0.,0.));
#6021=DIRECTION('',(0.,0.,1.));
#6022=DIRECTION('center_axis',(0.,0.,1.));
#6023=DIRECTION('ref_axis',(1.,0.,0.));
#6024=DIRECTION('',(0.,0.,1.));
#6025=DIRECTION('center_axis',(0.,0.,1.));
#6026=DIRECTION('ref_axis',(1.,0.,0.));
#6027=DIRECTION('',(0.,0.,1.));
#6028=DIRECTION('center_axis',(0.,0.,1.));
#6029=DIRECTION('ref_axis',(1.,0.,0.));
#6030=DIRECTION('',(0.,0.,1.));
#6031=DIRECTION('center_axis',(-1.,0.,0.));
#6032=DIRECTION('ref_axis',(0.,0.,1.));
#6033=DIRECTION('center_axis',(0.,0.,1.));
#6034=DIRECTION('ref_axis',(1.,0.,0.));
#6035=DIRECTION('',(0.,0.,1.));
#6036=DIRECTION('axis',(0.,0.,1.));
#6037=DIRECTION('refdir',(1.,0.,0.));
#6038=DIRECTION('axis',(0.,0.,1.));
#6039=DIRECTION('refdir',(1.,0.,0.));
#6040=DIRECTION('center_axis',(-0.996612814387089,0.,-0.0822368421052631));
#6041=DIRECTION('ref_axis',(-0.0822368421052631,0.,0.996612814387089));
#6042=DIRECTION('',(0.,-1.,0.));
#6043=DIRECTION('',(0.0822368421052631,0.,-0.996612814387089));
#6044=DIRECTION('',(0.,-1.,0.));
#6045=DIRECTION('',(0.0822368421052631,0.,-0.996612814387089));
#6046=DIRECTION('center_axis',(-0.996612814387089,0.,0.0822368421052632));
#6047=DIRECTION('ref_axis',(0.0822368421052632,0.,0.996612814387089));
#6048=DIRECTION('',(0.,-1.,0.));
#6049=DIRECTION('',(-0.0822368421052632,0.,-0.996612814387089));
#6050=DIRECTION('',(0.,-1.,0.));
#6051=DIRECTION('',(-0.0822368421052632,0.,-0.996612814387089));
#6052=DIRECTION('center_axis',(0.,-1.,0.));
#6053=DIRECTION('ref_axis',(0.,0.,-1.));
#6054=DIRECTION('center_axis',(0.,1.,0.));
#6055=DIRECTION('ref_axis',(1.,0.,0.));
#6056=DIRECTION('',(0.,-1.,0.));
#6057=DIRECTION('center_axis',(0.,1.,0.));
#6058=DIRECTION('ref_axis',(1.,0.,0.));
#6059=DIRECTION('center_axis',(0.996612814387089,0.,0.0822368421052634));
#6060=DIRECTION('ref_axis',(0.0822368421052634,0.,-0.996612814387089));
#6061=DIRECTION('',(-0.0822368421052634,0.,0.996612814387089));
#6062=DIRECTION('',(0.,-1.,0.));
#6063=DIRECTION('',(-0.0822368421052632,0.,0.996612814387089));
#6064=DIRECTION('center_axis',(0.996612814387089,0.,-0.0822368421052632));
#6065=DIRECTION('ref_axis',(-0.0822368421052632,0.,-0.996612814387089));
#6066=DIRECTION('',(0.0822368421052632,0.,0.996612814387089));
#6067=DIRECTION('',(0.,-1.,0.));
#6068=DIRECTION('',(0.0822368421052632,0.,0.996612814387089));
#6069=DIRECTION('',(0.,-1.,0.));
#6070=DIRECTION('center_axis',(0.,-1.,0.));
#6071=DIRECTION('ref_axis',(0.,0.,-1.));
#6072=DIRECTION('center_axis',(0.,1.,0.));
#6073=DIRECTION('ref_axis',(-1.,0.,0.));
#6074=DIRECTION('',(0.,-1.,0.));
#6075=DIRECTION('center_axis',(0.,1.,0.));
#6076=DIRECTION('ref_axis',(1.,0.,0.));
#6077=DIRECTION('center_axis',(0.,-1.,0.));
#6078=DIRECTION('ref_axis',(1.22464679914735E-16,0.,1.));
#6079=DIRECTION('center_axis',(0.,1.,0.));
#6080=DIRECTION('ref_axis',(1.,0.,0.));
#6081=DIRECTION('center_axis',(0.,1.,0.));
#6082=DIRECTION('ref_axis',(1.,0.,0.));
#6083=DIRECTION('center_axis',(0.,1.,0.));
#6084=DIRECTION('ref_axis',(0.,0.,1.));
#6085=DIRECTION('',(0.,0.,-1.));
#6086=DIRECTION('center_axis',(0.,1.,0.));
#6087=DIRECTION('ref_axis',(0.,0.,1.));
#6088=DIRECTION('',(-1.,0.,0.));
#6089=DIRECTION('',(1.,0.,0.));
#6090=DIRECTION('center_axis',(0.,1.,0.));
#6091=DIRECTION('ref_axis',(0.,0.,1.));
#6092=DIRECTION('',(0.,0.,-1.));
#6093=DIRECTION('center_axis',(0.,1.,0.));
#6094=DIRECTION('ref_axis',(0.,0.,1.));
#6095=DIRECTION('',(-1.,0.,0.));
#6096=DIRECTION('',(1.,0.,0.));
#6097=DIRECTION('center_axis',(0.,1.,0.));
#6098=DIRECTION('ref_axis',(0.,0.,1.));
#6099=DIRECTION('center_axis',(0.,1.,0.));
#6100=DIRECTION('ref_axis',(0.,0.,1.));
#6101=DIRECTION('',(-1.,0.,0.));
#6102=DIRECTION('center_axis',(0.,1.,0.));
#6103=DIRECTION('ref_axis',(0.,0.,1.));
#6104=DIRECTION('',(0.,0.,-1.));
#6105=DIRECTION('center_axis',(0.,1.,0.));
#6106=DIRECTION('ref_axis',(0.,0.,1.));
#6107=DIRECTION('',(1.,0.,0.));
#6108=DIRECTION('',(-1.,0.,0.));
#6109=DIRECTION('center_axis',(0.,1.,0.));
#6110=DIRECTION('ref_axis',(0.,0.,1.));
#6111=DIRECTION('',(0.,0.,-1.));
#6112=DIRECTION('center_axis',(0.,1.,0.));
#6113=DIRECTION('ref_axis',(0.,0.,1.));
#6114=DIRECTION('',(1.,0.,0.));
#6115=DIRECTION('center_axis',(0.,0.,-1.));
#6116=DIRECTION('ref_axis',(-1.,0.,0.));
#6117=DIRECTION('',(0.,-1.,0.));
#6118=DIRECTION('center_axis',(-1.,0.,0.));
#6119=DIRECTION('ref_axis',(0.,0.,1.));
#6120=DIRECTION('',(0.,-1.,0.));
#6121=DIRECTION('',(0.,-1.,0.));
#6122=DIRECTION('center_axis',(0.,0.,1.));
#6123=DIRECTION('ref_axis',(1.,0.,0.));
#6124=DIRECTION('',(0.,-1.,0.));
#6125=DIRECTION('center_axis',(0.,0.,-1.));
#6126=DIRECTION('ref_axis',(-1.,0.,0.));
#6127=DIRECTION('',(0.,-1.,0.));
#6128=DIRECTION('center_axis',(0.,0.,1.));
#6129=DIRECTION('ref_axis',(1.,0.,0.));
#6130=DIRECTION('',(0.,-1.,0.));
#6131=DIRECTION('center_axis',(-1.,0.,0.));
#6132=DIRECTION('ref_axis',(0.,0.,1.));
#6133=DIRECTION('',(0.,-1.,0.));
#6134=DIRECTION('',(0.,-1.,0.));
#6135=DIRECTION('center_axis',(0.,-1.,0.));
#6136=DIRECTION('ref_axis',(0.,0.,-1.));
#6137=DIRECTION('center_axis',(0.,-1.,0.));
#6138=DIRECTION('ref_axis',(0.,0.,-1.));
#6139=DIRECTION('center_axis',(0.,-1.,0.));
#6140=DIRECTION('ref_axis',(0.,0.,-1.));
#6141=DIRECTION('center_axis',(0.,-1.,0.));
#6142=DIRECTION('ref_axis',(0.,0.,-1.));
#6143=DIRECTION('axis',(0.,0.,1.));
#6144=DIRECTION('refdir',(1.,0.,0.));
#6145=DIRECTION('center_axis',(0.,0.,1.));
#6146=DIRECTION('ref_axis',(1.,0.,0.));
#6147=DIRECTION('center_axis',(0.,0.,1.));
#6148=DIRECTION('ref_axis',(1.,0.,0.));
#6149=DIRECTION('',(0.,1.,0.));
#6150=DIRECTION('',(1.,0.,-2.34422091348217E-17));
#6151=DIRECTION('',(0.,1.,0.));
#6152=DIRECTION('',(1.,0.,-2.34422091348217E-17));
#6153=DIRECTION('center_axis',(-1.,0.,0.));
#6154=DIRECTION('ref_axis',(0.,0.,1.));
#6155=DIRECTION('',(0.,0.,1.));
#6156=DIRECTION('',(0.,1.,0.));
#6157=DIRECTION('',(0.,0.,1.));
#6158=DIRECTION('',(0.,1.,0.));
#6159=DIRECTION('',(0.,0.,1.));
#6160=DIRECTION('',(0.,1.,0.));
#6161=DIRECTION('',(0.,1.14730388622805E-17,-1.));
#6162=DIRECTION('',(0.,-1.,0.));
#6163=DIRECTION('',(0.,0.,1.));
#6164=DIRECTION('',(0.,1.,0.));
#6165=DIRECTION('center_axis',(0.,0.,1.));
#6166=DIRECTION('ref_axis',(1.,0.,0.));
#6167=DIRECTION('',(1.,0.,0.));
#6168=DIRECTION('',(0.,1.,0.));
#6169=DIRECTION('',(1.,0.,0.));
#6170=DIRECTION('center_axis',(0.,0.,1.));
#6171=DIRECTION('ref_axis',(-6.06546669921961E-17,1.,0.));
#6172=DIRECTION('center_axis',(0.,1.,0.));
#6173=DIRECTION('ref_axis',(0.,0.,1.));
#6174=DIRECTION('',(0.,0.,1.));
#6175=DIRECTION('',(1.,0.,0.));
#6176=DIRECTION('center_axis',(0.,0.,-1.));
#6177=DIRECTION('ref_axis',(-1.,0.,0.));
#6178=DIRECTION('',(0.,1.,0.));
#6179=DIRECTION('',(1.,0.,0.));
#6180=DIRECTION('center_axis',(0.,-1.,0.));
#6181=DIRECTION('ref_axis',(0.,0.,-1.));
#6182=DIRECTION('',(-2.34422091348217E-17,0.,-1.));
#6183=DIRECTION('',(-1.,0.,0.));
#6184=DIRECTION('center_axis',(0.,0.,-1.));
#6185=DIRECTION('ref_axis',(-1.,0.,0.));
#6186=DIRECTION('',(-1.,0.,0.));
#6187=DIRECTION('',(0.,1.,0.));
#6188=DIRECTION('center_axis',(1.,0.,-2.34422091348217E-17));
#6189=DIRECTION('ref_axis',(-2.34422091348217E-17,0.,-1.));
#6190=DIRECTION('',(-2.34422091348217E-17,0.,-1.));
#6191=DIRECTION('',(2.34422091348217E-17,0.,1.));
#6192=DIRECTION('',(0.,-1.,0.));
#6193=DIRECTION('',(-2.34422091348217E-17,2.29460777245609E-17,-1.));
#6194=DIRECTION('',(0.,1.,0.));
#6195=DIRECTION('center_axis',(0.,-1.,0.));
#6196=DIRECTION('ref_axis',(0.,0.,-1.));
#6197=DIRECTION('center_axis',(0.,-1.,-1.14730388622805E-17));
#6198=DIRECTION('ref_axis',(0.,1.14730388622805E-17,-1.));
#6199=DIRECTION('',(1.,0.,0.));
#6200=DIRECTION('',(0.,1.14730388622805E-17,-1.));
#6201=DIRECTION('',(1.,0.,0.));
#6202=DIRECTION('center_axis',(0.,0.,1.));
#6203=DIRECTION('ref_axis',(1.,0.,0.));
#6204=DIRECTION('',(0.,-1.,0.));
#6205=DIRECTION('',(1.,0.,0.));
#6206=DIRECTION('center_axis',(0.,1.,0.));
#6207=DIRECTION('ref_axis',(0.,0.,1.));
#6208=DIRECTION('',(0.,0.,1.));
#6209=DIRECTION('',(1.,0.,0.));
#6210=DIRECTION('center_axis',(0.,0.,-1.));
#6211=DIRECTION('ref_axis',(-1.,0.,0.));
#6212=DIRECTION('',(0.,1.,0.));
#6213=DIRECTION('center_axis',(-1.,0.,0.));
#6214=DIRECTION('ref_axis',(0.,0.,1.));
#6215=DIRECTION('center_axis',(-2.34422091348217E-17,0.,-1.));
#6216=DIRECTION('ref_axis',(-1.,0.,2.34422091348217E-17));
#6217=DIRECTION('',(-1.,0.,2.34422091348217E-17));
#6218=DIRECTION('',(0.,-1.,0.));
#6219=DIRECTION('',(-1.,0.,2.34422091348217E-17));
#6220=DIRECTION('center_axis',(0.,-1.,0.));
#6221=DIRECTION('ref_axis',(0.,0.,-1.));
#6222=DIRECTION('',(-1.,0.,2.34422091348217E-17));
#6223=DIRECTION('',(2.34422091348217E-17,0.,1.));
#6224=DIRECTION('center_axis',(2.34422091348217E-17,0.,1.));
#6225=DIRECTION('ref_axis',(1.,0.,-2.34422091348217E-17));
#6226=DIRECTION('',(-1.,0.,2.34422091348217E-17));
#6227=DIRECTION('',(0.,1.,0.));
#6228=DIRECTION('center_axis',(5.37906752843032E-34,1.,2.29460777245609E-17));
#6229=DIRECTION('ref_axis',(0.,-2.29460777245609E-17,1.));
#6230=DIRECTION('',(-2.34422091348217E-17,2.29460777245609E-17,-1.));
#6231=DIRECTION('center_axis',(-1.,0.,2.34422091348217E-17));
#6232=DIRECTION('ref_axis',(2.34422091348217E-17,0.,1.));
#6233=DIRECTION('center_axis',(0.,0.,1.));
#6234=DIRECTION('ref_axis',(1.,0.,0.));
#6235=DIRECTION('',(0.,0.,-1.));
#6236=DIRECTION('center_axis',(0.,0.,1.));
#6237=DIRECTION('ref_axis',(-6.06546669921961E-17,1.,0.));
#6238=DIRECTION('center_axis',(0.,0.,1.));
#6239=DIRECTION('ref_axis',(1.,0.,0.));
#6240=DIRECTION('center_axis',(0.,0.,1.));
#6241=DIRECTION('ref_axis',(1.,0.,0.));
#6242=DIRECTION('',(0.,0.,-1.));
#6243=DIRECTION('center_axis',(0.,0.,1.));
#6244=DIRECTION('ref_axis',(1.,0.,0.));
#6245=DIRECTION('center_axis',(0.,0.,1.));
#6246=DIRECTION('ref_axis',(1.,0.,0.));
#6247=DIRECTION('center_axis',(0.,0.,-1.));
#6248=DIRECTION('ref_axis',(-1.,0.,0.));
#6249=DIRECTION('center_axis',(0.,0.,-1.));
#6250=DIRECTION('ref_axis',(-1.,0.,0.));
#6251=DIRECTION('center_axis',(1.83555240275378E-16,1.,0.));
#6252=DIRECTION('ref_axis',(1.,-1.83555240275378E-16,0.));
#6253=DIRECTION('center_axis',(0.,0.,-1.));
#6254=DIRECTION('ref_axis',(-1.,0.,0.));
#6255=DIRECTION('center_axis',(0.,0.,-1.));
#6256=DIRECTION('ref_axis',(-1.,0.,0.));
#6257=DIRECTION('center_axis',(0.,0.,-1.));
#6258=DIRECTION('ref_axis',(-1.,0.,0.));
#6259=DIRECTION('center_axis',(0.,0.,1.));
#6260=DIRECTION('ref_axis',(1.,0.,0.));
#6261=DIRECTION('center_axis',(0.,0.,1.));
#6262=DIRECTION('ref_axis',(1.,0.,0.));
#6263=DIRECTION('',(0.,0.,-1.));
#6264=DIRECTION('center_axis',(1.,0.,-2.34422091348217E-17));
#6265=DIRECTION('ref_axis',(-2.34422091348217E-17,0.,-1.));
#6266=DIRECTION('center_axis',(1.,0.,-2.34422091348217E-17));
#6267=DIRECTION('ref_axis',(0.,-1.,0.));
#6268=DIRECTION('center_axis',(1.,0.,-2.34422091348217E-17));
#6269=DIRECTION('ref_axis',(0.,-1.,0.));
#6270=DIRECTION('center_axis',(1.,0.,-2.34422091348217E-17));
#6271=DIRECTION('ref_axis',(-2.34422091348217E-17,0.,-1.));
#6272=DIRECTION('center_axis',(1.,0.,-2.34422091348217E-17));
#6273=DIRECTION('ref_axis',(0.,-1.,0.));
#6274=DIRECTION('center_axis',(1.,0.,-2.34422091348217E-17));
#6275=DIRECTION('ref_axis',(-2.34422091348217E-17,0.,-1.));
#6276=DIRECTION('center_axis',(1.,0.,-2.34422091348217E-17));
#6277=DIRECTION('ref_axis',(0.,-1.,0.));
#6278=DIRECTION('center_axis',(1.,0.,-2.34422091348217E-17));
#6279=DIRECTION('ref_axis',(-2.34422091348217E-17,0.,-1.));
#6280=DIRECTION('',(1.,0.,-2.34422091348217E-17));
#6281=DIRECTION('axis',(0.,0.,1.));
#6282=DIRECTION('refdir',(1.,0.,0.));
#6283=DIRECTION('center_axis',(0.,-1.,-6.93889390390723E-16));
#6284=DIRECTION('ref_axis',(0.,-6.93889390390723E-16,1.));
#6285=DIRECTION('',(4.24870678161208E-32,6.93889390390723E-16,-1.));
#6286=DIRECTION('',(1.,0.,0.));
#6287=DIRECTION('',(0.,0.,1.));
#6288=DIRECTION('',(1.,0.,0.));
#6289=DIRECTION('center_axis',(0.,4.33680868994199E-15,-1.));
#6290=DIRECTION('ref_axis',(0.,-1.,-4.33680868994199E-15));
#6291=DIRECTION('',(-1.,0.,0.));
#6292=DIRECTION('',(6.12303176911189E-17,1.,0.));
#6293=DIRECTION('',(1.,0.,0.));
#6294=DIRECTION('',(6.12303176911189E-17,1.,4.33680868994199E-15));
#6295=DIRECTION('',(0.,-1.,0.));
#6296=DIRECTION('center_axis',(0.,-1.,0.));
#6297=DIRECTION('ref_axis',(0.,0.,1.));
#6298=DIRECTION('',(0.,0.,-1.));
#6299=DIRECTION('',(0.,0.,-1.));
#6300=DIRECTION('',(1.,0.,0.));
#6301=DIRECTION('center_axis',(0.,0.,-1.));
#6302=DIRECTION('ref_axis',(1.,0.,0.));
#6303=DIRECTION('',(6.12303176911189E-17,1.,0.));
#6304=DIRECTION('',(6.12303176911189E-17,1.,0.));
#6305=DIRECTION('',(1.,0.,0.));
#6306=DIRECTION('center_axis',(0.,1.,-4.62592926927149E-16));
#6307=DIRECTION('ref_axis',(0.,-4.62592926927149E-16,-1.));
#6308=DIRECTION('',(2.83247118774138E-32,4.62592926927149E-16,1.));
#6309=DIRECTION('',(-2.83247118774138E-32,-4.62592926927149E-16,1.));
#6310=DIRECTION('',(1.,0.,0.));
#6311=DIRECTION('center_axis',(0.,0.,1.));
#6312=DIRECTION('ref_axis',(-1.,0.,0.));
#6313=DIRECTION('',(-6.12303176911189E-17,-1.,0.));
#6314=DIRECTION('',(-6.12303176911189E-17,-1.,0.));
#6315=DIRECTION('',(1.,0.,0.));
#6316=DIRECTION('center_axis',(0.,-1.,0.));
#6317=DIRECTION('ref_axis',(0.,0.,1.));
#6318=DIRECTION('',(0.,0.,-1.));
#6319=DIRECTION('',(0.,0.,-1.));
#6320=DIRECTION('',(1.,0.,0.));
#6321=DIRECTION('center_axis',(1.,0.,0.));
#6322=DIRECTION('ref_axis',(0.,0.,1.));
#6323=DIRECTION('center_axis',(1.,-6.12303176911189E-17,0.));
#6324=DIRECTION('ref_axis',(-6.12303176911189E-17,-1.,0.));
#6325=DIRECTION('',(1.,0.,0.));
#6326=DIRECTION('center_axis',(1.,-6.12303176911189E-17,0.));
#6327=DIRECTION('ref_axis',(-6.12303176911189E-17,-1.,0.));
#6328=DIRECTION('center_axis',(1.,0.,0.));
#6329=DIRECTION('ref_axis',(0.,0.,1.));
#6330=DIRECTION('center_axis',(-1.,6.12303176911189E-17,0.));
#6331=DIRECTION('ref_axis',(-6.12303176911189E-17,-1.,0.));
#6332=DIRECTION('',(1.,0.,0.));
#6333=DIRECTION('center_axis',(-1.,6.12303176911189E-17,0.));
#6334=DIRECTION('ref_axis',(-6.12303176911189E-17,-1.,0.));
#6335=DIRECTION('center_axis',(0.,0.,1.));
#6336=DIRECTION('ref_axis',(-1.,0.,0.));
#6337=DIRECTION('',(-6.12303176911189E-17,-1.,0.));
#6338=DIRECTION('',(-6.12303176911189E-17,-1.,0.));
#6339=DIRECTION('',(-1.,0.,0.));
#6340=DIRECTION('',(0.,-1.,0.));
#6341=DIRECTION('center_axis',(1.,-6.12303176911189E-17,0.));
#6342=DIRECTION('ref_axis',(6.12303176911189E-17,1.,0.));
#6343=DIRECTION('',(0.,0.,1.));
#6344=DIRECTION('center_axis',(1.,-6.12303176911189E-17,0.));
#6345=DIRECTION('ref_axis',(6.12303176911189E-17,1.,0.));
#6346=DIRECTION('center_axis',(0.,1.,0.));
#6347=DIRECTION('ref_axis',(0.,0.,1.));
#6348=DIRECTION('',(0.,0.,1.));
#6349=DIRECTION('center_axis',(-1.,0.,0.));
#6350=DIRECTION('ref_axis',(0.,0.,1.));
#6351=DIRECTION('axis',(0.,0.,1.));
#6352=DIRECTION('refdir',(1.,0.,0.));
#6353=DIRECTION('center_axis',(-2.37128488019501E-31,-2.83489698502665E-15,
1.));
#6354=DIRECTION('ref_axis',(1.,-1.6729249018357E-16,-2.37128488019502E-31));
#6355=DIRECTION('center_axis',(2.37128488019501E-31,2.83489698502665E-15,
-1.));
#6356=DIRECTION('ref_axis',(1.,-1.6729249018357E-16,-2.37128488019502E-31));
#6357=DIRECTION('',(-2.37128488019501E-31,-2.83489698502665E-15,1.));
#6358=DIRECTION('center_axis',(-2.37128488019501E-31,-2.83489698502665E-15,
1.));
#6359=DIRECTION('ref_axis',(1.6729249018357E-16,1.,2.83489698502665E-15));
#6360=DIRECTION('center_axis',(0.755955195197451,8.64662080606513E-16,-0.65462335953889));
#6361=DIRECTION('ref_axis',(-0.65462335953889,-5.91645678915759E-31,-0.755955195197451));
#6362=DIRECTION('',(-0.65462335953889,1.12628433781504E-15,-0.755955195197452));
#6363=DIRECTION('',(1.14380069890342E-15,-1.,0.));
#6364=DIRECTION('',(-0.65462335953889,1.12628433781504E-15,-0.755955195197452));
#6365=DIRECTION('',(0.,1.,1.32085430195399E-15));
#6366=DIRECTION('',(-0.604035171025001,0.385466843347514,-0.697536253426659));
#6367=DIRECTION('center_axis',(-0.755955195197451,0.,0.65462335953889));
#6368=DIRECTION('ref_axis',(0.65462335953889,0.,0.755955195197451));
#6369=DIRECTION('',(0.,1.,0.));
#6370=DIRECTION('',(-0.65462335953889,0.,-0.755955195197452));
#6371=DIRECTION('',(-0.604035171025001,-0.385466843347514,-0.69753625342666));
#6372=DIRECTION('',(0.,-1.,0.));
#6373=DIRECTION('',(-0.65462335953889,0.,-0.755955195197452));
#6374=DIRECTION('center_axis',(7.32112774965696E-17,0.875248822182454,-0.48367292592022));
#6375=DIRECTION('ref_axis',(3.69778549322349E-32,0.48367292592022,0.875248822182454));
#6376=DIRECTION('',(0.,0.48367292592022,0.875248822182454));
#6377=DIRECTION('',(1.,-8.36462450917849E-17,0.));
#6378=DIRECTION('',(0.,0.48367292592022,0.875248822182454));
#6379=DIRECTION('',(1.,-8.36462450917849E-17,2.56853104048431E-32));
#6380=DIRECTION('center_axis',(0.,-6.69169960734279E-16,-1.));
#6381=DIRECTION('ref_axis',(0.,1.,-6.69169960734279E-16));
#6382=DIRECTION('',(6.12303176911189E-17,1.,-6.69169960734279E-16));
#6383=DIRECTION('',(1.,0.,0.));
#6384=DIRECTION('',(1.,-8.36462450917849E-17,0.));
#6385=DIRECTION('',(0.,1.,-6.69169960734279E-16));
#6386=DIRECTION('',(1.,0.,0.));
#6387=DIRECTION('center_axis',(-7.32112774965697E-17,-0.875248822182455,
-0.483672925920219));
#6388=DIRECTION('ref_axis',(-2.46519032881566E-32,0.483672925920219,-0.875248822182455));
#6389=DIRECTION('',(0.,0.48367292592022,-0.875248822182454));
#6390=DIRECTION('',(1.,-8.36462450917849E-17,-2.56853104048431E-32));
#6391=DIRECTION('',(0.,0.48367292592022,-0.875248822182454));
#6392=DIRECTION('center_axis',(0.,-1.,0.));
#6393=DIRECTION('ref_axis',(0.,0.,-1.));
#6394=DIRECTION('',(0.,0.,1.));
#6395=DIRECTION('',(1.,0.,0.));
#6396=DIRECTION('center_axis',(8.36462450917849E-17,1.,1.41744849251332E-15));
#6397=DIRECTION('ref_axis',(0.,-1.41744849251332E-15,1.));
#6398=DIRECTION('',(0.,1.41744849251332E-15,-1.));
#6399=DIRECTION('',(-1.,8.36462450917849E-17,0.));
#6400=DIRECTION('center_axis',(-1.,0.,0.));
#6401=DIRECTION('ref_axis',(0.,0.,1.));
#6402=DIRECTION('',(0.,-1.,0.));
#6403=DIRECTION('center_axis',(-8.36462450917849E-17,-1.,-1.38777878078145E-15));
#6404=DIRECTION('ref_axis',(0.,1.38777878078145E-15,-1.));
#6405=DIRECTION('',(0.,0.,1.));
#6406=DIRECTION('',(-1.,8.36462450917849E-17,0.));
#6407=DIRECTION('',(0.,1.38777878078145E-15,-1.));
#6408=DIRECTION('',(1.,-8.36462450917849E-17,0.));
#6409=DIRECTION('center_axis',(1.,0.,0.));
#6410=DIRECTION('ref_axis',(0.,0.,-1.));
#6411=DIRECTION('',(0.,0.,-1.));
#6412=DIRECTION('',(0.,-1.,0.));
#6413=DIRECTION('',(0.,1.,0.));
#6414=DIRECTION('center_axis',(8.36462450917849E-17,1.,0.));
#6415=DIRECTION('ref_axis',(-1.,8.36462450917849E-17,0.));
#6416=DIRECTION('',(1.,-8.36462450917849E-17,0.));
#6417=DIRECTION('',(1.,-8.36462450917849E-17,0.));
#6418=DIRECTION('',(0.,0.,1.));
#6419=DIRECTION('center_axis',(-1.,0.,0.));
#6420=DIRECTION('ref_axis',(0.,0.,1.));
#6421=DIRECTION('',(0.,0.,1.));
#6422=DIRECTION('',(0.,-1.,0.));
#6423=DIRECTION('center_axis',(0.,1.,0.));
#6424=DIRECTION('ref_axis',(0.,0.,1.));
#6425=DIRECTION('',(0.,0.,1.));
#6426=DIRECTION('',(1.,0.,0.));
#6427=DIRECTION('center_axis',(0.,1.,0.));
#6428=DIRECTION('ref_axis',(1.,0.,0.));
#6429=DIRECTION('center_axis',(0.,-1.,0.));
#6430=DIRECTION('ref_axis',(1.,0.,0.));
#6431=DIRECTION('center_axis',(-1.,6.12303176911189E-17,0.));
#6432=DIRECTION('ref_axis',(-6.12303176911189E-17,-1.,0.));
#6433=DIRECTION('',(-6.12303176911189E-17,-1.,0.));
#6434=DIRECTION('',(2.12435339080604E-32,3.46944695195362E-16,-1.));
#6435=DIRECTION('center_axis',(0.,-1.,-3.46944695195362E-16));
#6436=DIRECTION('ref_axis',(0.,3.46944695195362E-16,-1.));
#6437=DIRECTION('',(1.,0.,0.));
#6438=DIRECTION('',(1.41623559387069E-32,2.31296463463574E-16,-1.));
#6439=DIRECTION('center_axis',(0.,-1.,-3.46944695195362E-16));
#6440=DIRECTION('ref_axis',(0.,3.46944695195362E-16,-1.));
#6441=DIRECTION('center_axis',(0.,-1.,-3.46944695195362E-16));
#6442=DIRECTION('ref_axis',(0.,3.46944695195362E-16,-1.));
#6443=DIRECTION('center_axis',(-1.,0.,0.));
#6444=DIRECTION('ref_axis',(0.,0.,1.));
#6445=DIRECTION('',(0.,-1.,0.));
#6446=DIRECTION('center_axis',(0.,0.,1.));
#6447=DIRECTION('ref_axis',(1.,0.,0.));
#6448=DIRECTION('center_axis',(0.,0.,1.));
#6449=DIRECTION('ref_axis',(1.,0.,0.));
#6450=DIRECTION('',(0.,0.,1.));
#6451=DIRECTION('center_axis',(0.,0.,-1.));
#6452=DIRECTION('ref_axis',(0.,-1.,0.));
#6453=DIRECTION('center_axis',(0.,0.,1.));
#6454=DIRECTION('ref_axis',(1.,0.,0.));
#6455=DIRECTION('center_axis',(0.,0.,1.));
#6456=DIRECTION('ref_axis',(1.,0.,0.));
#6457=DIRECTION('center_axis',(0.,-1.,0.));
#6458=DIRECTION('ref_axis',(0.,0.,-1.));
#6459=DIRECTION('',(0.,-1.,0.));
#6460=DIRECTION('center_axis',(0.,-1.,0.));
#6461=DIRECTION('ref_axis',(0.,0.,-1.));
#6462=DIRECTION('',(0.,-1.,0.));
#6463=DIRECTION('axis',(0.,0.,1.));
#6464=DIRECTION('refdir',(1.,0.,0.));
#6465=DIRECTION('center_axis',(0.,1.,0.));
#6466=DIRECTION('ref_axis',(0.,0.,1.));
#6467=DIRECTION('',(1.,0.,0.));
#6468=DIRECTION('',(0.,0.,-1.));
#6469=DIRECTION('',(1.,0.,0.));
#6470=DIRECTION('',(-7.83750184014656E-15,0.,1.));
#6471=DIRECTION('center_axis',(0.,1.,0.));
#6472=DIRECTION('ref_axis',(0.,0.,-1.));
#6473=DIRECTION('',(-5.66041799566139E-15,0.,-1.));
#6474=DIRECTION('',(1.,0.,0.));
#6475=DIRECTION('',(0.,0.,1.));
#6476=DIRECTION('center_axis',(0.,1.,0.));
#6477=DIRECTION('ref_axis',(0.,0.,1.));
#6478=DIRECTION('',(-1.,0.,0.));
#6479=DIRECTION('',(0.,0.,1.));
#6480=DIRECTION('',(-1.,0.,0.));
#6481=DIRECTION('',(-2.61250061338219E-16,0.,-1.));
#6482=DIRECTION('center_axis',(0.,1.,0.));
#6483=DIRECTION('ref_axis',(0.,0.,1.));
#6484=DIRECTION('',(-2.61250061338221E-16,0.,1.));
#6485=DIRECTION('',(-1.,0.,0.));
#6486=DIRECTION('',(0.,0.,-1.));
#6487=DIRECTION('center_axis',(0.,0.,-1.));
#6488=DIRECTION('ref_axis',(-1.,0.,0.));
#6489=DIRECTION('',(-1.,0.,0.));
#6490=DIRECTION('',(0.,1.,0.));
#6491=DIRECTION('',(-1.,0.,0.));
#6492=DIRECTION('',(0.,1.,0.));
#6493=DIRECTION('center_axis',(1.,0.,0.));
#6494=DIRECTION('ref_axis',(0.,0.,-1.));
#6495=DIRECTION('',(0.,0.,-1.));
#6496=DIRECTION('',(0.,1.,0.));
#6497=DIRECTION('',(0.,0.,-1.));
#6498=DIRECTION('',(0.,1.,0.));
#6499=DIRECTION('',(0.,1.,0.));
#6500=DIRECTION('',(0.,0.,-1.));
#6501=DIRECTION('',(0.,1.,0.));
#6502=DIRECTION('',(0.,1.,0.));
#6503=DIRECTION('',(0.,0.,-1.));
#6504=DIRECTION('center_axis',(0.,0.,1.));
#6505=DIRECTION('ref_axis',(1.,0.,0.));
#6506=DIRECTION('',(1.,0.,0.));
#6507=DIRECTION('',(0.,1.,0.));
#6508=DIRECTION('',(1.,0.,0.));
#6509=DIRECTION('center_axis',(-1.,0.,0.));
#6510=DIRECTION('ref_axis',(0.,0.,1.));
#6511=DIRECTION('',(0.,0.,1.));
#6512=DIRECTION('',(0.,0.,1.));
#6513=DIRECTION('',(0.,1.,0.));
#6514=DIRECTION('',(0.,1.,0.));
#6515=DIRECTION('',(0.,0.,1.));
#6516=DIRECTION('',(0.,1.,0.));
#6517=DIRECTION('',(0.,1.,0.));
#6518=DIRECTION('',(0.,0.,1.));
#6519=DIRECTION('center_axis',(0.,-1.,0.));
#6520=DIRECTION('ref_axis',(0.,0.,-1.));
#6521=DIRECTION('center_axis',(0.,1.,0.));
#6522=DIRECTION('ref_axis',(0.,0.,1.));
#6523=DIRECTION('',(-1.,0.,0.));
#6524=DIRECTION('',(-2.61250061338221E-16,0.,1.));
#6525=DIRECTION('center_axis',(0.,1.,0.));
#6526=DIRECTION('ref_axis',(0.,0.,1.));
#6527=DIRECTION('',(-2.61250061338219E-16,0.,-1.));
#6528=DIRECTION('',(-1.,0.,0.));
#6529=DIRECTION('center_axis',(0.,0.,-1.));
#6530=DIRECTION('ref_axis',(-1.,0.,0.));
#6531=DIRECTION('',(0.,1.,0.));
#6532=DIRECTION('center_axis',(1.,0.,-2.61250061338219E-16));
#6533=DIRECTION('ref_axis',(-2.61250061338219E-16,0.,-1.));
#6534=DIRECTION('',(0.,1.,0.));
#6535=DIRECTION('center_axis',(0.,1.,0.));
#6536=DIRECTION('ref_axis',(-1.65389215948552E-15,0.,-1.));
#6537=DIRECTION('',(0.,1.,0.));
#6538=DIRECTION('center_axis',(-1.,0.,-2.61250061338221E-16));
#6539=DIRECTION('ref_axis',(-2.61250061338221E-16,0.,1.));
#6540=DIRECTION('',(0.,1.,0.));
#6541=DIRECTION('center_axis',(0.,0.,-1.));
#6542=DIRECTION('ref_axis',(-1.,0.,0.));
#6543=DIRECTION('center_axis',(0.,0.,1.));
#6544=DIRECTION('ref_axis',(1.,0.,0.));
#6545=DIRECTION('',(1.,0.,0.));
#6546=DIRECTION('',(0.,1.,0.));
#6547=DIRECTION('center_axis',(-1.,0.,-7.83750184014656E-15));
#6548=DIRECTION('ref_axis',(-7.83750184014656E-15,0.,1.));
#6549=DIRECTION('',(-7.83750184014656E-15,0.,1.));
#6550=DIRECTION('',(0.,1.,0.));
#6551=DIRECTION('center_axis',(0.,1.,0.));
#6552=DIRECTION('ref_axis',(0.,0.,1.));
#6553=DIRECTION('center_axis',(0.,1.,0.));
#6554=DIRECTION('ref_axis',(0.,0.,-1.));
#6555=DIRECTION('',(0.,1.,0.));
#6556=DIRECTION('center_axis',(1.,0.,-5.66041799566139E-15));
#6557=DIRECTION('ref_axis',(-5.66041799566139E-15,0.,-1.));
#6558=DIRECTION('',(-5.66041799566139E-15,0.,-1.));
#6559=DIRECTION('',(0.,1.,0.));
#6560=DIRECTION('center_axis',(0.,0.,1.));
#6561=DIRECTION('ref_axis',(1.,0.,0.));
#6562=DIRECTION('',(1.,0.,0.));
#6563=DIRECTION('center_axis',(0.,1.,0.));
#6564=DIRECTION('ref_axis',(0.,0.,1.));
#6565=DIRECTION('center_axis',(0.,0.,1.));
#6566=DIRECTION('ref_axis',(1.,0.,0.));
#6567=DIRECTION('',(1.,0.,0.));
#6568=DIRECTION('center_axis',(0.,0.,-1.));
#6569=DIRECTION('ref_axis',(-1.,0.,0.));
#6570=DIRECTION('',(-1.,0.,0.));
#6571=DIRECTION('center_axis',(0.,-1.,0.));
#6572=DIRECTION('ref_axis',(0.,0.,-1.));
#6573=DIRECTION('center_axis',(0.,1.,0.));
#6574=DIRECTION('ref_axis',(-1.,0.,0.));
#6575=DIRECTION('center_axis',(0.,1.,0.));
#6576=DIRECTION('ref_axis',(0.,0.,1.));
#6577=DIRECTION('',(0.,-1.,0.));
#6578=DIRECTION('center_axis',(0.,1.,0.));
#6579=DIRECTION('ref_axis',(-1.,0.,0.));
#6580=DIRECTION('center_axis',(0.,1.,0.));
#6581=DIRECTION('ref_axis',(0.,0.,1.));
#6582=DIRECTION('center_axis',(0.,1.,0.));
#6583=DIRECTION('ref_axis',(1.,0.,0.));
#6584=DIRECTION('center_axis',(0.,1.,0.));
#6585=DIRECTION('ref_axis',(0.,0.,1.));
#6586=DIRECTION('',(0.,-1.,0.));
#6587=DIRECTION('center_axis',(0.,1.,0.));
#6588=DIRECTION('ref_axis',(1.,0.,0.));
#6589=DIRECTION('center_axis',(0.,1.,0.));
#6590=DIRECTION('ref_axis',(0.,0.,1.));
#6591=DIRECTION('axis',(0.,0.,1.));
#6592=DIRECTION('refdir',(1.,0.,0.));
#6593=DIRECTION('center_axis',(-1.,0.,0.));
#6594=DIRECTION('ref_axis',(0.,0.,1.));
#6595=DIRECTION('center_axis',(-1.,6.12303176911189E-17,0.));
#6596=DIRECTION('ref_axis',(6.12303176911189E-17,1.,0.));
#6597=DIRECTION('',(1.,0.,0.));
#6598=DIRECTION('center_axis',(-1.,6.12303176911189E-17,0.));
#6599=DIRECTION('ref_axis',(6.12303176911189E-17,1.,0.));
#6600=DIRECTION('center_axis',(-1.,6.12303176911189E-17,0.));
#6601=DIRECTION('ref_axis',(-6.12303176911189E-17,-1.,0.));
#6602=DIRECTION('center_axis',(-1.,6.12303176911189E-17,0.));
#6603=DIRECTION('ref_axis',(-6.12303176911189E-17,-1.,0.));
#6604=DIRECTION('center_axis',(-1.,0.,0.));
#6605=DIRECTION('ref_axis',(0.,1.,0.));
#6606=DIRECTION('',(1.,-6.12303176911189E-17,0.));
#6607=DIRECTION('center_axis',(-1.,0.,0.));
#6608=DIRECTION('ref_axis',(0.,1.,0.));
#6609=DIRECTION('center_axis',(-1.,0.,0.));
#6610=DIRECTION('ref_axis',(0.,0.,1.));
#6611=DIRECTION('center_axis',(-1.,0.,0.));
#6612=DIRECTION('ref_axis',(0.,0.,1.));
#6613=DIRECTION('axis',(0.,0.,1.));
#6614=DIRECTION('refdir',(1.,0.,0.));
#6615=DIRECTION('center_axis',(0.,0.,-1.));
#6616=DIRECTION('ref_axis',(-1.,0.,0.));
#6617=DIRECTION('',(2.22044604925031E-16,-1.,0.));
#6618=DIRECTION('center_axis',(0.,0.,1.));
#6619=DIRECTION('ref_axis',(-1.,0.,0.));
#6620=DIRECTION('',(0.860030432305869,-0.510242741749239,0.));
#6621=DIRECTION('',(0.510242741749241,0.860030432305868,0.));
#6622=DIRECTION('',(-0.860030432305864,0.510242741749248,0.));
#6623=DIRECTION('center_axis',(0.,0.,-1.));
#6624=DIRECTION('ref_axis',(-1.,0.,0.));
#6625=DIRECTION('',(-0.860030432305863,-0.510242741749249,0.));
#6626=DIRECTION('',(-0.510242741749241,0.860030432305868,0.));
#6627=DIRECTION('',(-0.860030432305869,-0.510242741749239,0.));
#6628=DIRECTION('center_axis',(0.,0.,1.));
#6629=DIRECTION('ref_axis',(-1.,0.,0.));
#6630=DIRECTION('center_axis',(0.,0.,-1.));
#6631=DIRECTION('ref_axis',(-1.,0.,0.));
#6632=DIRECTION('',(-2.22044604925031E-16,1.,0.));
#6633=DIRECTION('center_axis',(0.,0.,1.));
#6634=DIRECTION('ref_axis',(1.,0.,0.));
#6635=DIRECTION('',(0.794626586296612,-0.607098499710378,0.));
#6636=DIRECTION('',(0.607098499710375,0.794626586296615,0.));
#6637=DIRECTION('',(0.794626586296611,-0.60709849971038,0.));
#6638=DIRECTION('center_axis',(0.,0.,-1.));
#6639=DIRECTION('ref_axis',(1.,0.,0.));
#6640=DIRECTION('',(-0.79462658629661,-0.607098499710381,0.));
#6641=DIRECTION('',(0.607098499710394,-0.794626586296601,0.));
#6642=DIRECTION('',(0.794626586296612,0.607098499710379,0.));
#6643=DIRECTION('center_axis',(0.,0.,1.));
#6644=DIRECTION('ref_axis',(1.,0.,0.));
#6645=DIRECTION('center_axis',(0.,0.,-1.));
#6646=DIRECTION('ref_axis',(-1.,0.,0.));
#6647=DIRECTION('',(0.,0.,1.));
#6648=DIRECTION('center_axis',(0.,0.,-1.));
#6649=DIRECTION('ref_axis',(1.,0.,0.));
#6650=DIRECTION('',(0.,0.,-1.));
#6651=DIRECTION('center_axis',(0.,0.,-1.));
#6652=DIRECTION('ref_axis',(-1.,0.,0.));
#6653=DIRECTION('center_axis',(0.,0.,1.));
#6654=DIRECTION('ref_axis',(1.,0.,0.));
#6655=DIRECTION('',(0.794626586296611,-0.60709849971038,0.));
#6656=DIRECTION('',(0.607098499710375,0.794626586296615,0.));
#6657=DIRECTION('',(0.794626586296612,-0.607098499710378,0.));
#6658=DIRECTION('center_axis',(0.,0.,-1.));
#6659=DIRECTION('ref_axis',(1.,0.,0.));
#6660=DIRECTION('',(1.,0.,0.));
#6661=DIRECTION('center_axis',(0.,0.,1.));
#6662=DIRECTION('ref_axis',(-1.,0.,0.));
#6663=DIRECTION('',(-0.860030432305869,-0.510242741749239,0.));
#6664=DIRECTION('',(-0.510242741749241,0.860030432305868,0.));
#6665=DIRECTION('',(0.860030432305863,0.510242741749249,0.));
#6666=DIRECTION('center_axis',(0.,0.,-1.));
#6667=DIRECTION('ref_axis',(-1.,0.,0.));
#6668=DIRECTION('',(0.860030432305864,-0.510242741749248,0.));
#6669=DIRECTION('',(0.510242741749241,0.860030432305868,0.));
#6670=DIRECTION('',(0.860030432305869,-0.510242741749239,0.));
#6671=DIRECTION('center_axis',(0.,0.,1.));
#6672=DIRECTION('ref_axis',(-1.,0.,0.));
#6673=DIRECTION('',(-1.,7.52080577342059E-16,0.));
#6674=DIRECTION('',(0.794626586296612,0.607098499710379,0.));
#6675=DIRECTION('',(0.607098499710394,-0.794626586296601,0.));
#6676=DIRECTION('',(-0.79462658629661,-0.607098499710381,0.));
#6677=DIRECTION('center_axis',(0.,0.,-1.));
#6678=DIRECTION('ref_axis',(-1.,0.,0.));
#6679=DIRECTION('',(0.,0.,1.));
#6680=DIRECTION('',(0.,0.,-1.));
#6681=DIRECTION('center_axis',(0.,0.,-1.));
#6682=DIRECTION('ref_axis',(-1.,0.,0.));
#6683=DIRECTION('',(0.,0.,-1.));
#6684=DIRECTION('',(0.,0.,-1.));
#6685=DIRECTION('center_axis',(0.,0.,-1.));
#6686=DIRECTION('ref_axis',(-1.,0.,0.));
#6687=DIRECTION('',(0.,0.,1.));
#6688=DIRECTION('',(0.,0.,-1.));
#6689=DIRECTION('center_axis',(0.,0.,-1.));
#6690=DIRECTION('ref_axis',(-1.,0.,0.));
#6691=DIRECTION('',(0.,0.,1.));
#6692=DIRECTION('',(0.,0.,-1.));
#6693=DIRECTION('center_axis',(0.,0.,-1.));
#6694=DIRECTION('ref_axis',(1.,2.03056389731881E-14,0.));
#6695=DIRECTION('',(0.,0.,1.));
#6696=DIRECTION('',(0.,0.,-1.));
#6697=DIRECTION('center_axis',(-0.510242741749249,0.860030432305863,0.));
#6698=DIRECTION('ref_axis',(-0.860030432305863,-0.510242741749249,0.));
#6699=DIRECTION('',(0.,0.,1.));
#6700=DIRECTION('center_axis',(0.510242741749248,0.860030432305864,0.));
#6701=DIRECTION('ref_axis',(-0.860030432305864,0.510242741749248,0.));
#6702=DIRECTION('',(0.,0.,1.));
#6703=DIRECTION('center_axis',(-0.510242741749239,0.860030432305869,0.));
#6704=DIRECTION('ref_axis',(-0.860030432305869,-0.510242741749239,0.));
#6705=DIRECTION('',(0.,0.,1.));
#6706=DIRECTION('center_axis',(0.860030432305868,0.510242741749241,0.));
#6707=DIRECTION('ref_axis',(-0.510242741749241,0.860030432305868,0.));
#6708=DIRECTION('center_axis',(-0.510242741749239,-0.860030432305869,0.));
#6709=DIRECTION('ref_axis',(0.860030432305869,-0.510242741749239,0.));
#6710=DIRECTION('',(0.,0.,1.));
#6711=DIRECTION('center_axis',(0.860030432305868,-0.510242741749241,0.));
#6712=DIRECTION('ref_axis',(0.510242741749241,0.860030432305868,0.));
#6713=DIRECTION('center_axis',(0.60709849971038,0.794626586296612,0.));
#6714=DIRECTION('ref_axis',(-0.794626586296612,0.60709849971038,0.));
#6715=DIRECTION('',(0.,0.,1.));
#6716=DIRECTION('center_axis',(0.607098499710381,-0.79462658629661,0.));
#6717=DIRECTION('ref_axis',(0.79462658629661,0.607098499710381,0.));
#6718=DIRECTION('',(0.,0.,1.));
#6719=DIRECTION('center_axis',(-0.607098499710378,-0.794626586296613,0.));
#6720=DIRECTION('ref_axis',(0.794626586296613,-0.607098499710378,0.));
#6721=DIRECTION('',(0.,0.,1.));
#6722=DIRECTION('center_axis',(0.794626586296615,-0.607098499710375,0.));
#6723=DIRECTION('ref_axis',(0.607098499710375,0.794626586296615,0.));
#6724=DIRECTION('center_axis',(0.607098499710379,-0.794626586296612,0.));
#6725=DIRECTION('ref_axis',(0.794626586296612,0.607098499710379,0.));
#6726=DIRECTION('',(0.,0.,1.));
#6727=DIRECTION('center_axis',(-0.794626586296601,-0.607098499710394,0.));
#6728=DIRECTION('ref_axis',(0.607098499710394,-0.794626586296601,0.));
#6729=DIRECTION('center_axis',(1.,2.22044604925031E-16,0.));
#6730=DIRECTION('ref_axis',(-2.22044604925031E-16,1.,0.));
#6731=DIRECTION('',(2.22044604925031E-16,-1.,0.));
#6732=DIRECTION('',(0.,0.,1.));
#6733=DIRECTION('',(0.,0.,1.));
#6734=DIRECTION('center_axis',(-1.,-2.22044604925031E-16,0.));
#6735=DIRECTION('ref_axis',(2.22044604925031E-16,-1.,0.));
#6736=DIRECTION('',(-2.22044604925031E-16,1.,0.));
#6737=DIRECTION('',(0.,0.,1.));
#6738=DIRECTION('',(0.,0.,1.));
#6739=DIRECTION('center_axis',(0.,0.,-1.));
#6740=DIRECTION('ref_axis',(-1.,0.,0.));
#6741=DIRECTION('center_axis',(0.,0.,1.));
#6742=DIRECTION('ref_axis',(-1.,0.,0.));
#6743=DIRECTION('center_axis',(0.,0.,1.));
#6744=DIRECTION('ref_axis',(-1.,0.,0.));
#6745=DIRECTION('',(-0.860030432305869,-0.510242741749239,0.));
#6746=DIRECTION('',(-0.510242741749241,0.860030432305868,0.));
#6747=DIRECTION('',(0.860030432305863,0.510242741749249,0.));
#6748=DIRECTION('center_axis',(0.,0.,-1.));
#6749=DIRECTION('ref_axis',(-1.,0.,0.));
#6750=DIRECTION('',(0.860030432305864,-0.510242741749248,0.));
#6751=DIRECTION('',(0.510242741749241,0.860030432305868,0.));
#6752=DIRECTION('',(0.860030432305869,-0.510242741749239,0.));
#6753=DIRECTION('center_axis',(0.,0.,-1.));
#6754=DIRECTION('ref_axis',(-1.,0.,0.));
#6755=DIRECTION('center_axis',(0.,0.,-1.));
#6756=DIRECTION('ref_axis',(1.,0.,0.));
#6757=DIRECTION('center_axis',(0.,0.,-1.));
#6758=DIRECTION('ref_axis',(1.,0.,0.));
#6759=DIRECTION('',(0.794626586296612,0.607098499710379,0.));
#6760=DIRECTION('',(0.607098499710394,-0.794626586296601,0.));
#6761=DIRECTION('',(-0.79462658629661,-0.607098499710381,0.));
#6762=DIRECTION('center_axis',(0.,0.,1.));
#6763=DIRECTION('ref_axis',(1.,0.,0.));
#6764=DIRECTION('',(0.794626586296611,-0.60709849971038,0.));
#6765=DIRECTION('',(0.607098499710375,0.794626586296615,0.));
#6766=DIRECTION('',(0.794626586296612,-0.607098499710378,0.));
#6767=DIRECTION('center_axis',(0.,0.,-1.));
#6768=DIRECTION('ref_axis',(-1.,0.,0.));
#6769=DIRECTION('',(0.,0.,1.));
#6770=DIRECTION('',(0.,0.,-1.));
#6771=DIRECTION('center_axis',(0.,0.,1.));
#6772=DIRECTION('ref_axis',(1.,0.,0.));
#6773=DIRECTION('center_axis',(0.,0.,-1.));
#6774=DIRECTION('ref_axis',(-1.,0.,0.));
#6775=DIRECTION('',(0.,0.,1.));
#6776=DIRECTION('center_axis',(0.,0.,1.));
#6777=DIRECTION('ref_axis',(1.,0.,0.));
#6778=DIRECTION('',(0.,0.,-1.));
#6779=DIRECTION('center_axis',(0.,0.,-1.));
#6780=DIRECTION('ref_axis',(-1.,0.,0.));
#6781=DIRECTION('',(0.,0.,-1.));
#6782=DIRECTION('center_axis',(0.,0.,-1.));
#6783=DIRECTION('ref_axis',(1.,0.,0.));
#6784=DIRECTION('',(0.,0.,-1.));
#6785=DIRECTION('center_axis',(0.,0.,-1.));
#6786=DIRECTION('ref_axis',(-1.,0.,0.));
#6787=DIRECTION('',(-1.,7.52080577342059E-16,0.));
#6788=DIRECTION('center_axis',(0.,0.,1.));
#6789=DIRECTION('ref_axis',(-1.,0.,0.));
#6790=DIRECTION('',(0.860030432305869,-0.510242741749239,0.));
#6791=DIRECTION('',(0.510242741749241,0.860030432305868,0.));
#6792=DIRECTION('',(-0.860030432305864,0.510242741749248,0.));
#6793=DIRECTION('center_axis',(0.,0.,-1.));
#6794=DIRECTION('ref_axis',(-1.,0.,0.));
#6795=DIRECTION('',(-0.860030432305863,-0.510242741749249,0.));
#6796=DIRECTION('',(-0.510242741749241,0.860030432305868,0.));
#6797=DIRECTION('',(-0.860030432305869,-0.510242741749239,0.));
#6798=DIRECTION('center_axis',(0.,0.,1.));
#6799=DIRECTION('ref_axis',(-1.,0.,0.));
#6800=DIRECTION('',(1.,0.,0.));
#6801=DIRECTION('',(0.794626586296612,-0.607098499710378,0.));
#6802=DIRECTION('',(0.607098499710375,0.794626586296615,0.));
#6803=DIRECTION('',(0.794626586296611,-0.60709849971038,0.));
#6804=DIRECTION('',(-0.79462658629661,-0.607098499710381,0.));
#6805=DIRECTION('',(0.607098499710394,-0.794626586296601,0.));
#6806=DIRECTION('',(0.794626586296612,0.607098499710379,0.));
#6807=DIRECTION('center_axis',(0.,0.,-1.));
#6808=DIRECTION('ref_axis',(-1.,0.,0.));
#6809=DIRECTION('',(0.,0.,1.));
#6810=DIRECTION('',(0.,0.,-1.));
#6811=DIRECTION('center_axis',(0.,0.,-1.));
#6812=DIRECTION('ref_axis',(-1.,0.,0.));
#6813=DIRECTION('',(0.,0.,1.));
#6814=DIRECTION('',(0.,0.,-1.));
#6815=DIRECTION('center_axis',(0.,0.,-1.));
#6816=DIRECTION('ref_axis',(1.,2.03056389731881E-14,0.));
#6817=DIRECTION('',(0.,0.,1.));
#6818=DIRECTION('',(0.,0.,-1.));
#6819=DIRECTION('center_axis',(-7.52080577342059E-16,-1.,0.));
#6820=DIRECTION('ref_axis',(1.,-7.52080577342059E-16,0.));
#6821=DIRECTION('center_axis',(0.,1.,0.));
#6822=DIRECTION('ref_axis',(0.,0.,1.));
#6823=DIRECTION('center_axis',(-0.510242741749249,0.860030432305863,0.));
#6824=DIRECTION('ref_axis',(-0.860030432305863,-0.510242741749249,0.));
#6825=DIRECTION('',(0.,0.,1.));
#6826=DIRECTION('center_axis',(0.510242741749248,0.860030432305864,0.));
#6827=DIRECTION('ref_axis',(-0.860030432305864,0.510242741749248,0.));
#6828=DIRECTION('',(0.,0.,1.));
#6829=DIRECTION('center_axis',(-0.510242741749239,0.860030432305869,0.));
#6830=DIRECTION('ref_axis',(-0.860030432305869,-0.510242741749239,0.));
#6831=DIRECTION('',(0.,0.,1.));
#6832=DIRECTION('center_axis',(0.860030432305868,0.510242741749241,0.));
#6833=DIRECTION('ref_axis',(-0.510242741749241,0.860030432305868,0.));
#6834=DIRECTION('center_axis',(-0.510242741749239,-0.860030432305869,0.));
#6835=DIRECTION('ref_axis',(0.860030432305869,-0.510242741749239,0.));
#6836=DIRECTION('',(0.,0.,1.));
#6837=DIRECTION('center_axis',(0.860030432305868,-0.510242741749241,0.));
#6838=DIRECTION('ref_axis',(0.510242741749241,0.860030432305868,0.));
#6839=DIRECTION('center_axis',(0.60709849971038,0.794626586296612,0.));
#6840=DIRECTION('ref_axis',(-0.794626586296612,0.60709849971038,0.));
#6841=DIRECTION('',(0.,0.,1.));
#6842=DIRECTION('center_axis',(0.607098499710381,-0.79462658629661,0.));
#6843=DIRECTION('ref_axis',(0.79462658629661,0.607098499710381,0.));
#6844=DIRECTION('',(0.,0.,1.));
#6845=DIRECTION('center_axis',(-0.607098499710378,-0.794626586296613,0.));
#6846=DIRECTION('ref_axis',(0.794626586296613,-0.607098499710378,0.));
#6847=DIRECTION('',(0.,0.,1.));
#6848=DIRECTION('center_axis',(0.794626586296615,-0.607098499710375,0.));
#6849=DIRECTION('ref_axis',(0.607098499710375,0.794626586296615,0.));
#6850=DIRECTION('center_axis',(0.607098499710379,-0.794626586296612,0.));
#6851=DIRECTION('ref_axis',(0.794626586296612,0.607098499710379,0.));
#6852=DIRECTION('',(0.,0.,1.));
#6853=DIRECTION('center_axis',(-0.794626586296601,-0.607098499710394,0.));
#6854=DIRECTION('ref_axis',(0.607098499710394,-0.794626586296601,0.));
#6855=DIRECTION('',(0.,0.,1.));
#6856=DIRECTION('',(1.,0.,0.));
#6857=DIRECTION('',(0.,0.,1.));
#6858=DIRECTION('',(1.,0.,0.));
#6859=DIRECTION('',(-2.3186759108637E-33,-6.12323399573677E-17,1.));
#6860=DIRECTION('',(-8.63024929298461E-17,1.,6.12323399573677E-17));
#6861=DIRECTION('',(-4.7154463962985E-33,-6.12323399573677E-17,1.));
#6862=DIRECTION('',(5.55111512312578E-17,1.,6.12323399573677E-17));
#6863=DIRECTION('',(7.82862337857727E-18,-5.88426098079087E-17,1.));
#6864=DIRECTION('',(-4.85722573273506E-17,1.,5.88426098079087E-17));
#6865=DIRECTION('',(-1.8866697017201E-17,4.96032707952228E-17,-1.));
#6866=DIRECTION('',(2.08166817117217E-17,-1.,-4.96032707952228E-17));
#6867=DIRECTION('',(0.,0.,1.));
#6868=DIRECTION('',(1.,0.,0.));
#6869=DIRECTION('',(0.,0.,1.));
#6870=DIRECTION('',(1.,0.,0.));
#6871=DIRECTION('',(-2.3186759108637E-33,-6.12323399573677E-17,1.));
#6872=DIRECTION('',(-8.63024929298461E-17,1.,6.12323399573677E-17));
#6873=DIRECTION('',(-4.76825278526807E-17,6.24500451351651E-17,-1.));
#6874=DIRECTION('',(4.85722573273506E-17,-1.,-6.24500451351651E-17));
#6875=DIRECTION('',(3.66444542140569E-17,-5.20417042793042E-17,1.));
#6876=DIRECTION('',(-7.63278329429796E-17,1.,5.20417042793042E-17));
#6877=DIRECTION('',(-5.55111512312579E-17,3.98986399474666E-17,-1.));
#6878=DIRECTION('',(1.,3.21768244294309E-16,-5.55111512312579E-17));
#6879=DIRECTION('',(0.,0.,1.));
#6880=DIRECTION('',(1.,0.,0.));
#6881=DIRECTION('',(-4.7154463962985E-33,-6.12323399573677E-17,1.));
#6882=DIRECTION('',(5.55111512312578E-17,1.,6.12323399573677E-17));
#6883=DIRECTION('',(1.22464679914735E-16,-5.55111512312578E-17,1.));
#6884=DIRECTION('',(-1.,1.52964061170578E-14,1.22464679914736E-16));
#6885=DIRECTION('axis',(0.,0.,1.));
#6886=DIRECTION('refdir',(1.,0.,0.));
#6887=DIRECTION('center_axis',(0.,0.,1.));
#6888=DIRECTION('ref_axis',(1.,0.,0.));
#6889=DIRECTION('',(1.,0.,0.));
#6890=DIRECTION('',(0.,-1.,0.));
#6891=DIRECTION('',(-1.,0.,0.));
#6892=DIRECTION('',(0.,1.,0.));
#6893=DIRECTION('',(-1.,0.,0.));
#6894=DIRECTION('',(0.,-1.,0.));
#6895=DIRECTION('',(-1.,0.,0.));
#6896=DIRECTION('',(0.,-1.,0.));
#6897=DIRECTION('center_axis',(1.,0.,0.));
#6898=DIRECTION('ref_axis',(0.,0.,-1.));
#6899=DIRECTION('',(0.,0.,-1.));
#6900=DIRECTION('',(0.,1.,-6.30808536718839E-16));
#6901=DIRECTION('',(0.,0.,1.));
#6902=DIRECTION('',(0.,0.,-1.));
#6903=DIRECTION('',(0.,-1.,0.));
#6904=DIRECTION('',(0.,8.67361737988403E-16,1.));
#6905=DIRECTION('center_axis',(-1.,0.,0.));
#6906=DIRECTION('ref_axis',(0.,-1.,0.));
#6907=DIRECTION('center_axis',(-4.86687787525353E-15,0.,-1.));
#6908=DIRECTION('ref_axis',(-1.,0.,4.86687787525353E-15));
#6909=DIRECTION('',(0.885752132635294,0.464158549993458,-4.31084745728134E-15));
#6910=DIRECTION('',(0.,-1.,0.));
#6911=DIRECTION('',(1.,0.,-4.86687787525353E-15));
#6912=DIRECTION('',(-0.582231829084638,-0.813022814686499,2.83365120724042E-15));
#6913=DIRECTION('',(0.,-1.,0.));
#6914=DIRECTION('',(-1.,0.,4.86687787525353E-15));
#6915=DIRECTION('',(0.,-1.,0.));
#6916=DIRECTION('',(-1.,2.22044604925031E-16,5.04077044340189E-15));
#6917=DIRECTION('center_axis',(5.04077044340189E-15,9.11245023438329E-17,
1.));
#6918=DIRECTION('ref_axis',(0.885752132635294,0.464158549993458,-4.50716938724497E-15));
#6919=DIRECTION('',(1.,-2.22044604925031E-16,-5.04077044340189E-15));
#6920=DIRECTION('center_axis',(-5.04077044340189E-15,-9.11245023438329E-17,
-1.));
#6921=DIRECTION('ref_axis',(-0.885752132635294,-0.464158549993458,4.50716938724497E-15));
#6922=DIRECTION('',(1.,-1.11022302462516E-16,-5.04077044340189E-15));
#6923=DIRECTION('center_axis',(-5.04077044340189E-15,-9.11245023438329E-17,
-1.));
#6924=DIRECTION('ref_axis',(-0.885752132635294,-0.464158549993458,4.50716938724497E-15));
#6925=DIRECTION('',(-1.,1.11022302462516E-16,5.04077044340189E-15));
#6926=DIRECTION('center_axis',(-5.04077044340189E-15,-9.11245023438329E-17,
-1.));
#6927=DIRECTION('ref_axis',(0.885752132635294,0.464158549993458,-4.50716938724497E-15));
#6928=DIRECTION('center_axis',(0.,0.,-1.));
#6929=DIRECTION('ref_axis',(-1.,0.,0.));
#6930=DIRECTION('',(-1.,0.,0.));
#6931=DIRECTION('',(0.,-1.,0.));
#6932=DIRECTION('',(1.,0.,0.));
#6933=DIRECTION('',(0.,1.,0.));
#6934=DIRECTION('',(-1.,0.,0.));
#6935=DIRECTION('',(0.,-1.,0.));
#6936=DIRECTION('',(1.,0.,0.));
#6937=DIRECTION('',(0.,1.,0.));
#6938=DIRECTION('center_axis',(1.,0.,0.));
#6939=DIRECTION('ref_axis',(0.,0.,-1.));
#6940=DIRECTION('',(0.,-1.,-6.30808536718839E-16));
#6941=DIRECTION('',(0.,0.,-1.));
#6942=DIRECTION('',(0.,-2.31296463463574E-15,1.));
#6943=DIRECTION('',(0.,1.,0.));
#6944=DIRECTION('',(0.,0.,-1.));
#6945=DIRECTION('',(0.,0.,1.));
#6946=DIRECTION('center_axis',(1.,0.,0.));
#6947=DIRECTION('ref_axis',(0.,-1.,0.));
#6948=DIRECTION('center_axis',(0.871444011634595,0.,-0.490494989358917));
#6949=DIRECTION('ref_axis',(-0.490494989358917,0.,-0.871444011634595));
#6950=DIRECTION('',(-0.490494989358917,0.,-0.871444011634595));
#6951=DIRECTION('',(0.490494989358918,0.,0.871444011634595));
#6952=DIRECTION('center_axis',(6.78168737785378E-15,0.,1.));
#6953=DIRECTION('ref_axis',(1.,0.,-6.78168737785378E-15));
#6954=DIRECTION('',(0.885752132635294,0.464158549993458,-6.00689405779984E-15));
#6955=DIRECTION('',(0.,-1.,0.));
#6956=DIRECTION('',(-1.,0.,-2.51470175772121E-15));
#6957=DIRECTION('',(0.,1.,0.));
#6958=DIRECTION('',(-1.,0.,-2.51470175772121E-15));
#6959=DIRECTION('',(0.,-1.,0.));
#6960=DIRECTION('center_axis',(6.78168737785378E-15,0.,1.));
#6961=DIRECTION('ref_axis',(1.,0.,-6.78168737785378E-15));
#6962=DIRECTION('',(-1.,2.22044604925031E-16,6.78168737785378E-15));
#6963=DIRECTION('center_axis',(6.78168737785378E-15,0.,1.));
#6964=DIRECTION('ref_axis',(1.,0.,-6.78168737785378E-15));
#6965=DIRECTION('',(1.,-2.22044604925031E-16,-6.78168737785378E-15));
#6966=DIRECTION('center_axis',(6.78168737785378E-15,0.,1.));
#6967=DIRECTION('ref_axis',(1.,0.,-6.78168737785378E-15));
#6968=DIRECTION('',(1.,0.,-4.86687787525353E-15));
#6969=DIRECTION('',(-0.582231829084638,-0.813022814686499,2.83365120724042E-15));
#6970=DIRECTION('',(-1.,0.,6.78168737785378E-15));
#6971=DIRECTION('',(0.,-1.,0.));
#6972=DIRECTION('center_axis',(6.78168737785378E-15,0.,1.));
#6973=DIRECTION('ref_axis',(1.,0.,-6.78168737785378E-15));
#6974=DIRECTION('',(1.,-1.11022302462516E-16,-6.78168737785378E-15));
#6975=DIRECTION('center_axis',(6.78168737785378E-15,0.,1.));
#6976=DIRECTION('ref_axis',(1.,0.,-6.78168737785378E-15));
#6977=DIRECTION('',(-1.,1.11022302462516E-16,6.78168737785378E-15));
#6978=DIRECTION('center_axis',(1.,0.,0.));
#6979=DIRECTION('ref_axis',(0.,0.,-1.));
#6980=DIRECTION('',(0.,0.,1.));
#6981=DIRECTION('',(0.,-1.,0.));
#6982=DIRECTION('',(0.,8.67361737988403E-16,1.));
#6983=DIRECTION('',(0.,-1.,0.));
#6984=DIRECTION('',(0.,0.,-1.));
#6985=DIRECTION('',(0.,-1.,0.));
#6986=DIRECTION('',(0.,0.,1.));
#6987=DIRECTION('',(0.,1.,-6.30808536718839E-16));
#6988=DIRECTION('center_axis',(-1.,0.,0.));
#6989=DIRECTION('ref_axis',(0.,-1.,0.));
#6990=DIRECTION('center_axis',(0.,0.,-1.));
#6991=DIRECTION('ref_axis',(-1.,0.,0.));
#6992=DIRECTION('',(-1.,0.,0.));
#6993=DIRECTION('',(0.,-1.,0.));
#6994=DIRECTION('',(1.,0.,0.));
#6995=DIRECTION('center_axis',(0.,0.,-1.));
#6996=DIRECTION('ref_axis',(-1.,0.,0.));
#6997=DIRECTION('',(1.,0.,0.));
#6998=DIRECTION('',(0.,-1.,0.));
#6999=DIRECTION('',(-1.,0.,0.));
#7000=DIRECTION('center_axis',(0.,0.,1.));
#7001=DIRECTION('ref_axis',(1.,0.,0.));
#7002=DIRECTION('',(-1.,0.,0.));
#7003=DIRECTION('',(0.,-1.,0.));
#7004=DIRECTION('',(-1.,0.,0.));
#7005=DIRECTION('',(0.,-1.,0.));
#7006=DIRECTION('center_axis',(0.,0.,1.));
#7007=DIRECTION('ref_axis',(1.,0.,0.));
#7008=DIRECTION('',(-1.,0.,0.));
#7009=DIRECTION('',(0.,-1.,0.));
#7010=DIRECTION('',(-1.,0.,0.));
#7011=DIRECTION('',(0.,-1.,0.));
#7012=DIRECTION('center_axis',(1.,0.,0.));
#7013=DIRECTION('ref_axis',(0.,0.,-1.));
#7014=DIRECTION('',(0.,0.,1.));
#7015=DIRECTION('',(0.,-1.,-6.30808536718839E-16));
#7016=DIRECTION('',(0.,0.,1.));
#7017=DIRECTION('',(0.,0.,1.));
#7018=DIRECTION('',(0.,-1.,0.));
#7019=DIRECTION('',(0.,2.31296463463574E-15,-1.));
#7020=DIRECTION('center_axis',(1.,0.,0.));
#7021=DIRECTION('ref_axis',(0.,-1.,0.));
#7022=DIRECTION('center_axis',(-1.,0.,-8.20183599813232E-14));
#7023=DIRECTION('ref_axis',(-8.20183599813232E-14,0.,1.));
#7024=DIRECTION('',(8.20183599813232E-14,0.,-1.));
#7025=DIRECTION('',(0.,-1.,0.));
#7026=DIRECTION('',(0.,0.,-1.));
#7027=DIRECTION('center_axis',(0.,0.,1.));
#7028=DIRECTION('ref_axis',(1.,0.,0.));
#7029=DIRECTION('',(-1.,0.,0.));
#7030=DIRECTION('',(0.,-1.,0.));
#7031=DIRECTION('',(-1.,0.,0.));
#7032=DIRECTION('center_axis',(-1.,0.,0.));
#7033=DIRECTION('ref_axis',(0.,0.,1.));
#7034=DIRECTION('',(0.,-1.,0.));
#7035=DIRECTION('',(0.,0.,-1.));
#7036=DIRECTION('',(0.,-1.,0.));
#7037=DIRECTION('',(0.,0.,-1.));
#7038=DIRECTION('',(0.,1.,0.));
#7039=DIRECTION('',(0.,0.,-1.));
#7040=DIRECTION('',(0.,0.,-1.));
#7041=DIRECTION('center_axis',(-1.,0.,9.25185853854258E-15));
#7042=DIRECTION('ref_axis',(9.25185853854258E-15,0.,1.));
#7043=DIRECTION('',(9.25185853854258E-15,2.29785082240342E-15,1.));
#7044=DIRECTION('',(-9.25185853854258E-15,0.,-1.));
#7045=DIRECTION('center_axis',(-1.,0.,-8.20183599813232E-14));
#7046=DIRECTION('ref_axis',(-8.20183599813232E-14,0.,1.));
#7047=DIRECTION('',(0.,-1.,0.));
#7048=DIRECTION('',(5.00201414116837E-15,7.08151309237533E-17,1.));
#7049=DIRECTION('',(0.,0.,-1.));
#7050=DIRECTION('center_axis',(0.,0.,1.));
#7051=DIRECTION('ref_axis',(1.,0.,0.));
#7052=DIRECTION('',(-1.,0.,0.));
#7053=DIRECTION('center_axis',(0.,0.,1.));
#7054=DIRECTION('ref_axis',(1.,0.,0.));
#7055=DIRECTION('',(-1.,0.,0.));
#7056=DIRECTION('center_axis',(1.,0.,0.));
#7057=DIRECTION('ref_axis',(0.,0.,-1.));
#7058=DIRECTION('',(0.,0.,1.));
#7059=DIRECTION('',(0.,-2.31296463463574E-15,1.));
#7060=DIRECTION('',(0.,-1.,0.));
#7061=DIRECTION('',(0.,0.,1.));
#7062=DIRECTION('',(0.,0.,1.));
#7063=DIRECTION('',(0.,0.,-1.));
#7064=DIRECTION('',(0.,-1.,0.));
#7065=DIRECTION('',(0.,-8.67361737988403E-16,-1.));
#7066=DIRECTION('center_axis',(0.,1.,0.));
#7067=DIRECTION('ref_axis',(0.,0.,1.));
#7068=DIRECTION('',(5.00201414116837E-15,7.08151309237533E-17,1.));
#7069=DIRECTION('',(-1.,0.,0.));
#7070=DIRECTION('',(-1.,0.,0.));
#7071=DIRECTION('',(4.86687787525353E-15,0.,1.));
#7072=DIRECTION('center_axis',(0.,1.,0.));
#7073=DIRECTION('ref_axis',(0.,0.,1.));
#7074=DIRECTION('',(-1.,0.,0.));
#7075=DIRECTION('',(-0.496138938356839,0.,-0.868243142124456));
#7076=DIRECTION('',(4.86687787525353E-15,0.,1.));
#7077=DIRECTION('',(0.880152311371752,0.,-0.474691382676115));
#7078=DIRECTION('',(-1.,0.,0.));
#7079=DIRECTION('center_axis',(0.464158549993458,-0.885752132635294,-2.25900297757292E-15));
#7080=DIRECTION('ref_axis',(0.885752132635294,0.464158549993458,1.97215226305253E-31));
#7081=DIRECTION('center_axis',(0.,1.,0.));
#7082=DIRECTION('ref_axis',(0.,0.,1.));
#7083=DIRECTION('',(-1.85037170770853E-14,0.,1.));
#7084=DIRECTION('center_axis',(-0.813022814686499,0.582231829084638,3.95688274887407E-15));
#7085=DIRECTION('ref_axis',(-0.582231829084638,-0.813022814686499,0.));
#7086=DIRECTION('center_axis',(-0.615298182273857,0.,0.788294454433423));
#7087=DIRECTION('ref_axis',(0.788294454433423,0.,0.615298182273857));
#7088=DIRECTION('',(0.788294454433423,0.,0.615298182273857));
#7089=DIRECTION('',(0.788294454433423,0.,0.615298182273857));
#7090=DIRECTION('center_axis',(0.,1.,0.));
#7091=DIRECTION('ref_axis',(0.,0.,1.));
#7092=DIRECTION('center_axis',(0.,1.,0.));
#7093=DIRECTION('ref_axis',(0.,0.,1.));
#7094=DIRECTION('center_axis',(0.,6.30808536718839E-16,-1.));
#7095=DIRECTION('ref_axis',(0.,1.,6.30808536718839E-16));
#7096=DIRECTION('',(0.,-1.,0.));
#7097=DIRECTION('center_axis',(-1.,0.,0.));
#7098=DIRECTION('ref_axis',(0.,0.,1.));
#7099=DIRECTION('',(-1.,0.,0.));
#7100=DIRECTION('center_axis',(1.,0.,0.));
#7101=DIRECTION('ref_axis',(0.,0.,-1.));
#7102=DIRECTION('',(0.,0.,1.));
#7103=DIRECTION('',(0.,1.,0.));
#7104=DIRECTION('',(0.,0.,-1.));
#7105=DIRECTION('center_axis',(0.,0.,1.));
#7106=DIRECTION('ref_axis',(1.,0.,0.));
#7107=DIRECTION('',(-1.,0.,0.));
#7108=DIRECTION('',(-1.,0.,0.));
#7109=DIRECTION('center_axis',(0.,-1.,0.));
#7110=DIRECTION('ref_axis',(0.,0.,-1.));
#7111=DIRECTION('',(-1.,0.,0.));
#7112=DIRECTION('center_axis',(0.,1.,2.31296463463574E-15));
#7113=DIRECTION('ref_axis',(0.,-2.31296463463574E-15,1.));
#7114=DIRECTION('',(-1.,0.,0.));
#7115=DIRECTION('center_axis',(0.,0.,-1.));
#7116=DIRECTION('ref_axis',(-1.,0.,0.));
#7117=DIRECTION('center_axis',(0.,1.,0.));
#7118=DIRECTION('ref_axis',(0.,0.,1.));
#7119=DIRECTION('',(-1.,0.,0.));
#7120=DIRECTION('',(0.,0.,1.));
#7121=DIRECTION('',(-1.,0.,0.));
#7122=DIRECTION('center_axis',(0.,0.,-1.));
#7123=DIRECTION('ref_axis',(-1.,0.,0.));
#7124=DIRECTION('',(-1.,0.,0.));
#7125=DIRECTION('center_axis',(0.,-1.,8.67361737988403E-16));
#7126=DIRECTION('ref_axis',(0.,-8.67361737988403E-16,-1.));
#7127=DIRECTION('',(-1.,0.,0.));
#7128=DIRECTION('',(0.,0.,-1.));
#7129=DIRECTION('center_axis',(-1.,0.,0.));
#7130=DIRECTION('ref_axis',(0.,0.,1.));
#7131=DIRECTION('',(-1.,0.,0.));
#7132=DIRECTION('center_axis',(0.,6.30808536718839E-16,1.));
#7133=DIRECTION('ref_axis',(0.,-1.,6.30808536718839E-16));
#7134=DIRECTION('',(0.,1.,-6.30808536718839E-16));
#7135=DIRECTION('center_axis',(0.,0.,-1.));
#7136=DIRECTION('ref_axis',(-1.,0.,0.));
#7137=DIRECTION('',(0.,-1.,0.));
#7138=DIRECTION('center_axis',(1.,0.,0.));
#7139=DIRECTION('ref_axis',(0.,0.,-1.));
#7140=DIRECTION('center_axis',(5.00201414116837E-15,7.08151309237533E-17,
1.));
#7141=DIRECTION('ref_axis',(-1.,1.22464679914735E-16,5.00201414116837E-15));
#7142=DIRECTION('',(5.00201414116837E-15,7.08151309237533E-17,1.));
#7143=DIRECTION('',(5.00201414116837E-15,7.08151309237533E-17,1.));
#7144=DIRECTION('center_axis',(1.11022302462515E-16,1.,-7.08151309237538E-17));
#7145=DIRECTION('ref_axis',(-1.,1.11022302462515E-16,0.));
#7146=DIRECTION('',(5.00201414116837E-15,7.08151309237533E-17,1.));
#7147=DIRECTION('center_axis',(-1.11022302462515E-16,-1.,7.08151309237538E-17));
#7148=DIRECTION('ref_axis',(1.,-1.11022302462515E-16,0.));
#7149=DIRECTION('',(5.00201414116837E-15,7.08151309237533E-17,1.));
#7150=DIRECTION('center_axis',(5.00201414116837E-15,7.08151309237533E-17,
1.));
#7151=DIRECTION('ref_axis',(1.,0.,-5.00201414116837E-15));
#7152=DIRECTION('center_axis',(5.00201414116837E-15,7.08151309237533E-17,
1.));
#7153=DIRECTION('ref_axis',(1.,0.,-5.00201414116837E-15));
#7154=DIRECTION('',(5.00201414116837E-15,7.08151309237533E-17,1.));
#7155=DIRECTION('',(5.00201414116837E-15,7.08151309237533E-17,1.));
#7156=DIRECTION('center_axis',(-2.22044604925031E-16,-1.,7.08151309237544E-17));
#7157=DIRECTION('ref_axis',(1.,-2.22044604925031E-16,0.));
#7158=DIRECTION('',(5.00201414116837E-15,7.08151309237533E-17,1.));
#7159=DIRECTION('center_axis',(2.22044604925031E-16,1.,-7.08151309237544E-17));
#7160=DIRECTION('ref_axis',(-1.,2.22044604925031E-16,0.));
#7161=DIRECTION('',(5.00201414116837E-15,7.08151309237533E-17,1.));
#7162=DIRECTION('center_axis',(5.00201414116837E-15,7.08151309237533E-17,
1.));
#7163=DIRECTION('ref_axis',(-1.,1.22464679914735E-16,5.00201414116837E-15));
#7164=DIRECTION('center_axis',(0.,-1.,0.));
#7165=DIRECTION('ref_axis',(0.,0.,-1.));
#7166=DIRECTION('',(0.880152311371752,0.,-0.474691382676115));
#7167=DIRECTION('center_axis',(-0.474691382676115,0.,-0.880152311371752));
#7168=DIRECTION('ref_axis',(-0.880152311371752,0.,0.474691382676115));
#7169=DIRECTION('center_axis',(0.,-1.,0.));
#7170=DIRECTION('ref_axis',(0.,0.,-1.));
#7171=DIRECTION('',(-0.496138938356839,0.,-0.868243142124456));
#7172=DIRECTION('center_axis',(-0.868243142124456,0.,0.496138938356839));
#7173=DIRECTION('ref_axis',(0.496138938356839,0.,0.868243142124456));
#7174=DIRECTION('axis',(0.,0.,1.));
#7175=DIRECTION('refdir',(1.,0.,0.));
#7176=DIRECTION('center_axis',(0.,0.,1.));
#7177=DIRECTION('ref_axis',(1.,0.,0.));
#7178=DIRECTION('',(1.,0.,0.));
#7179=DIRECTION('',(0.,1.,0.));
#7180=DIRECTION('',(1.,0.,0.));
#7181=DIRECTION('',(0.,1.,0.));
#7182=DIRECTION('',(1.,0.,0.));
#7183=DIRECTION('',(0.,1.,0.));
#7184=DIRECTION('',(-1.,0.,0.));
#7185=DIRECTION('',(0.,1.,0.));
#7186=DIRECTION('center_axis',(1.,0.,0.));
#7187=DIRECTION('ref_axis',(0.,0.,-1.));
#7188=DIRECTION('',(0.,0.,-1.));
#7189=DIRECTION('',(0.,-4.33680868994201E-16,-1.));
#7190=DIRECTION('',(0.,1.,0.));
#7191=DIRECTION('',(0.,0.,1.));
#7192=DIRECTION('',(0.,0.,-1.));
#7193=DIRECTION('',(0.,-1.,6.30808536718839E-16));
#7194=DIRECTION('center_axis',(-1.,0.,0.));
#7195=DIRECTION('ref_axis',(0.,-1.,0.));
#7196=DIRECTION('center_axis',(0.,0.,-1.));
#7197=DIRECTION('ref_axis',(-1.,0.,0.));
#7198=DIRECTION('',(-1.,0.,0.));
#7199=DIRECTION('',(0.,-1.,0.));
#7200=DIRECTION('',(-1.,0.,0.));
#7201=DIRECTION('',(0.,1.,0.));
#7202=DIRECTION('',(1.,0.,0.));
#7203=DIRECTION('',(0.,1.,0.));
#7204=DIRECTION('',(-1.,0.,0.));
#7205=DIRECTION('',(0.,1.,0.));
#7206=DIRECTION('center_axis',(1.,0.,0.));
#7207=DIRECTION('ref_axis',(0.,0.,-1.));
#7208=DIRECTION('',(0.,0.,-1.));
#7209=DIRECTION('',(0.,-1.,0.));
#7210=DIRECTION('',(0.,0.,1.));
#7211=DIRECTION('',(0.,0.,1.));
#7212=DIRECTION('',(0.,1.,0.));
#7213=DIRECTION('',(0.,0.,-1.));
#7214=DIRECTION('center_axis',(1.,0.,0.));
#7215=DIRECTION('ref_axis',(0.,-1.,0.));
#7216=DIRECTION('center_axis',(0.,1.,0.));
#7217=DIRECTION('ref_axis',(0.,0.,1.));
#7218=DIRECTION('',(1.,0.,0.));
#7219=DIRECTION('',(0.,0.,1.));
#7220=DIRECTION('',(-1.,0.,1.10141173077892E-15));
#7221=DIRECTION('',(0.,0.,-1.));
#7222=DIRECTION('',(1.,0.,0.));
#7223=DIRECTION('',(0.,0.,1.));
#7224=DIRECTION('',(-1.,0.,0.));
#7225=DIRECTION('',(0.,0.,1.));
#7226=DIRECTION('center_axis',(0.,-1.,0.));
#7227=DIRECTION('ref_axis',(0.,0.,-1.));
#7228=DIRECTION('',(0.,0.,1.));
#7229=DIRECTION('',(1.,0.,0.));
#7230=DIRECTION('',(0.,0.,1.));
#7231=DIRECTION('',(-1.,0.,0.));
#7232=DIRECTION('',(0.,0.,1.));
#7233=DIRECTION('',(-1.,0.,0.));
#7234=DIRECTION('',(0.,0.,1.));
#7235=DIRECTION('',(1.,0.,-1.10141173077892E-15));
#7236=DIRECTION('center_axis',(0.,0.,-1.));
#7237=DIRECTION('ref_axis',(-1.,0.,0.));
#7238=DIRECTION('',(0.,1.,0.));
#7239=DIRECTION('',(0.,1.,0.));
#7240=DIRECTION('',(-1.,0.,0.));
#7241=DIRECTION('center_axis',(0.,0.,-1.));
#7242=DIRECTION('ref_axis',(-1.,0.,0.));
#7243=DIRECTION('',(0.,1.,0.));
#7244=DIRECTION('',(-1.,0.,0.));
#7245=DIRECTION('',(0.,1.,0.));
#7246=DIRECTION('center_axis',(-1.,0.,0.));
#7247=DIRECTION('ref_axis',(0.,0.,1.));
#7248=DIRECTION('',(0.,1.,0.));
#7249=DIRECTION('',(0.,0.,1.));
#7250=DIRECTION('center_axis',(-1.,0.,0.));
#7251=DIRECTION('ref_axis',(0.,0.,1.));
#7252=DIRECTION('',(0.,0.,1.));
#7253=DIRECTION('',(0.,1.,0.));
#7254=DIRECTION('center_axis',(1.10141173077892E-15,0.,1.));
#7255=DIRECTION('ref_axis',(1.,0.,-1.10141173077892E-15));
#7256=DIRECTION('',(0.,1.,0.));
#7257=DIRECTION('',(1.,0.,-1.10141173077892E-15));
#7258=DIRECTION('center_axis',(1.10141173077892E-15,0.,1.));
#7259=DIRECTION('ref_axis',(1.,0.,-1.10141173077892E-15));
#7260=DIRECTION('',(1.,0.,-1.10141173077892E-15));
#7261=DIRECTION('',(0.,1.,0.));
#7262=DIRECTION('center_axis',(-1.,0.,0.));
#7263=DIRECTION('ref_axis',(0.,0.,1.));
#7264=DIRECTION('',(0.,1.,0.));
#7265=DIRECTION('',(0.,0.,1.));
#7266=DIRECTION('',(0.,1.,0.));
#7267=DIRECTION('',(0.,0.,1.));
#7268=DIRECTION('center_axis',(-1.,0.,0.));
#7269=DIRECTION('ref_axis',(0.,0.,1.));
#7270=DIRECTION('center_axis',(-1.,0.,0.));
#7271=DIRECTION('ref_axis',(0.,0.,1.));
#7272=DIRECTION('',(0.,0.,1.));
#7273=DIRECTION('',(0.,-1.,6.30808536718839E-16));
#7274=DIRECTION('',(0.,0.,1.));
#7275=DIRECTION('',(0.,1.,0.));
#7276=DIRECTION('center_axis',(-1.,0.,0.));
#7277=DIRECTION('ref_axis',(0.,-1.,0.));
#7278=DIRECTION('center_axis',(1.,0.,0.));
#7279=DIRECTION('ref_axis',(0.,0.,-1.));
#7280=DIRECTION('',(0.,1.,0.));
#7281=DIRECTION('',(0.,0.,-1.));
#7282=DIRECTION('',(0.,1.,0.));
#7283=DIRECTION('',(0.,0.,-1.));
#7284=DIRECTION('center_axis',(0.,1.,0.));
#7285=DIRECTION('ref_axis',(0.,0.,1.));
#7286=DIRECTION('',(-0.540757591313499,0.,-0.841178475376554));
#7287=DIRECTION('',(-0.540757591313504,0.,0.84117847537655));
#7288=DIRECTION('',(-1.,0.,0.));
#7289=DIRECTION('',(1.,0.,0.));
#7290=DIRECTION('center_axis',(0.,1.,0.));
#7291=DIRECTION('ref_axis',(0.,0.,1.));
#7292=DIRECTION('',(-1.,0.,0.));
#7293=DIRECTION('',(1.,0.,0.));
#7294=DIRECTION('center_axis',(1.,0.,0.));
#7295=DIRECTION('ref_axis',(0.,0.,-1.));
#7296=DIRECTION('center_axis',(0.,0.,1.));
#7297=DIRECTION('ref_axis',(1.,0.,0.));
#7298=DIRECTION('',(0.,-1.,0.));
#7299=DIRECTION('center_axis',(-1.,0.,0.));
#7300=DIRECTION('ref_axis',(0.,0.,1.));
#7301=DIRECTION('',(-1.,0.,0.));
#7302=DIRECTION('center_axis',(0.,0.,1.));
#7303=DIRECTION('ref_axis',(1.,0.,0.));
#7304=DIRECTION('center_axis',(0.,0.,1.));
#7305=DIRECTION('ref_axis',(1.,0.,0.));
#7306=DIRECTION('center_axis',(0.,-6.30808536718839E-16,-1.));
#7307=DIRECTION('ref_axis',(0.,1.,-6.30808536718839E-16));
#7308=DIRECTION('',(0.,-1.,0.));
#7309=DIRECTION('center_axis',(-1.,0.,0.));
#7310=DIRECTION('ref_axis',(0.,0.,1.));
#7311=DIRECTION('',(-1.,0.,0.));
#7312=DIRECTION('center_axis',(0.,-1.,0.));
#7313=DIRECTION('ref_axis',(0.,0.,-1.));
#7314=DIRECTION('',(-0.540757591313499,0.,-0.841178475376554));
#7315=DIRECTION('center_axis',(-0.841178475376554,0.,0.540757591313499));
#7316=DIRECTION('ref_axis',(0.540757591313499,0.,0.841178475376554));
#7317=DIRECTION('center_axis',(0.,-1.,0.));
#7318=DIRECTION('ref_axis',(0.,0.,-1.));
#7319=DIRECTION('',(-0.540757591313504,0.,0.84117847537655));
#7320=DIRECTION('center_axis',(0.84117847537655,0.,0.540757591313504));
#7321=DIRECTION('ref_axis',(0.540757591313504,0.,-0.84117847537655));
#7322=DIRECTION('',(0.,0.,1.));
#7323=DIRECTION('',(1.,0.,0.));
#7324=DIRECTION('',(-3.14824825771606E-17,1.77147363721729E-30,1.));
#7325=DIRECTION('',(-1.,5.37575945895475E-17,-3.14824825771606E-17));
#7326=DIRECTION('',(-8.31852052285261E-15,6.30808536718805E-16,1.));
#7327=DIRECTION('',(1.,-3.885780586188E-16,8.31852052285261E-15));
#7328=DIRECTION('',(-6.90036920676241E-15,-2.74007703337981E-29,1.));
#7329=DIRECTION('',(1.,3.05311331771917E-15,6.90036920676241E-15));
#7330=CARTESIAN_POINT('',(0.,0.,0.));
#7331=CARTESIAN_POINT('',(0.,0.,0.));
#7332=CARTESIAN_POINT('Origin',(119.118154002595,-27.977893408033,0.));
#7333=CARTESIAN_POINT('',(113.618154002595,-27.977893408033,0.));
#7334=CARTESIAN_POINT('Origin',(119.118154002595,-27.977893408033,0.));
#7335=CARTESIAN_POINT('',(113.618154002595,-27.977893408033,-10.));
#7336=CARTESIAN_POINT('',(113.618154002595,-27.977893408033,0.));
#7337=CARTESIAN_POINT('Origin',(119.118154002595,-27.977893408033,-10.));
#7338=CARTESIAN_POINT('Origin',(15.1674711386235,-1.69393272558239,0.));
#7339=CARTESIAN_POINT('',(15.6093136214953,-1.69393272558237,0.));
#7340=CARTESIAN_POINT('',(15.1674711386235,-1.69393272558239,0.));
#7341=CARTESIAN_POINT('',(15.6093136214953,-1.69393272558237,0.));
#7342=CARTESIAN_POINT('',(15.6093136214953,-1.69393272558237,-10.));
#7343=CARTESIAN_POINT('',(15.6093136214953,-1.69393272558237,-10.));
#7344=CARTESIAN_POINT('',(15.1674711386235,-1.69393272558239,-10.));
#7345=CARTESIAN_POINT('',(15.6093136214953,-1.69393272558237,-10.));
#7346=CARTESIAN_POINT('',(15.1674711386235,-1.69393272558239,0.));
#7347=CARTESIAN_POINT('Origin',(15.1674711386235,-21.0938275491131,0.));
#7348=CARTESIAN_POINT('',(15.1674711386235,-21.0938275491131,3.12250225675825E-14));
#7349=CARTESIAN_POINT('',(15.1674711386235,-1.6939327255824,0.));
#7350=CARTESIAN_POINT('',(15.1674711386235,-21.0938275491131,-9.99999999999997));
#7351=CARTESIAN_POINT('',(15.1674711386235,-1.6939327255824,-10.));
#7352=CARTESIAN_POINT('',(15.1674711386235,-21.0938275491131,-50.2220113035494));
#7353=CARTESIAN_POINT('Origin',(14.4233436620486,-53.7660927577914,0.));
#7354=CARTESIAN_POINT('',(14.4233436620486,-35.0938275491134,0.));
#7355=CARTESIAN_POINT('',(14.4233436620486,-53.7660927577914,0.));
#7356=CARTESIAN_POINT('',(14.4233436620486,-35.0938275491134,0.));
#7357=CARTESIAN_POINT('',(14.4233436620486,-35.0938275491134,-10.));
#7358=CARTESIAN_POINT('',(14.4233436620486,-35.0938275491134,0.));
#7359=CARTESIAN_POINT('',(14.4233436620486,-53.7660927577914,-10.));
#7360=CARTESIAN_POINT('',(14.4233436620486,-35.0938275491134,-10.));
#7361=CARTESIAN_POINT('',(14.4233436620486,-53.7660927577914,-10.));
#7362=CARTESIAN_POINT('Origin',(125.655154002594,-25.,0.));
#7363=CARTESIAN_POINT('',(24.6551540025943,6.93889390390723E-15,0.));
#7364=CARTESIAN_POINT('Origin',(24.6551540025943,-25.,0.));
#7365=CARTESIAN_POINT('',(19.9803994492923,-21.0938275491131,3.12250225675825E-14));
#7366=CARTESIAN_POINT('',(132.655154002594,-21.0938275491135,3.12250225675825E-14));
#7367=CARTESIAN_POINT('',(19.9803994492923,-35.0938275491134,0.));
#7368=CARTESIAN_POINT('',(19.9803994492925,-25.,0.));
#7369=CARTESIAN_POINT('',(132.655154002594,-35.0938275491136,0.));
#7370=CARTESIAN_POINT('',(24.6551540025943,-55.9557868160663,0.));
#7371=CARTESIAN_POINT('Origin',(24.6551540025943,-30.9557868160663,0.));
#7372=CARTESIAN_POINT('',(117.655154002595,-55.9557868160668,-7.80625564189563E-15));
#7373=CARTESIAN_POINT('',(125.655154002594,-55.9557868160663,0.));
#7374=CARTESIAN_POINT('',(142.655154002595,-30.9557868160668,-7.80625564189563E-15));
#7375=CARTESIAN_POINT('Origin',(117.655154002595,-30.9557868160668,-7.80625564189563E-15));
#7376=CARTESIAN_POINT('',(142.655154002595,-24.9999999999999,-7.80625564189563E-15));
#7377=CARTESIAN_POINT('',(142.655154002595,-25.0000000000006,-7.80625564189563E-15));
#7378=CARTESIAN_POINT('',(117.655154002594,2.08166817117217E-14,0.));
#7379=CARTESIAN_POINT('Origin',(117.655154002594,-25.,0.));
#7380=CARTESIAN_POINT('',(24.6551540025943,6.93889390390723E-15,0.));
#7381=CARTESIAN_POINT('',(37.1733436620486,-49.5744890237354,0.));
#7382=CARTESIAN_POINT('Origin',(39.4233436620486,-49.5744890237354,0.));
#7383=CARTESIAN_POINT('',(136.080154002594,-27.9778934080331,0.));
#7384=CARTESIAN_POINT('Origin',(138.330154002594,-27.9778934080331,0.));
#7385=CARTESIAN_POINT('',(98.5801540025944,-27.9778934080331,0.));
#7386=CARTESIAN_POINT('Origin',(100.830154002594,-27.9778934080331,0.));
#7387=CARTESIAN_POINT('',(117.330154002594,-46.7278934080331,0.));
#7388=CARTESIAN_POINT('Origin',(119.580154002594,-46.7278934080331,0.));
#7389=CARTESIAN_POINT('',(117.330154002594,-9.22789340803312,0.));
#7390=CARTESIAN_POINT('Origin',(119.580154002594,-9.22789340803312,0.));
#7391=CARTESIAN_POINT('Origin',(125.655154002594,-25.,-10.));
#7392=CARTESIAN_POINT('',(24.6551540025943,6.93889390390723E-15,-10.));
#7393=CARTESIAN_POINT('Origin',(24.6551540025943,-25.,-10.));
#7394=CARTESIAN_POINT('',(117.655154002594,2.08166817117217E-14,-10.));
#7395=CARTESIAN_POINT('',(24.6551540025943,6.93889390390723E-15,-10.));
#7396=CARTESIAN_POINT('',(142.655154002595,-24.9999999999999,-10.));
#7397=CARTESIAN_POINT('Origin',(117.655154002594,-25.,-10.));
#7398=CARTESIAN_POINT('',(142.655154002595,-30.9557868160668,-10.));
#7399=CARTESIAN_POINT('',(142.655154002595,-25.0000000000006,-10.));
#7400=CARTESIAN_POINT('',(117.655154002595,-55.9557868160668,-10.));
#7401=CARTESIAN_POINT('Origin',(117.655154002595,-30.9557868160668,-10.));
#7402=CARTESIAN_POINT('',(24.6551540025943,-55.9557868160663,-10.));
#7403=CARTESIAN_POINT('',(125.655154002594,-55.9557868160663,-10.));
#7404=CARTESIAN_POINT('Origin',(24.6551540025943,-30.9557868160663,-10.));
#7405=CARTESIAN_POINT('',(19.9803994492923,-35.0938275491134,-10.));
#7406=CARTESIAN_POINT('',(132.655154002594,-35.0938275491136,-10.));
#7407=CARTESIAN_POINT('',(19.9803994492923,-21.0938275491131,-9.99999999999997));
#7408=CARTESIAN_POINT('',(19.9803994492925,-25.,-10.));
#7409=CARTESIAN_POINT('',(132.655154002594,-21.0938275491135,-9.99999999999997));
#7410=CARTESIAN_POINT('',(117.330154002594,-9.22789340803312,-10.));
#7411=CARTESIAN_POINT('Origin',(119.580154002594,-9.22789340803312,-10.));
#7412=CARTESIAN_POINT('',(117.330154002594,-46.7278934080331,-10.));
#7413=CARTESIAN_POINT('Origin',(119.580154002594,-46.7278934080331,-10.));
#7414=CARTESIAN_POINT('',(98.5801540025944,-27.9778934080331,-10.));
#7415=CARTESIAN_POINT('Origin',(100.830154002594,-27.9778934080331,-10.));
#7416=CARTESIAN_POINT('',(136.080154002594,-27.9778934080331,-10.));
#7417=CARTESIAN_POINT('Origin',(138.330154002594,-27.9778934080331,-10.));
#7418=CARTESIAN_POINT('',(37.1733436620486,-49.5744890237354,-10.));
#7419=CARTESIAN_POINT('Origin',(39.4233436620486,-49.5744890237354,-10.));
#7420=CARTESIAN_POINT('Origin',(24.6551540025943,-25.,-7.49999999999999));
#7421=CARTESIAN_POINT('',(24.6551540025943,6.93889390390723E-15,-7.49999999999999));
#7422=CARTESIAN_POINT('Origin',(25.3282894658828,-21.0938275491131,19.6901656351575));
#7423=CARTESIAN_POINT('',(19.9803994492918,-21.0938275491131,19.6901656351575));
#7424=CARTESIAN_POINT('Origin',(24.6551540025943,-30.9557868160663,-7.49999999999999));
#7425=CARTESIAN_POINT('',(24.6551540025943,-55.9557868160663,-7.49999999999999));
#7426=CARTESIAN_POINT('Origin',(8.0822719143934,-35.0938275491133,19.6901656351575));
#7427=CARTESIAN_POINT('',(19.9803994492918,-35.0938275491134,19.6901656351575));
#7428=CARTESIAN_POINT('Origin',(117.655154002594,-25.,-7.49999999999999));
#7429=CARTESIAN_POINT('',(142.655154002594,-25.,-7.49999999999999));
#7430=CARTESIAN_POINT('',(117.655154002594,2.08166817117217E-14,-7.49999999999999));
#7431=CARTESIAN_POINT('Origin',(24.6551540025943,6.93889390390723E-15,-7.49999999999999));
#7432=CARTESIAN_POINT('Origin',(142.655154002595,-25.0000000000006,-7.5));
#7433=CARTESIAN_POINT('',(142.655154002595,-30.9557868160668,-7.5));
#7434=CARTESIAN_POINT('Origin',(117.655154002595,-30.9557868160668,-7.5));
#7435=CARTESIAN_POINT('',(117.655154002595,-55.9557868160668,-7.5));
#7436=CARTESIAN_POINT('Origin',(125.655154002594,-55.9557868160663,-7.49999999999999));
#7437=CARTESIAN_POINT('Origin',(119.580154002594,-9.22789340803312,-7.49999999999999));
#7438=CARTESIAN_POINT('',(117.330154002594,-9.22789340803312,-7.49999999999999));
#7439=CARTESIAN_POINT('Origin',(119.580154002594,-46.7278934080331,-7.49999999999999));
#7440=CARTESIAN_POINT('',(117.330154002594,-46.7278934080331,-7.49999999999999));
#7441=CARTESIAN_POINT('Origin',(100.830154002594,-27.9778934080331,-7.49999999999999));
#7442=CARTESIAN_POINT('',(98.580154002594,-27.9778934080331,-7.49999999999999));
#7443=CARTESIAN_POINT('Origin',(138.330154002594,-27.9778934080331,-7.49999999999999));
#7444=CARTESIAN_POINT('',(136.080154002594,-27.9778934080331,-7.49999999999999));
#7445=CARTESIAN_POINT('Origin',(19.9803994492925,-33.0938275491154,19.6901656351575));
#7446=CARTESIAN_POINT('Origin',(39.4233436620486,-49.5744890237354,-86.0947766620496));
#7447=CARTESIAN_POINT('',(37.1733436620486,-49.5744890237354,-86.0947766620496));
#7448=CARTESIAN_POINT('',(0.,0.,0.));
#7449=CARTESIAN_POINT('',(0.,0.,0.));
#7450=CARTESIAN_POINT('Origin',(3.23899164675804,1.6,-4.4827302631579));
#7451=CARTESIAN_POINT('',(3.09601308677438,1.6,-2.75));
#7452=CARTESIAN_POINT('',(3.09601308677438,0.,-2.75));
#7453=CARTESIAN_POINT('',(3.09601308677438,1.6,-2.75));
#7454=CARTESIAN_POINT('',(1.99322562877418,1.6,10.6144736842105));
#7455=CARTESIAN_POINT('',(3.23899164675804,1.6,-4.4827302631579));
#7456=CARTESIAN_POINT('',(1.99322562877418,0.,10.6144736842105));
#7457=CARTESIAN_POINT('',(1.99322562877418,1.6,10.6144736842105));
#7458=CARTESIAN_POINT('',(3.23899164675804,0.,-4.4827302631579));
#7459=CARTESIAN_POINT('Origin',(3.15137176365452,1.6,-5.54457913843809));
#7460=CARTESIAN_POINT('',(3.05190484567833,1.6,-6.75));
#7461=CARTESIAN_POINT('',(3.05190484567833,0.,-6.75));
#7462=CARTESIAN_POINT('',(3.05190484567833,1.6,-6.75));
#7463=CARTESIAN_POINT('',(1.99322562877418,0.,-19.5799342105263));
#7464=CARTESIAN_POINT('',(3.15137176365452,0.,-5.54457913843809));
#7465=CARTESIAN_POINT('',(1.99322562877418,1.6,-19.5799342105263));
#7466=CARTESIAN_POINT('',(1.99322562877418,1.6,-19.5799342105263));
#7467=CARTESIAN_POINT('',(3.23899164675804,1.6,-4.4827302631579));
#7468=CARTESIAN_POINT('Origin',(2.4492935982947E-16,1.6,-19.4154605263158));
#7469=CARTESIAN_POINT('',(-1.99322562877418,0.,-19.5799342105263));
#7470=CARTESIAN_POINT('Origin',(2.4492935982947E-16,0.,-19.4154605263158));
#7471=CARTESIAN_POINT('',(-1.99322562877418,1.6,-19.5799342105263));
#7472=CARTESIAN_POINT('',(-1.99322562877418,1.6,-19.5799342105263));
#7473=CARTESIAN_POINT('Origin',(2.4492935982947E-16,1.6,-19.4154605263158));
#7474=CARTESIAN_POINT('Origin',(-3.23899164675804,1.6,-4.4827302631579));
#7475=CARTESIAN_POINT('',(-3.05190484567833,0.,-6.75));
#7476=CARTESIAN_POINT('',(-3.23899164675804,0.,-4.4827302631579));
#7477=CARTESIAN_POINT('',(-3.05190484567833,1.6,-6.75));
#7478=CARTESIAN_POINT('',(-3.05190484567833,1.6,-6.75));
#7479=CARTESIAN_POINT('',(-3.15137176365452,1.6,-5.54457913843809));
#7480=CARTESIAN_POINT('Origin',(-3.23899164675804,1.6,-4.4827302631579));
#7481=CARTESIAN_POINT('',(-3.09601308677438,1.6,-2.75));
#7482=CARTESIAN_POINT('',(-1.99322562877418,1.6,10.6144736842105));
#7483=CARTESIAN_POINT('',(-3.23899164675804,1.6,-4.4827302631579));
#7484=CARTESIAN_POINT('',(-3.09601308677438,0.,-2.75));
#7485=CARTESIAN_POINT('',(-3.09601308677438,1.6,-2.75));
#7486=CARTESIAN_POINT('',(-1.99322562877418,0.,10.6144736842105));
#7487=CARTESIAN_POINT('',(-3.23899164675804,0.,-4.4827302631579));
#7488=CARTESIAN_POINT('',(-1.99322562877418,1.6,10.6144736842105));
#7489=CARTESIAN_POINT('Origin',(0.,1.6,-4.75));
#7490=CARTESIAN_POINT('',(-2.57175827820944E-16,1.6,-2.65));
#7491=CARTESIAN_POINT('Origin',(0.,1.6,-4.75));
#7492=CARTESIAN_POINT('',(-2.57175827820944E-16,0.,-2.65));
#7493=CARTESIAN_POINT('',(-2.57175827820944E-16,1.6,-2.65));
#7494=CARTESIAN_POINT('Origin',(0.,0.,-4.75));
#7495=CARTESIAN_POINT('Origin',(2.4492935982947E-16,1.6,10.45));
#7496=CARTESIAN_POINT('Origin',(2.4492935982947E-16,0.,10.45));
#7497=CARTESIAN_POINT('Origin',(2.4492935982947E-16,1.6,10.45));
#7498=CARTESIAN_POINT('Origin',(2.4492935982947E-16,1.6,-19.4154605263158));
#7499=CARTESIAN_POINT('',(8.3,1.6,-4.25));
#7500=CARTESIAN_POINT('',(8.3,1.6,-5.25));
#7501=CARTESIAN_POINT('',(8.3,1.6,-2.75));
#7502=CARTESIAN_POINT('',(6.8,1.6,-6.75));
#7503=CARTESIAN_POINT('Origin',(6.8,1.6,-5.25));
#7504=CARTESIAN_POINT('',(3.05190484567833,1.6,-6.75));
#7505=CARTESIAN_POINT('',(-6.8,1.6,-6.75));
#7506=CARTESIAN_POINT('',(-8.3,1.6,-6.75));
#7507=CARTESIAN_POINT('',(-8.3,1.6,-5.25));
#7508=CARTESIAN_POINT('Origin',(-6.8,1.6,-5.25));
#7509=CARTESIAN_POINT('',(-8.3,1.6,-4.25));
#7510=CARTESIAN_POINT('',(-8.3,1.6,-2.75));
#7511=CARTESIAN_POINT('',(-6.8,1.6,-2.75));
#7512=CARTESIAN_POINT('Origin',(-6.8,1.6,-4.25));
#7513=CARTESIAN_POINT('',(-8.3,1.6,-2.75));
#7514=CARTESIAN_POINT('',(6.8,1.6,-2.75));
#7515=CARTESIAN_POINT('',(3.09601308677438,1.6,-2.75));
#7516=CARTESIAN_POINT('Origin',(6.8,1.6,-4.25));
#7517=CARTESIAN_POINT('Origin',(2.4492935982947E-16,0.,-19.4154605263158));
#7518=CARTESIAN_POINT('',(6.8,0.,-6.75));
#7519=CARTESIAN_POINT('',(3.05190484567833,0.,-6.75));
#7520=CARTESIAN_POINT('',(8.3,0.,-5.25));
#7521=CARTESIAN_POINT('Origin',(6.8,0.,-5.25));
#7522=CARTESIAN_POINT('',(8.3,0.,-4.25));
#7523=CARTESIAN_POINT('',(8.3,0.,-2.75));
#7524=CARTESIAN_POINT('',(6.8,0.,-2.75));
#7525=CARTESIAN_POINT('Origin',(6.8,0.,-4.25));
#7526=CARTESIAN_POINT('',(3.09601308677438,0.,-2.75));
#7527=CARTESIAN_POINT('',(-6.8,0.,-2.75));
#7528=CARTESIAN_POINT('',(-8.3,0.,-2.75));
#7529=CARTESIAN_POINT('',(-8.3,0.,-4.25));
#7530=CARTESIAN_POINT('Origin',(-6.8,0.,-4.25));
#7531=CARTESIAN_POINT('',(-8.3,0.,-5.25));
#7532=CARTESIAN_POINT('',(-8.3,0.,-2.75));
#7533=CARTESIAN_POINT('',(-6.8,0.,-6.75));
#7534=CARTESIAN_POINT('Origin',(-6.8,0.,-5.25));
#7535=CARTESIAN_POINT('',(-8.3,0.,-6.75));
#7536=CARTESIAN_POINT('Origin',(3.09601308677438,1.6,-2.75));
#7537=CARTESIAN_POINT('',(6.8,1.6,-2.75));
#7538=CARTESIAN_POINT('Origin',(8.3,1.6,-2.75));
#7539=CARTESIAN_POINT('',(8.3,1.6,-5.25));
#7540=CARTESIAN_POINT('',(8.3,1.6,-4.25));
#7541=CARTESIAN_POINT('Origin',(3.05190484567833,1.6,-6.75));
#7542=CARTESIAN_POINT('',(6.8,1.6,-6.75));
#7543=CARTESIAN_POINT('Origin',(-8.3,1.6,-6.75));
#7544=CARTESIAN_POINT('',(-6.8,1.6,-6.75));
#7545=CARTESIAN_POINT('Origin',(-8.3,1.6,-2.75));
#7546=CARTESIAN_POINT('',(-6.8,1.6,-2.75));
#7547=CARTESIAN_POINT('Origin',(-8.3,1.6,-2.75));
#7548=CARTESIAN_POINT('',(-8.3,1.6,-4.25));
#7549=CARTESIAN_POINT('',(-8.3,1.6,-5.25));
#7550=CARTESIAN_POINT('Origin',(6.8,1.6,-4.25));
#7551=CARTESIAN_POINT('Origin',(-6.8,1.6,-5.25));
#7552=CARTESIAN_POINT('Origin',(-6.8,1.6,-4.25));
#7553=CARTESIAN_POINT('Origin',(6.8,1.6,-5.25));
#7554=CARTESIAN_POINT('',(0.,0.,0.));
#7555=CARTESIAN_POINT('Origin',(10.,-5.3,-95.2));
#7556=CARTESIAN_POINT('',(3.25,-5.3,-95.2));
#7557=CARTESIAN_POINT('Origin',(10.,-5.3,-95.2));
#7558=CARTESIAN_POINT('',(7.,-7.65657927050046,-95.2));
#7559=CARTESIAN_POINT('',(7.,-2.94342072949954,-95.2));
#7560=CARTESIAN_POINT('',(7.,-5.3,-95.2));
#7561=CARTESIAN_POINT('',(13.,-7.65657927050046,-95.2));
#7562=CARTESIAN_POINT('',(7.,-7.65657927050046,-95.2));
#7563=CARTESIAN_POINT('',(13.,-2.94342072949954,-95.2));
#7564=CARTESIAN_POINT('',(13.,-5.3,-95.2));
#7565=CARTESIAN_POINT('',(7.,-2.94342072949954,-95.2));
#7566=CARTESIAN_POINT('Origin',(14.8,-5.77,-48.5));
#7567=CARTESIAN_POINT('',(14.8,0.,-48.5));
#7568=CARTESIAN_POINT('',(14.8,0.,-7.5));
#7569=CARTESIAN_POINT('',(14.8,0.,-48.5));
#7570=CARTESIAN_POINT('',(14.8,-5.77,-7.5));
#7571=CARTESIAN_POINT('',(14.8,-5.77,-7.5));
#7572=CARTESIAN_POINT('',(14.8,-5.77,-43.5));
#7573=CARTESIAN_POINT('',(14.8,-5.77,-48.5));
#7574=CARTESIAN_POINT('',(14.8,-14.3,-43.5));
#7575=CARTESIAN_POINT('',(14.8,-14.3,-43.5));
#7576=CARTESIAN_POINT('',(14.8,-14.3,-48.5));
#7577=CARTESIAN_POINT('',(14.8,-14.3,-48.5));
#7578=CARTESIAN_POINT('',(14.8,-5.77,-48.5));
#7579=CARTESIAN_POINT('',(14.8,-1.5,-9.1));
#7580=CARTESIAN_POINT('',(14.8,-1.5,-46.9));
#7581=CARTESIAN_POINT('',(14.8,-1.5,-46.9));
#7582=CARTESIAN_POINT('',(14.8,-2.8,-46.9));
#7583=CARTESIAN_POINT('',(14.8,-1.5,-46.9));
#7584=CARTESIAN_POINT('',(14.8,-2.8,-9.1));
#7585=CARTESIAN_POINT('',(14.8,-2.8,-46.9));
#7586=CARTESIAN_POINT('',(14.8,-2.8,-9.1));
#7587=CARTESIAN_POINT('Origin',(5.2,-5.77,-48.5));
#7588=CARTESIAN_POINT('',(5.2,-14.3,-48.5));
#7589=CARTESIAN_POINT('',(0.,-14.3,-48.5));
#7590=CARTESIAN_POINT('',(5.2,0.,-48.5));
#7591=CARTESIAN_POINT('',(5.2,-5.77,-48.5));
#7592=CARTESIAN_POINT('',(5.2,0.,-48.5));
#7593=CARTESIAN_POINT('',(6.65,-5.3,-48.5));
#7594=CARTESIAN_POINT('Origin',(10.,-5.3,-48.5));
#7595=CARTESIAN_POINT('Origin',(0.,-14.3,-48.5));
#7596=CARTESIAN_POINT('',(5.2,-14.3,-43.5));
#7597=CARTESIAN_POINT('',(5.2,-14.3,-48.5));
#7598=CARTESIAN_POINT('',(0.,-14.3,-43.5));
#7599=CARTESIAN_POINT('Origin',(0.,-14.3,-43.5));
#7600=CARTESIAN_POINT('',(5.2,-5.77,-43.5));
#7601=CARTESIAN_POINT('',(5.2,-14.3,-43.5));
#7602=CARTESIAN_POINT('',(0.,-5.77,-43.5));
#7603=CARTESIAN_POINT('Origin',(0.,-5.77,0.));
#7604=CARTESIAN_POINT('',(5.2,-5.77,-7.5));
#7605=CARTESIAN_POINT('',(5.2,-5.77,-11.5));
#7606=CARTESIAN_POINT('',(14.8,-5.77,-7.5));
#7607=CARTESIAN_POINT('Origin',(14.8,-5.77,-7.5));
#7608=CARTESIAN_POINT('',(5.2,0.,-7.5));
#7609=CARTESIAN_POINT('',(14.8,0.,-7.5));
#7610=CARTESIAN_POINT('',(5.2,-5.77,-7.5));
#7611=CARTESIAN_POINT('Origin',(5.2,-5.77,-11.5));
#7612=CARTESIAN_POINT('',(5.2,0.,-11.5));
#7613=CARTESIAN_POINT('',(5.2,-2.8,-46.9));
#7614=CARTESIAN_POINT('',(5.2,-2.8,-9.1));
#7615=CARTESIAN_POINT('',(5.2,-2.8,-46.9));
#7616=CARTESIAN_POINT('',(5.2,-1.5,-46.9));
#7617=CARTESIAN_POINT('',(5.2,-1.5,-46.9));
#7618=CARTESIAN_POINT('',(5.2,-1.5,-9.1));
#7619=CARTESIAN_POINT('',(5.2,-1.5,-9.1));
#7620=CARTESIAN_POINT('',(5.2,-2.8,-9.1));
#7621=CARTESIAN_POINT('Origin',(0.,0.,0.));
#7622=CARTESIAN_POINT('Origin',(12.4,-1.5,-46.9));
#7623=CARTESIAN_POINT('',(12.4,-1.5,-9.1));
#7624=CARTESIAN_POINT('',(12.4,-1.5,-9.1));
#7625=CARTESIAN_POINT('',(12.4,-1.5,-46.9));
#7626=CARTESIAN_POINT('',(12.4,-1.5,-46.9));
#7627=CARTESIAN_POINT('',(12.4,-1.5,-46.9));
#7628=CARTESIAN_POINT('Origin',(12.4,-1.5,-46.9));
#7629=CARTESIAN_POINT('',(12.4,-2.8,-46.9));
#7630=CARTESIAN_POINT('',(12.4,-1.5,-46.9));
#7631=CARTESIAN_POINT('',(12.4,-2.8,-46.9));
#7632=CARTESIAN_POINT('Origin',(12.4,-2.8,-46.9));
#7633=CARTESIAN_POINT('',(12.4,-2.8,-9.1));
#7634=CARTESIAN_POINT('',(12.4,-2.8,-46.9));
#7635=CARTESIAN_POINT('',(12.4,-2.8,-9.1));
#7636=CARTESIAN_POINT('Origin',(12.4,-2.8,-9.1));
#7637=CARTESIAN_POINT('',(12.4,-2.8,-9.1));
#7638=CARTESIAN_POINT('Origin',(12.4,0.,0.));
#7639=CARTESIAN_POINT('Origin',(7.6,-1.5,-46.9));
#7640=CARTESIAN_POINT('',(7.6,-2.8,-46.9));
#7641=CARTESIAN_POINT('',(7.6,-2.8,-46.9));
#7642=CARTESIAN_POINT('',(7.6,-1.5,-46.9));
#7643=CARTESIAN_POINT('',(7.6,-1.5,-46.9));
#7644=CARTESIAN_POINT('',(7.6,-1.5,-46.9));
#7645=CARTESIAN_POINT('Origin',(7.6,-2.8,-46.9));
#7646=CARTESIAN_POINT('',(7.6,-2.8,-9.1));
#7647=CARTESIAN_POINT('',(7.6,-2.8,-9.1));
#7648=CARTESIAN_POINT('',(7.6,-2.8,-46.9));
#7649=CARTESIAN_POINT('Origin',(7.6,-2.8,-9.1));
#7650=CARTESIAN_POINT('',(7.6,-1.5,-9.1));
#7651=CARTESIAN_POINT('',(7.6,-1.5,-9.1));
#7652=CARTESIAN_POINT('',(7.6,-2.8,-9.1));
#7653=CARTESIAN_POINT('Origin',(7.6,-1.5,-9.1));
#7654=CARTESIAN_POINT('',(7.6,-1.5,-9.1));
#7655=CARTESIAN_POINT('Origin',(7.6,0.,-1.78160789424645E-16));
#7656=CARTESIAN_POINT('Origin',(10.,-5.3,-91.));
#7657=CARTESIAN_POINT('',(6.65,-5.3,-91.));
#7658=CARTESIAN_POINT('',(6.65,-5.3,-91.));
#7659=CARTESIAN_POINT('Origin',(10.,-5.3,-91.));
#7660=CARTESIAN_POINT('Origin',(10.,-5.3,-95.2));
#7661=CARTESIAN_POINT('',(3.25,-5.3,-91.));
#7662=CARTESIAN_POINT('Origin',(10.,-5.3,-91.));
#7663=CARTESIAN_POINT('',(3.25,-5.3,-92.2677154166307));
#7664=CARTESIAN_POINT('',(3.25,-5.3,-95.2));
#7665=CARTESIAN_POINT('Origin',(10.,-5.3,-92.2677154166307));
#7666=CARTESIAN_POINT('Origin',(10.,-5.3,-91.));
#7667=CARTESIAN_POINT('Origin',(10.,-5.3,-93.1));
#7668=CARTESIAN_POINT('',(15.2161563271684,-5.3,-93.9322845833692));
#7669=CARTESIAN_POINT('Origin',(10.,-5.3,-93.9322845833692));
#7670=CARTESIAN_POINT('',(15.2161563271684,-5.3,-92.2677154166307));
#7671=CARTESIAN_POINT('Origin',(15.2161563271684,-5.3,-93.1));
#7672=CARTESIAN_POINT('Origin',(10.,-5.3,-92.2677154166307));
#7673=CARTESIAN_POINT('Origin',(10.,-0.0838436728316412,-93.9322845833692));
#7674=CARTESIAN_POINT('',(3.25,-5.3,-93.9322845833692));
#7675=CARTESIAN_POINT('Origin',(10.,-5.3,-93.9322845833692));
#7676=CARTESIAN_POINT('Origin',(10.,-0.0838436728316403,-92.2677154166307));
#7677=CARTESIAN_POINT('Origin',(10.,-5.3,-95.2));
#7678=CARTESIAN_POINT('',(3.25,-5.3,-95.2));
#7679=CARTESIAN_POINT('Origin',(7.,-5.3,-100.00302343757));
#7680=CARTESIAN_POINT('Origin',(7.,-5.3,-100.00302343757));
#7681=CARTESIAN_POINT('Origin',(13.,-5.3,-100.00302343757));
#7682=CARTESIAN_POINT('Origin',(7.,-5.3,-100.00302343757));
#7683=CARTESIAN_POINT('',(7.,-5.3,-97.90302343757));
#7684=CARTESIAN_POINT('Origin',(7.,-5.3,-100.00302343757));
#7685=CARTESIAN_POINT('Origin',(13.,-5.3,-100.00302343757));
#7686=CARTESIAN_POINT('',(13.,-5.3,-97.90302343757));
#7687=CARTESIAN_POINT('Origin',(13.,-5.3,-100.00302343757));
#7688=CARTESIAN_POINT('Origin',(7.,-5.3,-100.00302343757));
#7689=CARTESIAN_POINT('',(7.,-5.3,-97.90302343757));
#7690=CARTESIAN_POINT('',(0.,0.,0.));
#7691=CARTESIAN_POINT('Origin',(0.999999999999996,-67.0518940014727,-46.9));
#7692=CARTESIAN_POINT('',(0.999999999999996,-67.0518940014727,-36.9));
#7693=CARTESIAN_POINT('',(0.999999999999996,-67.0518940014727,-46.9));
#7694=CARTESIAN_POINT('',(0.999999999999996,-67.0518940014727,-46.9));
#7695=CARTESIAN_POINT('',(-3.,-67.0518940014727,-36.9));
#7696=CARTESIAN_POINT('',(0.999999999999996,-67.0518940014727,-36.9));
#7697=CARTESIAN_POINT('',(-3.,-67.0518940014727,-46.9));
#7698=CARTESIAN_POINT('',(-3.,-67.0518940014727,-46.9));
#7699=CARTESIAN_POINT('',(0.999999999999996,-67.0518940014727,-46.9));
#7700=CARTESIAN_POINT('Origin',(0.999999999999996,-64.6518940014727,-46.9));
#7701=CARTESIAN_POINT('',(-4.33680868994202E-15,-66.0518940014727,-46.9));
#7702=CARTESIAN_POINT('',(-3.,-66.0518940014727,-46.9));
#7703=CARTESIAN_POINT('',(-3.,-66.0518940014727,-46.9));
#7704=CARTESIAN_POINT('',(-4.11996825544492E-15,-63.0518940014727,-46.9));
#7705=CARTESIAN_POINT('',(-4.33680868994202E-15,-67.0518940014727,-46.9));
#7706=CARTESIAN_POINT('',(0.999999999999996,-63.0518940014727,-46.9));
#7707=CARTESIAN_POINT('',(-4.11996825544492E-15,-63.0518940014727,-46.9));
#7708=CARTESIAN_POINT('',(0.999999999999996,-64.6518940014727,-46.9));
#7709=CARTESIAN_POINT('',(-3.,-67.0518940014727,-46.9));
#7710=CARTESIAN_POINT('Origin',(-4.11996825544492E-15,-63.0518940014727,
-46.9));
#7711=CARTESIAN_POINT('',(0.999999999999996,-63.0518940014727,-56.9));
#7712=CARTESIAN_POINT('',(0.999999999999996,-63.0518940014727,-46.9));
#7713=CARTESIAN_POINT('',(-4.11996825544492E-15,-63.0518940014727,-56.9));
#7714=CARTESIAN_POINT('',(-4.11996825544492E-15,-63.0518940014727,-46.9));
#7715=CARTESIAN_POINT('',(-4.11996825544492E-15,-63.0518940014727,-56.9));
#7716=CARTESIAN_POINT('Origin',(-4.11996825544492E-15,-63.0518940014727,
-56.9));
#7717=CARTESIAN_POINT('',(0.999999999999997,-55.0518940014727,-56.9));
#7718=CARTESIAN_POINT('',(0.999999999999996,-63.0518940014727,-56.9));
#7719=CARTESIAN_POINT('',(-3.46944695195361E-15,-55.0518940014727,-56.9));
#7720=CARTESIAN_POINT('',(-4.11996825544492E-15,-63.0518940014727,-56.9));
#7721=CARTESIAN_POINT('',(-3.46944695195361E-15,-55.0518940014727,-56.9));
#7722=CARTESIAN_POINT('Origin',(-3.46944695195361E-15,-55.0518940014727,
-26.9));
#7723=CARTESIAN_POINT('',(0.999999999999997,-55.0518940014727,-26.9));
#7724=CARTESIAN_POINT('',(0.999999999999997,-55.0518940014727,-26.9));
#7725=CARTESIAN_POINT('',(-3.46944695195361E-15,-55.0518940014727,-26.9));
#7726=CARTESIAN_POINT('',(-3.46944695195361E-15,-55.0518940014727,-56.9));
#7727=CARTESIAN_POINT('',(-3.46944695195361E-15,-55.0518940014727,-26.9));
#7728=CARTESIAN_POINT('Origin',(-4.11996825544492E-15,-63.0518940014727,
-26.9));
#7729=CARTESIAN_POINT('',(0.999999999999996,-63.0518940014727,-26.9));
#7730=CARTESIAN_POINT('',(0.999999999999996,-63.0518940014727,-26.9));
#7731=CARTESIAN_POINT('',(-4.11996825544492E-15,-63.0518940014727,-26.9));
#7732=CARTESIAN_POINT('',(-4.11996825544492E-15,-63.0518940014727,-26.9));
#7733=CARTESIAN_POINT('',(-4.11996825544492E-15,-63.0518940014727,-26.9));
#7734=CARTESIAN_POINT('Origin',(-4.11996825544492E-15,-63.0518940014727,
-36.9));
#7735=CARTESIAN_POINT('',(0.999999999999996,-63.0518940014727,-36.9));
#7736=CARTESIAN_POINT('',(0.999999999999996,-63.0518940014727,-36.9));
#7737=CARTESIAN_POINT('',(-4.11996825544492E-15,-63.0518940014727,-36.9));
#7738=CARTESIAN_POINT('',(-4.11996825544492E-15,-63.0518940014727,-36.9));
#7739=CARTESIAN_POINT('',(-4.11996825544492E-15,-63.0518940014727,-36.9));
#7740=CARTESIAN_POINT('Origin',(-3.90312782094782E-15,-59.0518940014727,
-31.9));
#7741=CARTESIAN_POINT('',(-4.04089603575284E-15,-59.0518940014727,-34.15));
#7742=CARTESIAN_POINT('Origin',(-3.90312782094782E-15,-59.0518940014727,
-31.9));
#7743=CARTESIAN_POINT('',(0.999999999999996,-59.0518940014727,-34.15));
#7744=CARTESIAN_POINT('',(-3.90312782094782E-15,-59.0518940014727,-34.15));
#7745=CARTESIAN_POINT('Origin',(0.999999999999996,-59.0518940014727,-31.9));
#7746=CARTESIAN_POINT('Origin',(-3.90312782094782E-15,-59.0518940014727,
-51.9));
#7747=CARTESIAN_POINT('',(-4.04089603575284E-15,-59.0518940014727,-54.15));
#7748=CARTESIAN_POINT('Origin',(-3.90312782094782E-15,-59.0518940014727,
-51.9));
#7749=CARTESIAN_POINT('',(0.999999999999996,-59.0518940014727,-54.15));
#7750=CARTESIAN_POINT('',(-3.90312782094782E-15,-59.0518940014727,-54.15));
#7751=CARTESIAN_POINT('Origin',(0.999999999999996,-59.0518940014727,-51.9));
#7752=CARTESIAN_POINT('Origin',(0.999999999999996,-67.0518940014727,-36.9));
#7753=CARTESIAN_POINT('',(0.999999999999996,-67.0518940014727,-36.9));
#7754=CARTESIAN_POINT('',(-4.33680868994202E-15,-66.0518940014727,-36.9));
#7755=CARTESIAN_POINT('',(-4.33680868994202E-15,-67.0518940014727,-36.9));
#7756=CARTESIAN_POINT('',(-3.,-66.0518940014727,-36.9));
#7757=CARTESIAN_POINT('',(-3.,-66.0518940014727,-36.9));
#7758=CARTESIAN_POINT('',(-3.,-67.0518940014727,-36.9));
#7759=CARTESIAN_POINT('Origin',(-6.93889390390723E-15,-110.103788002945,
0.));
#7760=CARTESIAN_POINT('',(-4.33680868994202E-15,-66.0518940014727,-46.9));
#7761=CARTESIAN_POINT('Origin',(0.999999999999993,-110.103788002945,0.));
#7762=CARTESIAN_POINT('Origin',(-3.,-66.0518940014727,-46.9));
#7763=CARTESIAN_POINT('',(-3.,-66.0518940014727,-46.9));
#7764=CARTESIAN_POINT('Origin',(-3.,-67.0518940014727,-46.9));
#7765=CARTESIAN_POINT('',(0.,0.,0.));
#7766=CARTESIAN_POINT('Origin',(-12.8,-48.7150526915052,-63.0939940169563));
#7767=CARTESIAN_POINT('',(-15.05,-48.7150526915052,-55.6444875246737));
#7768=CARTESIAN_POINT('Origin',(-12.8,-48.7150526915052,-55.6444875246737));
#7769=CARTESIAN_POINT('',(-15.05,-48.7150526915052,-52.6444875246737));
#7770=CARTESIAN_POINT('',(-15.05,-48.7150526915052,-63.0939940169563));
#7771=CARTESIAN_POINT('Origin',(-12.8,-48.7150526915052,-52.6444875246737));
#7772=CARTESIAN_POINT('Origin',(-8.55595519519747,-28.4365961781015,-42.7515113421626));
#7773=CARTESIAN_POINT('',(-9.12282972106414,-25.4365961781015,-43.4061347017015));
#7774=CARTESIAN_POINT('',(-17.1228297210642,-25.4365961781015,-52.6444875246736));
#7775=CARTESIAN_POINT('',(-8.55595519519747,-25.4365961781015,-42.7515113421626));
#7776=CARTESIAN_POINT('',(-17.1228297210641,-28.4365961781015,-52.6444875246736));
#7777=CARTESIAN_POINT('',(-17.1228297210641,-28.4365961781015,-52.6444875246736));
#7778=CARTESIAN_POINT('',(-7.80000000000002,-28.4365961781015,-41.8785387407135));
#7779=CARTESIAN_POINT('',(-8.55595519519747,-28.4365961781015,-42.7515113421626));
#7780=CARTESIAN_POINT('',(-7.80000000000002,-26.2807639042946,-41.8785387407135));
#7781=CARTESIAN_POINT('',(-7.80000000000002,-28.4365961781015,-41.8785387407135));
#7782=CARTESIAN_POINT('',(-7.94167747743556,-26.1903520001205,-42.0421470561657));
#7783=CARTESIAN_POINT('Origin',(-8.55595519519747,-52.4365961781015,-42.7515113421626));
#7784=CARTESIAN_POINT('',(-17.1228297210641,-55.4365961781015,-52.6444875246736));
#7785=CARTESIAN_POINT('',(-17.1228297210641,-52.4365961781015,-52.6444875246736));
#7786=CARTESIAN_POINT('',(-17.1228297210641,-52.4365961781015,-52.6444875246736));
#7787=CARTESIAN_POINT('',(-9.12282972106414,-55.4365961781015,-43.4061347017015));
#7788=CARTESIAN_POINT('',(-8.55595519519747,-55.4365961781015,-42.7515113421626));
#7789=CARTESIAN_POINT('',(-7.80000000000002,-54.5924284519083,-41.8785387407135));
#7790=CARTESIAN_POINT('',(-7.94167747743556,-54.6828403560825,-42.0421470561658));
#7791=CARTESIAN_POINT('',(-7.80000000000002,-52.4365961781015,-41.8785387407135));
#7792=CARTESIAN_POINT('',(-7.80000000000002,-52.4365961781015,-41.8785387407135));
#7793=CARTESIAN_POINT('',(-8.55595519519747,-52.4365961781015,-42.7515113421626));
#7794=CARTESIAN_POINT('Origin',(-7.80000000000002,-59.4365961781015,-50.6444875246736));
#7795=CARTESIAN_POINT('',(-4.80000000000002,-55.4365961781015,-43.4061347017015));
#7796=CARTESIAN_POINT('',(-4.80000000000002,-45.6212983547302,-25.6444875246736));
#7797=CARTESIAN_POINT('',(-4.80000000000002,-59.4365961781015,-50.6444875246736));
#7798=CARTESIAN_POINT('',(-7.80000000000002,-45.6212983547302,-25.6444875246736));
#7799=CARTESIAN_POINT('',(-7.80000000000002,-45.6212983547302,-25.6444875246736));
#7800=CARTESIAN_POINT('',(-7.80000000000002,-59.4365961781015,-50.6444875246736));
#7801=CARTESIAN_POINT('',(-7.80000000000002,-55.4365961781015,-43.4061347017015));
#7802=CARTESIAN_POINT('Origin',(-4.80000000000002,-35.2518940014727,-25.6444875246736));
#7803=CARTESIAN_POINT('',(4.70000000000003,-45.6212983547302,-25.6444875246736));
#7804=CARTESIAN_POINT('',(4.70000000000003,-35.2518940014727,-25.6444875246736));
#7805=CARTESIAN_POINT('',(4.70000000000003,-35.2518940014727,-25.6444875246736));
#7806=CARTESIAN_POINT('',(-4.80000000000002,-35.2518940014727,-25.6444875246736));
#7807=CARTESIAN_POINT('',(-4.80000000000002,-35.2518940014727,-25.6444875246736));
#7808=CARTESIAN_POINT('',(-7.80000000000002,-35.2518940014727,-25.6444875246736));
#7809=CARTESIAN_POINT('',(-7.80000000000002,-35.2518940014727,-25.6444875246736));
#7810=CARTESIAN_POINT('',(-7.80000000000002,-45.6212983547302,-25.6444875246736));
#7811=CARTESIAN_POINT('',(-4.80000000000002,-45.6212983547302,-25.6444875246736));
#7812=CARTESIAN_POINT('Origin',(-7.80000000000002,-21.4365961781015,-50.6444875246736));
#7813=CARTESIAN_POINT('',(-4.80000000000002,-25.4365961781015,-43.4061347017015));
#7814=CARTESIAN_POINT('',(-4.80000000000002,-21.4365961781015,-50.6444875246736));
#7815=CARTESIAN_POINT('',(-7.80000000000002,-25.4365961781015,-43.4061347017015));
#7816=CARTESIAN_POINT('',(-7.80000000000002,-21.4365961781015,-50.6444875246736));
#7817=CARTESIAN_POINT('Origin',(-11.8,-52.4365961781015,-48.0253111131876));
#7818=CARTESIAN_POINT('',(-7.80000000000002,-52.4365961781015,-52.6444875246736));
#7819=CARTESIAN_POINT('',(-7.80000000000002,-52.4365961781015,0.));
#7820=CARTESIAN_POINT('',(-15.8,-52.4365961781015,-52.6444875246736));
#7821=CARTESIAN_POINT('Origin',(-11.8,-28.4365961781015,-48.0253111131875));
#7822=CARTESIAN_POINT('',(-7.80000000000002,-28.4365961781015,-52.6444875246736));
#7823=CARTESIAN_POINT('',(-7.80000000000002,-28.4365961781015,-4.03074103848602E-14));
#7824=CARTESIAN_POINT('',(-15.8,-28.4365961781015,-52.6444875246736));
#7825=CARTESIAN_POINT('Origin',(-7.80000000000002,2.50938735275355E-16,
0.));
#7826=CARTESIAN_POINT('',(-7.80000000000002,-21.4365961781015,-52.6444875246736));
#7827=CARTESIAN_POINT('Origin',(-7.80000000000002,-25.4365961781015,-55.6444875246736));
#7828=CARTESIAN_POINT('',(-17.8,-25.4365961781015,-55.6444875246736));
#7829=CARTESIAN_POINT('',(-17.8,-25.4365961781015,-52.6444875246736));
#7830=CARTESIAN_POINT('',(-17.8,-25.4365961781015,-52.6444875246736));
#7831=CARTESIAN_POINT('',(-7.80000000000002,-25.4365961781015,-52.6444875246736));
#7832=CARTESIAN_POINT('',(-4.80000000000002,-25.4365961781015,-55.6444875246736));
#7833=CARTESIAN_POINT('',(-4.80000000000002,-25.4365961781015,-55.6444875246736));
#7834=CARTESIAN_POINT('',(-7.80000000000002,-25.4365961781015,-55.6444875246736));
#7835=CARTESIAN_POINT('Origin',(-17.8,0.,0.));
#7836=CARTESIAN_POINT('',(-17.8,-55.4365961781015,-52.6444875246736));
#7837=CARTESIAN_POINT('',(-17.8,-55.4365961781015,-55.6444875246736));
#7838=CARTESIAN_POINT('',(-17.8,-55.4365961781015,-55.6444875246736));
#7839=CARTESIAN_POINT('',(-17.8,-21.4365961781015,-52.6444875246736));
#7840=CARTESIAN_POINT('',(-17.8,-21.4365961781015,-55.6444875246736));
#7841=CARTESIAN_POINT('Origin',(-7.80000000000002,-55.4365961781015,-55.6444875246736));
#7842=CARTESIAN_POINT('',(-7.80000000000002,-55.4365961781015,-52.6444875246736));
#7843=CARTESIAN_POINT('',(-4.80000000000002,-55.4365961781015,-55.6444875246736));
#7844=CARTESIAN_POINT('',(-7.80000000000002,-55.4365961781015,-55.6444875246736));
#7845=CARTESIAN_POINT('',(-4.80000000000002,-55.4365961781015,-55.6444875246736));
#7846=CARTESIAN_POINT('Origin',(-4.80000000000002,0.,0.));
#7847=CARTESIAN_POINT('',(-4.80000000000002,-45.6212983547302,-55.6444875246736));
#7848=CARTESIAN_POINT('',(-4.80000000000002,-45.6212983547302,-55.6444875246736));
#7849=CARTESIAN_POINT('',(-4.80000000000002,-35.2518940014727,-55.6444875246736));
#7850=CARTESIAN_POINT('Origin',(-4.80000000000002,-45.6212983547302,-35.6444875246736));
#7851=CARTESIAN_POINT('',(4.70000000000003,-45.6212983547302,-55.6444875246736));
#7852=CARTESIAN_POINT('',(4.70000000000003,-45.6212983547302,-35.6444875246736));
#7853=CARTESIAN_POINT('',(-4.80000000000002,-45.6212983547302,-55.6444875246736));
#7854=CARTESIAN_POINT('',(-0.799999999999995,-45.6212983547302,-28.3944875246737));
#7855=CARTESIAN_POINT('Origin',(-0.799999999999995,-45.6212983547302,-30.6444875246737));
#7856=CARTESIAN_POINT('',(-0.800000000000016,-45.6212983547302,-48.3944875246736));
#7857=CARTESIAN_POINT('Origin',(-0.800000000000016,-45.6212983547302,-50.6444875246736));
#7858=CARTESIAN_POINT('Origin',(4.70000000000003,0.,0.));
#7859=CARTESIAN_POINT('',(4.70000000000003,-35.2518940014727,-55.6444875246736));
#7860=CARTESIAN_POINT('',(4.70000000000003,-35.2518940014727,-55.6444875246736));
#7861=CARTESIAN_POINT('',(4.70000000000003,-35.2518940014727,-35.6444875246736));
#7862=CARTESIAN_POINT('Origin',(-4.80000000000002,-35.2518940014727,-35.6444875246736));
#7863=CARTESIAN_POINT('',(-4.80000000000002,-35.2518940014727,-55.6444875246736));
#7864=CARTESIAN_POINT('',(-4.80000000000002,-35.2518940014727,-55.6444875246736));
#7865=CARTESIAN_POINT('',(-4.80000000000002,-35.2518940014727,-25.6444875246736));
#7866=CARTESIAN_POINT('',(-0.799999999999995,-35.2518940014727,-28.3944875246737));
#7867=CARTESIAN_POINT('Origin',(-0.799999999999995,-35.2518940014727,-30.6444875246737));
#7868=CARTESIAN_POINT('',(-0.800000000000016,-35.2518940014727,-48.3944875246736));
#7869=CARTESIAN_POINT('Origin',(-0.800000000000016,-35.2518940014727,-50.6444875246736));
#7870=CARTESIAN_POINT('Origin',(-4.80000000000002,0.,0.));
#7871=CARTESIAN_POINT('',(-4.80000000000002,-35.2518940014727,-55.6444875246736));
#7872=CARTESIAN_POINT('Origin',(-12.8,-32.1581396646977,-63.0939940169563));
#7873=CARTESIAN_POINT('',(-15.05,-32.1581396646977,-55.6444875246736));
#7874=CARTESIAN_POINT('Origin',(-12.8,-32.1581396646977,-55.6444875246736));
#7875=CARTESIAN_POINT('',(-15.05,-32.1581396646977,-52.6444875246736));
#7876=CARTESIAN_POINT('',(-15.05,-32.1581396646977,-63.0939940169563));
#7877=CARTESIAN_POINT('Origin',(-12.8,-32.1581396646977,-52.6444875246736));
#7878=CARTESIAN_POINT('Origin',(-4.80000000000002,-35.2518940014727,-55.6444875246736));
#7879=CARTESIAN_POINT('Origin',(-15.8,-21.4365961781015,-52.6444875246736));
#7880=CARTESIAN_POINT('Origin',(-0.800000000000016,1.16065642581197,-50.6444875246736));
#7881=CARTESIAN_POINT('',(-0.800000000000016,1.16065642581197,-48.3944875246736));
#7882=CARTESIAN_POINT('Origin',(-0.799999999999995,1.16065642581197,-30.6444875246737));
#7883=CARTESIAN_POINT('',(-0.799999999999995,1.16065642581197,-28.3944875246737));
#7884=CARTESIAN_POINT('',(0.,0.,0.));
#7885=CARTESIAN_POINT('Origin',(-2.57175827820944E-15,-21.2,14.));
#7886=CARTESIAN_POINT('',(-6.3,-21.2,-11.25));
#7887=CARTESIAN_POINT('',(6.3,-21.2,-11.25));
#7888=CARTESIAN_POINT('',(-6.3,-21.2,-11.25));
#7889=CARTESIAN_POINT('',(-6.3,-21.2,-16.));
#7890=CARTESIAN_POINT('',(-6.3,-21.2,16.));
#7891=CARTESIAN_POINT('',(-0.8,-21.2,-16.));
#7892=CARTESIAN_POINT('',(-6.3,-21.2,-16.));
#7893=CARTESIAN_POINT('',(-0.80000000000001,-21.2,-14.7549834435271));
#7894=CARTESIAN_POINT('',(-0.80000000000001,-21.2,-14.7549834435271));
#7895=CARTESIAN_POINT('',(0.800000000000007,-21.2,-14.7549834435271));
#7896=CARTESIAN_POINT('Origin',(-2.57175827820944E-15,-21.2,-14.));
#7897=CARTESIAN_POINT('',(0.8,-21.2,-16.));
#7898=CARTESIAN_POINT('',(0.800000000000007,-21.2,-14.7549834435271));
#7899=CARTESIAN_POINT('',(6.3,-21.2,-16.));
#7900=CARTESIAN_POINT('',(0.8,-21.2,-16.));
#7901=CARTESIAN_POINT('',(6.3,-21.2,11.5));
#7902=CARTESIAN_POINT('Origin',(-2.57175827820944E-15,-21.2,14.));
#7903=CARTESIAN_POINT('',(6.3,-21.2,11.25));
#7904=CARTESIAN_POINT('',(-6.3,-21.2,11.25));
#7905=CARTESIAN_POINT('',(-6.3,-21.2,11.25));
#7906=CARTESIAN_POINT('',(6.3,-21.2,16.));
#7907=CARTESIAN_POINT('',(6.3,-21.2,11.5));
#7908=CARTESIAN_POINT('',(0.8,-21.2,16.));
#7909=CARTESIAN_POINT('',(6.3,-21.2,16.));
#7910=CARTESIAN_POINT('',(0.8,-21.2,14.7549834435271));
#7911=CARTESIAN_POINT('',(0.8,-21.2,16.));
#7912=CARTESIAN_POINT('',(-0.8,-21.2,14.7549834435271));
#7913=CARTESIAN_POINT('Origin',(-2.57175827820944E-15,-21.2,14.));
#7914=CARTESIAN_POINT('',(-0.8,-21.2,16.));
#7915=CARTESIAN_POINT('',(-0.8,-21.2,16.));
#7916=CARTESIAN_POINT('',(-6.3,-21.2,16.));
#7917=CARTESIAN_POINT('',(-0.8,-21.2,16.));
#7918=CARTESIAN_POINT('',(-6.3,-21.2,16.));
#7919=CARTESIAN_POINT('Origin',(6.3,-18.5,11.5));
#7920=CARTESIAN_POINT('',(6.3,0.,11.5));
#7921=CARTESIAN_POINT('',(-6.3,0.,11.5));
#7922=CARTESIAN_POINT('',(6.3,0.,11.5));
#7923=CARTESIAN_POINT('',(-6.3,-18.5,11.5));
#7924=CARTESIAN_POINT('',(-6.3,-18.5,11.5));
#7925=CARTESIAN_POINT('',(6.3,-18.5,11.5));
#7926=CARTESIAN_POINT('',(6.3,-18.5,11.5));
#7927=CARTESIAN_POINT('',(6.3,-18.5,11.5));
#7928=CARTESIAN_POINT('Origin',(-6.3,-18.5,11.5));
#7929=CARTESIAN_POINT('',(-6.3,0.,-11.5));
#7930=CARTESIAN_POINT('',(-6.3,0.,11.5));
#7931=CARTESIAN_POINT('',(-6.3,-18.5,-11.5));
#7932=CARTESIAN_POINT('',(-6.3,-18.5,-11.5));
#7933=CARTESIAN_POINT('',(-6.3,-18.5,-16.));
#7934=CARTESIAN_POINT('',(-6.3,-18.5,-11.5));
#7935=CARTESIAN_POINT('',(-6.3,-21.2,-16.));
#7936=CARTESIAN_POINT('',(-6.3,-22.5,-11.25));
#7937=CARTESIAN_POINT('',(-6.3,-22.5,-11.25));
#7938=CARTESIAN_POINT('',(-6.3,-22.5,11.25));
#7939=CARTESIAN_POINT('',(-6.3,-22.5,11.25));
#7940=CARTESIAN_POINT('',(-6.3,-22.5,11.25));
#7941=CARTESIAN_POINT('',(-6.3,-18.5,16.));
#7942=CARTESIAN_POINT('',(-6.3,-21.2,16.));
#7943=CARTESIAN_POINT('',(-6.3,-18.5,-11.5));
#7944=CARTESIAN_POINT('Origin',(-6.3,-18.5,-11.5));
#7945=CARTESIAN_POINT('',(6.3,0.,-11.5));
#7946=CARTESIAN_POINT('',(-6.3,0.,-11.5));
#7947=CARTESIAN_POINT('',(6.3,-18.5,-11.5));
#7948=CARTESIAN_POINT('',(6.3,-18.5,-11.5));
#7949=CARTESIAN_POINT('',(-6.3,-18.5,-11.5));
#7950=CARTESIAN_POINT('Origin',(6.3,-18.5,-11.5));
#7951=CARTESIAN_POINT('',(6.3,0.,-11.5));
#7952=CARTESIAN_POINT('',(6.3,-18.5,16.));
#7953=CARTESIAN_POINT('',(6.3,-18.5,-16.));
#7954=CARTESIAN_POINT('',(6.3,-21.2,16.));
#7955=CARTESIAN_POINT('',(6.3,-22.5,11.25));
#7956=CARTESIAN_POINT('',(6.3,-22.5,11.25));
#7957=CARTESIAN_POINT('',(6.3,-22.5,-11.25));
#7958=CARTESIAN_POINT('',(6.3,-22.5,-11.25));
#7959=CARTESIAN_POINT('',(6.3,-22.5,-11.25));
#7960=CARTESIAN_POINT('',(6.3,-18.5,-16.));
#7961=CARTESIAN_POINT('',(6.3,-21.2,-16.));
#7962=CARTESIAN_POINT('',(6.3,-18.5,-16.));
#7963=CARTESIAN_POINT('Origin',(0.,0.,0.));
#7964=CARTESIAN_POINT('Origin',(-2.57175827820944E-15,-18.5,14.));
#7965=CARTESIAN_POINT('',(-0.8,-18.5,16.));
#7966=CARTESIAN_POINT('',(-0.8,-18.5,16.));
#7967=CARTESIAN_POINT('',(-0.8,-18.5,14.7549834435271));
#7968=CARTESIAN_POINT('',(-0.8,-18.5,16.));
#7969=CARTESIAN_POINT('',(0.8,-18.5,14.7549834435271));
#7970=CARTESIAN_POINT('Origin',(-2.57175827820944E-15,-18.5,14.));
#7971=CARTESIAN_POINT('',(0.8,-18.5,16.));
#7972=CARTESIAN_POINT('',(0.8,-18.5,16.));
#7973=CARTESIAN_POINT('',(6.3,-18.5,16.));
#7974=CARTESIAN_POINT('Origin',(6.3,-21.2,16.));
#7975=CARTESIAN_POINT('',(0.8,-21.2,16.));
#7976=CARTESIAN_POINT('Origin',(0.8,-21.2,16.));
#7977=CARTESIAN_POINT('',(0.8,-21.2,14.7549834435271));
#7978=CARTESIAN_POINT('Origin',(-2.57175827820944E-15,-21.2,14.));
#7979=CARTESIAN_POINT('',(-0.8,-21.2,14.7549834435271));
#7980=CARTESIAN_POINT('Origin',(-0.8,-21.2,16.));
#7981=CARTESIAN_POINT('',(-0.8,-21.2,16.));
#7982=CARTESIAN_POINT('Origin',(-0.8,-21.2,16.));
#7983=CARTESIAN_POINT('Origin',(-6.3,-21.2,-16.));
#7984=CARTESIAN_POINT('',(-0.8,-18.5,-16.));
#7985=CARTESIAN_POINT('',(-6.3,-18.5,-16.));
#7986=CARTESIAN_POINT('',(-0.8,-21.2,-16.));
#7987=CARTESIAN_POINT('Origin',(-0.80000000000001,-21.2,-14.7549834435271));
#7988=CARTESIAN_POINT('',(-0.80000000000001,-18.5,-14.7549834435271));
#7989=CARTESIAN_POINT('',(-0.80000000000001,-18.5,-14.7549834435271));
#7990=CARTESIAN_POINT('',(-0.80000000000001,-21.2,-14.7549834435271));
#7991=CARTESIAN_POINT('Origin',(-2.57175827820944E-15,-21.2,-14.));
#7992=CARTESIAN_POINT('',(0.800000000000007,-18.5,-14.7549834435271));
#7993=CARTESIAN_POINT('Origin',(-2.57175827820944E-15,-18.5,-14.));
#7994=CARTESIAN_POINT('',(0.800000000000007,-21.2,-14.7549834435271));
#7995=CARTESIAN_POINT('Origin',(0.800000000000007,-21.2,-14.7549834435271));
#7996=CARTESIAN_POINT('',(0.8,-18.5,-16.));
#7997=CARTESIAN_POINT('',(0.800000000000007,-18.5,-14.7549834435271));
#7998=CARTESIAN_POINT('',(0.8,-21.2,-16.));
#7999=CARTESIAN_POINT('Origin',(0.8,-21.2,-16.));
#8000=CARTESIAN_POINT('',(0.8,-18.5,-16.));
#8001=CARTESIAN_POINT('Origin',(-2.57175827820944E-15,-18.5,14.));
#8002=CARTESIAN_POINT('Origin',(-6.3,-22.5,-11.25));
#8003=CARTESIAN_POINT('',(-6.3,-22.5,-11.25));
#8004=CARTESIAN_POINT('Origin',(-6.3,-22.5,11.25));
#8005=CARTESIAN_POINT('',(-6.3,-22.5,11.25));
#8006=CARTESIAN_POINT('Origin',(0.,-22.5,0.));
#8007=CARTESIAN_POINT('',(-6.98048675513991E-16,-22.5,-10.45));
#8008=CARTESIAN_POINT('Origin',(0.,-22.5,-4.75));
#8009=CARTESIAN_POINT('Origin',(0.,-28.1,-4.75));
#8010=CARTESIAN_POINT('',(-6.98048675513991E-16,-28.1,-10.45));
#8011=CARTESIAN_POINT('',(-6.98048675513991E-16,-28.1,-10.45));
#8012=CARTESIAN_POINT('Origin',(0.,-28.1,-4.75));
#8013=CARTESIAN_POINT('Origin',(0.,-28.1,-4.75));
#8014=CARTESIAN_POINT('',(-2.57175827820944E-16,-28.1,-6.85));
#8015=CARTESIAN_POINT('Origin',(0.,-28.1,-4.75));
#8016=CARTESIAN_POINT('Origin',(0.,-32.7,-4.75));
#8017=CARTESIAN_POINT('',(-2.57175827820944E-16,-32.7,-6.85));
#8018=CARTESIAN_POINT('',(-2.57175827820944E-16,-32.7,-6.85));
#8019=CARTESIAN_POINT('Origin',(0.,-32.7,-4.75));
#8020=CARTESIAN_POINT('Origin',(0.,-32.7,-4.75));
#8021=CARTESIAN_POINT('',(0.,0.,0.));
#8022=CARTESIAN_POINT('Origin',(4.5,0.,-40.));
#8023=CARTESIAN_POINT('',(-4.5,-4.89858719658941E-16,-44.));
#8024=CARTESIAN_POINT('Origin',(-4.5,0.,-40.));
#8025=CARTESIAN_POINT('',(4.5,-4.89858719658941E-16,-44.));
#8026=CARTESIAN_POINT('',(4.5,-4.89858719658941E-16,-44.));
#8027=CARTESIAN_POINT('Origin',(4.5,0.,-40.));
#8028=CARTESIAN_POINT('Origin',(-4.5,0.,-40.));
#8029=CARTESIAN_POINT('Origin',(10.1,-3.42889779070266E-16,-40.));
#8030=CARTESIAN_POINT('',(4.5,11.5,-40.));
#8031=CARTESIAN_POINT('Origin',(4.5,0.,-40.));
#8032=CARTESIAN_POINT('',(10.1,11.5,-40.));
#8033=CARTESIAN_POINT('',(10.1,11.5,-40.));
#8034=CARTESIAN_POINT('Origin',(10.1,-3.42889779070266E-16,-40.));
#8035=CARTESIAN_POINT('Origin',(10.1,-3.42889779070266E-16,-40.));
#8036=CARTESIAN_POINT('Origin',(4.5,0.,-40.));
#8037=CARTESIAN_POINT('',(0.,0.,0.));
#8038=CARTESIAN_POINT('Origin',(-282.557426937009,-40.,2.5));
#8039=CARTESIAN_POINT('',(-270.506002401922,-37.5,2.5));
#8040=CARTESIAN_POINT('',(-270.506002401922,-42.5,2.5));
#8041=CARTESIAN_POINT('',(-270.506002401922,-40.,2.5));
#8042=CARTESIAN_POINT('',(-283.336186919724,-34.1746151064704,2.5));
#8043=CARTESIAN_POINT('Origin',(-278.,-40.,2.5));
#8044=CARTESIAN_POINT('',(-285.433247711736,-32.9304614022089,2.5));
#8045=CARTESIAN_POINT('',(-283.336186919724,-34.1746151064704,2.5));
#8046=CARTESIAN_POINT('',(-286.600304323059,-34.8975725825076,2.5));
#8047=CARTESIAN_POINT('',(-285.433247711736,-32.9304614022089,2.5));
#8048=CARTESIAN_POINT('',(-282.214149118299,-37.4998105654287,2.5));
#8049=CARTESIAN_POINT('',(-282.214149114041,-37.4998105679547,2.5));
#8050=CARTESIAN_POINT('',(-282.214149116459,-42.5001894334798,2.5));
#8051=CARTESIAN_POINT('Origin',(-278.,-40.,2.5));
#8052=CARTESIAN_POINT('',(-286.600304323059,-45.1024274174925,2.5));
#8053=CARTESIAN_POINT('',(-282.214149114041,-42.5001894320453,2.5));
#8054=CARTESIAN_POINT('',(-285.433247711736,-47.0695385977911,2.5));
#8055=CARTESIAN_POINT('',(-285.433247711736,-47.0695385977911,2.5));
#8056=CARTESIAN_POINT('',(-283.336186919724,-45.8253848935296,2.5));
#8057=CARTESIAN_POINT('',(-283.336186919724,-45.8253848935296,2.5));
#8058=CARTESIAN_POINT('Origin',(-278.,-40.,2.5));
#8059=CARTESIAN_POINT('Origin',(-282.557426937009,-40.,2.5));
#8060=CARTESIAN_POINT('',(-265.83716540797,-42.5,2.5));
#8061=CARTESIAN_POINT('',(-265.83716540797,-37.5,2.5));
#8062=CARTESIAN_POINT('',(-265.83716540797,-40.,2.5));
#8063=CARTESIAN_POINT('',(-256.223002374583,-45.1045850896617,2.5));
#8064=CARTESIAN_POINT('Origin',(-260.,-40.,2.5));
#8065=CARTESIAN_POINT('',(-254.435321947514,-46.4703814573538,2.5));
#8066=CARTESIAN_POINT('',(-254.435321947514,-46.4703814573538,2.5));
#8067=CARTESIAN_POINT('',(-253.364868004423,-45.0692724725817,2.5));
#8068=CARTESIAN_POINT('',(-253.364868004423,-45.0692724725817,2.5));
#8069=CARTESIAN_POINT('',(-257.338000935906,-42.0337799740298,2.5));
#8070=CARTESIAN_POINT('',(-257.338000935906,-42.0337799740298,2.5));
#8071=CARTESIAN_POINT('',(-257.338000935906,-37.9662200259702,2.5));
#8072=CARTESIAN_POINT('Origin',(-260.,-40.,2.5));
#8073=CARTESIAN_POINT('',(-253.364868004423,-34.9307275274183,2.5));
#8074=CARTESIAN_POINT('',(-257.338000935906,-37.9662200259702,2.5));
#8075=CARTESIAN_POINT('',(-254.435321947514,-33.5296185426462,2.5));
#8076=CARTESIAN_POINT('',(-253.364868004423,-34.9307275274183,2.5));
#8077=CARTESIAN_POINT('',(-256.223002374583,-34.8954149103382,2.5));
#8078=CARTESIAN_POINT('',(-254.435321947514,-33.5296185426462,2.5));
#8079=CARTESIAN_POINT('Origin',(-260.,-40.,2.5));
#8080=CARTESIAN_POINT('Origin',(-260.,-40.,2.5));
#8081=CARTESIAN_POINT('',(-256.223002374583,-34.8954149103383,-2.5));
#8082=CARTESIAN_POINT('',(-256.223002374583,-34.8954149103382,-2.5));
#8083=CARTESIAN_POINT('',(-265.83716540797,-37.5,-2.5));
#8084=CARTESIAN_POINT('Origin',(-260.,-40.,-2.5));
#8085=CARTESIAN_POINT('',(-265.83716540797,-37.5,2.5));
#8086=CARTESIAN_POINT('Origin',(-282.557426937009,-40.,-2.5));
#8087=CARTESIAN_POINT('',(-257.338000935906,-37.9662200259702,-2.5));
#8088=CARTESIAN_POINT('',(-257.338000935906,-42.0337799740298,-2.5));
#8089=CARTESIAN_POINT('Origin',(-260.,-40.,-2.5));
#8090=CARTESIAN_POINT('',(-253.364868004423,-45.0692724725817,-2.5));
#8091=CARTESIAN_POINT('',(-257.338000935906,-42.0337799740298,-2.5));
#8092=CARTESIAN_POINT('',(-254.435321947514,-46.4703814573538,-2.5));
#8093=CARTESIAN_POINT('',(-253.364868004423,-45.0692724725817,-2.5));
#8094=CARTESIAN_POINT('',(-256.223002374583,-45.1045850896617,-2.5));
#8095=CARTESIAN_POINT('',(-254.435321947514,-46.4703814573538,-2.5));
#8096=CARTESIAN_POINT('',(-265.83716540797,-42.5,-2.5));
#8097=CARTESIAN_POINT('Origin',(-260.,-40.,-2.5));
#8098=CARTESIAN_POINT('',(-270.506002401922,-42.5,-2.5));
#8099=CARTESIAN_POINT('',(-275.063429338931,-42.5,-2.5));
#8100=CARTESIAN_POINT('',(-283.336186919724,-45.8253848935296,-2.5));
#8101=CARTESIAN_POINT('Origin',(-278.,-40.,-2.5));
#8102=CARTESIAN_POINT('',(-285.433247711736,-47.0695385977911,-2.5));
#8103=CARTESIAN_POINT('',(-283.336186919724,-45.8253848935296,-2.5));
#8104=CARTESIAN_POINT('',(-286.600304323059,-45.1024274174925,-2.5));
#8105=CARTESIAN_POINT('',(-285.433247711736,-47.0695385977911,-2.5));
#8106=CARTESIAN_POINT('',(-282.214149116459,-42.5001894334799,-2.5));
#8107=CARTESIAN_POINT('',(-281.37091151881,-41.9999096205706,-2.5));
#8108=CARTESIAN_POINT('',(-282.214149117878,-37.4998105656781,-2.5));
#8109=CARTESIAN_POINT('Origin',(-278.,-40.,-2.5));
#8110=CARTESIAN_POINT('',(-286.600304323059,-34.8975725825076,-2.5));
#8111=CARTESIAN_POINT('',(-281.37091151881,-38.0000903794295,-2.5));
#8112=CARTESIAN_POINT('',(-285.433247711736,-32.9304614022089,-2.5));
#8113=CARTESIAN_POINT('',(-285.433247711736,-32.9304614022089,-2.5));
#8114=CARTESIAN_POINT('',(-283.336186919724,-34.1746151064704,-2.5));
#8115=CARTESIAN_POINT('',(-283.336186919724,-34.1746151064704,-2.5));
#8116=CARTESIAN_POINT('',(-270.506002401922,-37.5,-2.5));
#8117=CARTESIAN_POINT('Origin',(-278.,-40.,-2.5));
#8118=CARTESIAN_POINT('',(-275.063429338931,-37.5,-2.5));
#8119=CARTESIAN_POINT('',(-254.435321947514,-33.5296185426462,-2.5));
#8120=CARTESIAN_POINT('',(-254.435321947514,-33.5296185426462,-2.5));
#8121=CARTESIAN_POINT('',(-253.364868004423,-34.9307275274183,-2.5));
#8122=CARTESIAN_POINT('',(-253.364868004423,-34.9307275274183,-2.5));
#8123=CARTESIAN_POINT('',(-257.338000935906,-37.9662200259702,-2.5));
#8124=CARTESIAN_POINT('Origin',(-260.,-40.,2.5));
#8125=CARTESIAN_POINT('',(-256.223002374583,-45.1045850896617,-2.5));
#8126=CARTESIAN_POINT('',(-265.83716540797,-42.5,2.5));
#8127=CARTESIAN_POINT('Origin',(-260.,-40.,2.5));
#8128=CARTESIAN_POINT('',(-257.338000935906,-37.9662200259702,2.5));
#8129=CARTESIAN_POINT('',(-257.338000935906,-42.0337799740298,2.5));
#8130=CARTESIAN_POINT('Origin',(-278.,-40.,2.5));
#8131=CARTESIAN_POINT('',(-283.336186919724,-34.1746151064704,-2.5));
#8132=CARTESIAN_POINT('',(-270.506002401922,-37.5,2.5));
#8133=CARTESIAN_POINT('Origin',(-278.,-40.,2.5));
#8134=CARTESIAN_POINT('',(-283.336186919724,-45.8253848935296,-2.5));
#8135=CARTESIAN_POINT('',(-270.506002401922,-42.5,2.5));
#8136=CARTESIAN_POINT('Origin',(-278.,-40.,2.5));
#8137=CARTESIAN_POINT('',(-282.214149114041,-42.5001894320453,-4.13303346261873));
#8138=CARTESIAN_POINT('',(-282.214149118299,-37.4998105654287,2.5));
#8139=CARTESIAN_POINT('Origin',(-282.214149114041,-42.5001894320453,-4.13303346261873));
#8140=CARTESIAN_POINT('',(-286.600304323059,-45.1024274174925,-2.5));
#8141=CARTESIAN_POINT('Origin',(-282.214149114041,-37.4998105679547,-9.59547231002699));
#8142=CARTESIAN_POINT('',(-286.600304323059,-34.8975725825076,-2.5));
#8143=CARTESIAN_POINT('Origin',(-283.336186919724,-45.8253848935296,-2.5));
#8144=CARTESIAN_POINT('',(-285.433247711736,-47.0695385977911,-2.5));
#8145=CARTESIAN_POINT('Origin',(-285.433247711736,-47.0695385977911,-2.5));
#8146=CARTESIAN_POINT('Origin',(-283.336186919724,-34.1746151064704,-2.5));
#8147=CARTESIAN_POINT('',(-285.433247711736,-32.9304614022089,-2.5));
#8148=CARTESIAN_POINT('Origin',(-285.433247711736,-32.9304614022089,-2.5));
#8149=CARTESIAN_POINT('Origin',(-257.338000935906,-42.0337799740298,2.5));
#8150=CARTESIAN_POINT('',(-253.364868004423,-45.0692724725817,-2.5));
#8151=CARTESIAN_POINT('Origin',(-257.338000935906,-37.9662200259702,2.5));
#8152=CARTESIAN_POINT('',(-253.364868004423,-34.9307275274183,-2.5));
#8153=CARTESIAN_POINT('Origin',(-254.435321947514,-46.4703814573538,-2.5));
#8154=CARTESIAN_POINT('',(-254.435321947514,-46.4703814573538,-2.5));
#8155=CARTESIAN_POINT('Origin',(-253.364868004423,-45.0692724725817,-2.5));
#8156=CARTESIAN_POINT('Origin',(-254.435321947514,-33.5296185426462,-2.5));
#8157=CARTESIAN_POINT('',(-254.435321947514,-33.5296185426462,-2.5));
#8158=CARTESIAN_POINT('Origin',(-253.364868004423,-34.9307275274183,-2.5));
#8159=CARTESIAN_POINT('Origin',(-270.506002401922,-42.5,-2.31053360376815));
#8160=CARTESIAN_POINT('',(-270.506002401922,-37.5,7.5));
#8161=CARTESIAN_POINT('',(-270.506002401922,-42.5,7.5));
#8162=CARTESIAN_POINT('',(-270.506002401922,-40.,7.5));
#8163=CARTESIAN_POINT('',(-270.506002401922,-37.5,-2.31053360376815));
#8164=CARTESIAN_POINT('',(-270.506002401922,-42.5,-2.31053360376815));
#8165=CARTESIAN_POINT('Origin',(-265.83716540797,-37.5,-2.31053360376815));
#8166=CARTESIAN_POINT('',(-265.83716540797,-42.5,7.5));
#8167=CARTESIAN_POINT('',(-265.83716540797,-37.5,7.5));
#8168=CARTESIAN_POINT('',(-265.83716540797,-40.,7.5));
#8169=CARTESIAN_POINT('',(-265.83716540797,-42.5,-2.31053360376815));
#8170=CARTESIAN_POINT('',(-265.83716540797,-37.5,-2.31053360376815));
#8171=CARTESIAN_POINT('Origin',(-282.557426937009,-40.,7.5));
#8172=CARTESIAN_POINT('',(-283.336186919724,-34.1746151064704,7.5));
#8173=CARTESIAN_POINT('Origin',(-278.,-40.,7.5));
#8174=CARTESIAN_POINT('',(-283.336186919724,-45.8253848935296,7.5));
#8175=CARTESIAN_POINT('Origin',(-278.,-40.,7.5));
#8176=CARTESIAN_POINT('',(-285.433247711736,-47.0695385977911,7.5));
#8177=CARTESIAN_POINT('',(-283.336186919724,-45.8253848935296,7.5));
#8178=CARTESIAN_POINT('',(-286.600304323059,-45.1024274174925,7.5));
#8179=CARTESIAN_POINT('',(-285.433247711736,-47.0695385977911,7.5));
#8180=CARTESIAN_POINT('',(-282.214149116459,-42.5001894334799,7.5));
#8181=CARTESIAN_POINT('',(-281.37091151881,-41.9999096205706,7.5));
#8182=CARTESIAN_POINT('',(-282.214149117878,-37.4998105656781,7.5));
#8183=CARTESIAN_POINT('Origin',(-278.,-40.,7.5));
#8184=CARTESIAN_POINT('',(-286.600304323059,-34.8975725825076,7.5));
#8185=CARTESIAN_POINT('',(-281.37091151881,-38.0000903794295,7.5));
#8186=CARTESIAN_POINT('',(-285.433247711736,-32.9304614022089,7.5));
#8187=CARTESIAN_POINT('',(-285.433247711736,-32.9304614022089,7.5));
#8188=CARTESIAN_POINT('',(-283.336186919724,-34.1746151064704,7.5));
#8189=CARTESIAN_POINT('Origin',(-282.557426937009,-40.,7.5));
#8190=CARTESIAN_POINT('',(-256.223002374583,-45.1045850896617,7.5));
#8191=CARTESIAN_POINT('Origin',(-260.,-40.,7.5));
#8192=CARTESIAN_POINT('',(-256.223002374583,-34.8954149103383,7.5));
#8193=CARTESIAN_POINT('Origin',(-260.,-40.,7.5));
#8194=CARTESIAN_POINT('',(-254.435321947514,-33.5296185426462,7.5));
#8195=CARTESIAN_POINT('',(-254.435321947514,-33.5296185426462,7.5));
#8196=CARTESIAN_POINT('',(-253.364868004423,-34.9307275274183,7.5));
#8197=CARTESIAN_POINT('',(-253.364868004423,-34.9307275274183,7.5));
#8198=CARTESIAN_POINT('',(-257.338000935906,-37.9662200259702,7.5));
#8199=CARTESIAN_POINT('',(-257.338000935906,-37.9662200259702,7.5));
#8200=CARTESIAN_POINT('',(-257.338000935906,-42.0337799740298,7.5));
#8201=CARTESIAN_POINT('Origin',(-260.,-40.,7.5));
#8202=CARTESIAN_POINT('',(-253.364868004423,-45.0692724725817,7.5));
#8203=CARTESIAN_POINT('',(-257.338000935906,-42.0337799740298,7.5));
#8204=CARTESIAN_POINT('',(-254.435321947514,-46.4703814573538,7.5));
#8205=CARTESIAN_POINT('',(-253.364868004423,-45.0692724725817,7.5));
#8206=CARTESIAN_POINT('',(-254.435321947514,-46.4703814573538,7.5));
#8207=CARTESIAN_POINT('Origin',(-260.,-40.,12.5));
#8208=CARTESIAN_POINT('',(-256.223002374583,-34.8954149103382,12.5));
#8209=CARTESIAN_POINT('',(-256.223002374583,-34.8954149103382,7.5));
#8210=CARTESIAN_POINT('',(-265.83716540797,-37.5,12.5));
#8211=CARTESIAN_POINT('',(-265.83716540797,-37.5,12.5));
#8212=CARTESIAN_POINT('Origin',(-260.,-40.,12.5));
#8213=CARTESIAN_POINT('Origin',(-260.,-40.,12.5));
#8214=CARTESIAN_POINT('',(-256.223002374583,-45.1045850896617,12.5));
#8215=CARTESIAN_POINT('',(-256.223002374583,-45.1045850896617,7.5));
#8216=CARTESIAN_POINT('',(-265.83716540797,-42.5,12.5));
#8217=CARTESIAN_POINT('Origin',(-260.,-40.,12.5));
#8218=CARTESIAN_POINT('',(-265.83716540797,-42.5,12.5));
#8219=CARTESIAN_POINT('Origin',(-260.,-40.,12.5));
#8220=CARTESIAN_POINT('',(-257.338000935906,-37.9662200259702,12.5));
#8221=CARTESIAN_POINT('',(-257.338000935906,-37.9662200259702,12.5));
#8222=CARTESIAN_POINT('',(-257.338000935906,-42.0337799740298,12.5));
#8223=CARTESIAN_POINT('Origin',(-260.,-40.,12.5));
#8224=CARTESIAN_POINT('',(-257.338000935906,-42.0337799740298,12.5));
#8225=CARTESIAN_POINT('Origin',(-282.557426937009,-40.,12.5));
#8226=CARTESIAN_POINT('',(-270.506002401922,-37.5,12.5));
#8227=CARTESIAN_POINT('',(-275.063429338931,-37.5,12.5));
#8228=CARTESIAN_POINT('',(-283.336186919724,-34.1746151064704,12.5));
#8229=CARTESIAN_POINT('Origin',(-278.,-40.,12.5));
#8230=CARTESIAN_POINT('',(-285.433247711736,-32.9304614022089,12.5));
#8231=CARTESIAN_POINT('',(-283.336186919724,-34.1746151064704,12.5));
#8232=CARTESIAN_POINT('',(-286.600304323059,-34.8975725825076,12.5));
#8233=CARTESIAN_POINT('',(-285.433247711736,-32.9304614022089,12.5));
#8234=CARTESIAN_POINT('',(-282.214149118299,-37.4998105654287,12.5));
#8235=CARTESIAN_POINT('',(-282.214149114041,-37.4998105679547,12.5));
#8236=CARTESIAN_POINT('',(-282.214149116459,-42.5001894334798,12.5));
#8237=CARTESIAN_POINT('Origin',(-278.,-40.,12.5));
#8238=CARTESIAN_POINT('',(-286.600304323059,-45.1024274174925,12.5));
#8239=CARTESIAN_POINT('',(-282.214149114041,-42.5001894320453,12.5));
#8240=CARTESIAN_POINT('',(-285.433247711736,-47.0695385977911,12.5));
#8241=CARTESIAN_POINT('',(-285.433247711736,-47.0695385977911,12.5));
#8242=CARTESIAN_POINT('',(-283.336186919724,-45.8253848935296,12.5));
#8243=CARTESIAN_POINT('',(-283.336186919724,-45.8253848935296,12.5));
#8244=CARTESIAN_POINT('',(-270.506002401922,-42.5,12.5));
#8245=CARTESIAN_POINT('Origin',(-278.,-40.,12.5));
#8246=CARTESIAN_POINT('',(-275.063429338931,-42.5,12.5));
#8247=CARTESIAN_POINT('',(-254.435321947514,-46.4703814573538,12.5));
#8248=CARTESIAN_POINT('',(-254.435321947514,-46.4703814573538,12.5));
#8249=CARTESIAN_POINT('',(-253.364868004423,-45.0692724725817,12.5));
#8250=CARTESIAN_POINT('',(-253.364868004423,-45.0692724725817,12.5));
#8251=CARTESIAN_POINT('',(-257.338000935906,-42.0337799740298,12.5));
#8252=CARTESIAN_POINT('',(-253.364868004423,-34.9307275274183,12.5));
#8253=CARTESIAN_POINT('',(-257.338000935906,-37.9662200259702,12.5));
#8254=CARTESIAN_POINT('',(-254.435321947514,-33.5296185426462,12.5));
#8255=CARTESIAN_POINT('',(-253.364868004423,-34.9307275274183,12.5));
#8256=CARTESIAN_POINT('',(-254.435321947514,-33.5296185426462,12.5));
#8257=CARTESIAN_POINT('Origin',(-278.,-40.,12.5));
#8258=CARTESIAN_POINT('',(-283.336186919724,-34.1746151064704,7.5));
#8259=CARTESIAN_POINT('',(-270.506002401922,-37.5,12.5));
#8260=CARTESIAN_POINT('Origin',(-278.,-40.,12.5));
#8261=CARTESIAN_POINT('',(-283.336186919724,-45.8253848935296,7.5));
#8262=CARTESIAN_POINT('',(-270.506002401922,-42.5,12.5));
#8263=CARTESIAN_POINT('Origin',(-278.,-40.,12.5));
#8264=CARTESIAN_POINT('',(-282.214149114041,-42.5001894320453,5.86696653738127));
#8265=CARTESIAN_POINT('',(-282.214149118299,-37.4998105654287,12.5));
#8266=CARTESIAN_POINT('Origin',(-275.063429338931,-37.5,12.5));
#8267=CARTESIAN_POINT('Origin',(-275.063429338931,-42.5,12.5));
#8268=CARTESIAN_POINT('Origin',(-282.214149114041,-42.5001894320453,5.86696653738127));
#8269=CARTESIAN_POINT('',(-286.600304323059,-45.1024274174925,7.5));
#8270=CARTESIAN_POINT('Origin',(-282.214149114041,-37.4998105679547,0.404527689973014));
#8271=CARTESIAN_POINT('',(-286.600304323059,-34.8975725825076,7.5));
#8272=CARTESIAN_POINT('Origin',(-283.336186919724,-45.8253848935296,7.5));
#8273=CARTESIAN_POINT('',(-285.433247711736,-47.0695385977911,7.5));
#8274=CARTESIAN_POINT('Origin',(-285.433247711736,-47.0695385977911,7.5));
#8275=CARTESIAN_POINT('Origin',(-283.336186919724,-34.1746151064704,7.5));
#8276=CARTESIAN_POINT('',(-285.433247711736,-32.9304614022089,7.5));
#8277=CARTESIAN_POINT('Origin',(-285.433247711736,-32.9304614022089,7.5));
#8278=CARTESIAN_POINT('Origin',(-257.338000935906,-42.0337799740298,12.5));
#8279=CARTESIAN_POINT('',(-253.364868004423,-45.0692724725817,7.5));
#8280=CARTESIAN_POINT('Origin',(-257.338000935906,-37.9662200259702,12.5));
#8281=CARTESIAN_POINT('',(-253.364868004423,-34.9307275274183,7.5));
#8282=CARTESIAN_POINT('Origin',(-254.435321947514,-46.4703814573538,7.5));
#8283=CARTESIAN_POINT('',(-254.435321947514,-46.4703814573538,7.5));
#8284=CARTESIAN_POINT('Origin',(-253.364868004423,-45.0692724725817,7.5));
#8285=CARTESIAN_POINT('Origin',(-254.435321947514,-33.5296185426462,7.5));
#8286=CARTESIAN_POINT('',(-254.435321947514,-33.5296185426462,7.5));
#8287=CARTESIAN_POINT('Origin',(-253.364868004423,-34.9307275274183,7.5));
#8288=CARTESIAN_POINT('',(13.5,5.38697298137689,-26.15584403524));
#8289=CARTESIAN_POINT('',(13.5,-27.3130270186231,-26.15584403524));
#8290=CARTESIAN_POINT('',(4.70000000000003,-50.6518940014727,-3.10153399298273E-15));
#8291=CARTESIAN_POINT('',(13.5,-37.4130270186231,9.09415596476001));
#8292=CARTESIAN_POINT('',(-59.8518940014727,-35.2518940014727,1.25551247532636));
#8293=CARTESIAN_POINT('',(-59.8518940014727,-45.6212983547302,-82.5444875246736));
#8294=CARTESIAN_POINT('',(0.,0.,0.));
#8295=CARTESIAN_POINT('',(13.5,-27.3130270186231,-67.8213012435028));
#8296=CARTESIAN_POINT('',(4.70000000000003,-50.6518940014727,-41.6654572082628));
#8297=CARTESIAN_POINT('',(-59.8518940014727,-45.6212983547303,-122.544487524673));
#8298=CARTESIAN_POINT('',(-59.8518940014727,-35.2518940014728,-38.7444875246732));
#8299=CARTESIAN_POINT('',(1.15800889344229E-13,-80.873192356203,-121.288975049347));
#8300=CARTESIAN_POINT('',(13.5,5.38697298137689,-67.8213012435028));
#8301=CARTESIAN_POINT('',(13.5,-37.4130270186231,-32.5713012435027));
#8302=CARTESIAN_POINT('',(-250.000000000001,-80.6518940014687,-123.068010533625));
#8303=CARTESIAN_POINT('',(0.,0.,0.));
#8304=CARTESIAN_POINT('Origin',(-277.674754553302,20.,62.7513603515281));
#8305=CARTESIAN_POINT('',(-274.174754553302,2.,62.7513603515281));
#8306=CARTESIAN_POINT('',(-270.174754553302,2.,62.7513603515281));
#8307=CARTESIAN_POINT('',(-277.674754553302,2.,62.7513603515281));
#8308=CARTESIAN_POINT('',(-274.174754553302,15.6598539419909,62.7513603515281));
#8309=CARTESIAN_POINT('',(-274.174754553302,15.6598539419909,62.7513603515281));
#8310=CARTESIAN_POINT('',(-271.174754553302,15.6598539419909,62.7513603515281));
#8311=CARTESIAN_POINT('',(-271.174754553302,15.6598539419909,62.7513603515281));
#8312=CARTESIAN_POINT('',(-271.174754553302,19.3598539419909,62.7513603515281));
#8313=CARTESIAN_POINT('',(-271.174754553302,19.3598539419909,62.7513603515281));
#8314=CARTESIAN_POINT('',(-274.174754553302,19.3598539419909,62.7513603515281));
#8315=CARTESIAN_POINT('',(-271.174754553302,19.3598539419909,62.7513603515281));
#8316=CARTESIAN_POINT('',(-274.174754553302,22.,62.7513603515281));
#8317=CARTESIAN_POINT('',(-274.174754553302,22.,62.7513603515281));
#8318=CARTESIAN_POINT('',(-270.174754553302,22.,62.7513603515281));
#8319=CARTESIAN_POINT('',(-277.674754553302,22.,62.7513603515281));
#8320=CARTESIAN_POINT('',(-270.174754553302,20.,62.7513603515281));
#8321=CARTESIAN_POINT('Origin',(-274.174754553302,0.,0.));
#8322=CARTESIAN_POINT('',(-274.174754553302,2.,55.7513603515281));
#8323=CARTESIAN_POINT('',(-274.174754553302,2.,0.));
#8324=CARTESIAN_POINT('',(-274.174754553302,22.,55.7513603515281));
#8325=CARTESIAN_POINT('',(-274.174754553302,22.,55.7513603515281));
#8326=CARTESIAN_POINT('',(-274.174754553302,22.,55.7513603515281));
#8327=CARTESIAN_POINT('',(-274.174754553302,19.3598539419909,58.7513603515281));
#8328=CARTESIAN_POINT('',(-274.174754553302,19.3598539419909,58.7513603515281));
#8329=CARTESIAN_POINT('',(-274.174754553302,15.6598539419909,58.7513603515281));
#8330=CARTESIAN_POINT('',(-274.174754553302,15.6598539419909,58.7513603515281));
#8331=CARTESIAN_POINT('',(-274.174754553302,15.6598539419909,58.7513603515281));
#8332=CARTESIAN_POINT('',(-274.174754553302,11.,57.5013603515282));
#8333=CARTESIAN_POINT('Origin',(-274.174754553302,11.,59.7513603515282));
#8334=CARTESIAN_POINT('Origin',(-235.231810340545,20.,90.9281740703575));
#8335=CARTESIAN_POINT('',(-265.231810340545,0.,90.9281740703576));
#8336=CARTESIAN_POINT('',(-232.231810340545,17.2929102684881,90.9281740703575));
#8337=CARTESIAN_POINT('',(-265.231810340545,0.,90.9281740703576));
#8338=CARTESIAN_POINT('',(-232.231810340545,28.4834231014693,90.9281740703575));
#8339=CARTESIAN_POINT('',(-232.231810340545,20.,90.9281740703575));
#8340=CARTESIAN_POINT('',(-264.806539992655,28.4834231014693,90.9281740703576));
#8341=CARTESIAN_POINT('',(-235.231810340545,28.4834231014693,90.9281740703575));
#8342=CARTESIAN_POINT('',(-269.449528138754,22.,90.9281740703577));
#8343=CARTESIAN_POINT('',(-264.806539992655,28.4834231014693,90.9281740703576));
#8344=CARTESIAN_POINT('',(-269.449528138754,2.,90.9281740703577));
#8345=CARTESIAN_POINT('',(-269.449528138754,20.,90.9281740703577));
#8346=CARTESIAN_POINT('',(-265.231810340545,2.,90.9281740703576));
#8347=CARTESIAN_POINT('',(-235.231810340545,2.,90.9281740703575));
#8348=CARTESIAN_POINT('',(-265.231810340545,2.,90.9281740703576));
#8349=CARTESIAN_POINT('',(-257.231810340545,19.8521253091384,90.9281740703576));
#8350=CARTESIAN_POINT('',(-263.231810340545,19.8521253091384,90.9281740703576));
#8351=CARTESIAN_POINT('',(-257.231810340545,19.8521253091383,90.9281740703576));
#8352=CARTESIAN_POINT('',(-263.231810340545,24.3521253091384,90.9281740703576));
#8353=CARTESIAN_POINT('Origin',(-263.231810340545,22.1021253091384,90.9281740703576));
#8354=CARTESIAN_POINT('',(-257.231810340545,24.3521253091384,90.9281740703576));
#8355=CARTESIAN_POINT('',(-257.231810340545,24.3521253091384,90.9281740703576));
#8356=CARTESIAN_POINT('Origin',(-257.231810340545,22.1021253091384,90.9281740703576));
#8357=CARTESIAN_POINT('',(-243.231810340545,24.3521253091384,90.9281740703575));
#8358=CARTESIAN_POINT('',(-237.231810340545,24.3521253091384,90.9281740703575));
#8359=CARTESIAN_POINT('',(-240.231810340545,24.3521253091384,90.9281740703575));
#8360=CARTESIAN_POINT('',(-237.231810340545,19.8521253091384,90.9281740703575));
#8361=CARTESIAN_POINT('Origin',(-237.231810340545,22.1021253091384,90.9281740703575));
#8362=CARTESIAN_POINT('',(-243.231810340545,19.8521253091384,90.9281740703575));
#8363=CARTESIAN_POINT('',(-240.231810340545,19.8521253091384,90.9281740703575));
#8364=CARTESIAN_POINT('Origin',(-243.231810340545,22.1021253091384,90.9281740703575));
#8365=CARTESIAN_POINT('Origin',(-277.674754553302,20.,88.7513603515281));
#8366=CARTESIAN_POINT('',(-270.674754553301,2.,88.7513603515281));
#8367=CARTESIAN_POINT('',(-274.174754553302,2.,88.7513603515281));
#8368=CARTESIAN_POINT('',(-277.674754553302,2.,88.7513603515281));
#8369=CARTESIAN_POINT('',(-270.674754553301,22.,88.7513603515281));
#8370=CARTESIAN_POINT('',(-270.674754553301,20.,88.7513603515281));
#8371=CARTESIAN_POINT('',(-274.174754553302,22.,88.7513603515281));
#8372=CARTESIAN_POINT('',(-277.674754553302,22.,88.7513603515281));
#8373=CARTESIAN_POINT('',(-274.174754553302,19.3598539419909,88.7513603515281));
#8374=CARTESIAN_POINT('',(-274.174754553302,22.,88.7513603515281));
#8375=CARTESIAN_POINT('',(-271.174754553302,19.3598539419909,88.7513603515281));
#8376=CARTESIAN_POINT('',(-277.674754553302,19.3598539419909,88.7513603515281));
#8377=CARTESIAN_POINT('',(-271.174754553302,15.6598539419909,88.7513603515281));
#8378=CARTESIAN_POINT('',(-271.174754553302,20.,88.7513603515281));
#8379=CARTESIAN_POINT('',(-274.174754553302,15.6598539419909,88.7513603515281));
#8380=CARTESIAN_POINT('',(-277.674754553302,15.6598539419909,88.7513603515281));
#8381=CARTESIAN_POINT('',(-274.174754553302,22.,88.7513603515281));
#8382=CARTESIAN_POINT('Origin',(-274.174754553302,0.,0.));
#8383=CARTESIAN_POINT('',(-274.174754553302,22.,95.7513603515281));
#8384=CARTESIAN_POINT('',(-274.174754553302,2.,95.7513603515281));
#8385=CARTESIAN_POINT('',(-274.174754553302,0.,95.7513603515281));
#8386=CARTESIAN_POINT('',(-274.174754553302,2.,0.));
#8387=CARTESIAN_POINT('',(-274.174754553302,15.6598539419909,92.7513603515281));
#8388=CARTESIAN_POINT('',(-274.174754553302,15.6598539419911,3.62206883513864E-14));
#8389=CARTESIAN_POINT('',(-274.174754553302,19.3598539419909,92.7513603515281));
#8390=CARTESIAN_POINT('',(-274.174754553302,0.,92.7513603515281));
#8391=CARTESIAN_POINT('',(-274.174754553302,19.3598539419909,0.));
#8392=CARTESIAN_POINT('',(-274.174754553302,22.,88.7513603515281));
#8393=CARTESIAN_POINT('',(-274.174754553302,11.,89.5013603515281));
#8394=CARTESIAN_POINT('Origin',(-274.174754553302,11.,91.7513603515281));
#8395=CARTESIAN_POINT('Origin',(-270.674754553301,20.,88.7513603515281));
#8396=CARTESIAN_POINT('',(-270.674754553301,2.,88.7513603515281));
#8397=CARTESIAN_POINT('',(-270.674754553301,22.,88.7513603515281));
#8398=CARTESIAN_POINT('Origin',(-255.,20.,87.9281740703576));
#8399=CARTESIAN_POINT('',(-265.231810340545,0.,87.9281740703575));
#8400=CARTESIAN_POINT('',(-232.231810340545,17.2929102684881,87.9281740703574));
#8401=CARTESIAN_POINT('',(-248.981785036747,8.51546149815888,87.9281740703575));
#8402=CARTESIAN_POINT('',(-265.231810340545,12.7208275168076,87.9281740703575));
#8403=CARTESIAN_POINT('',(-265.231810340545,20.,87.9281740703576));
#8404=CARTESIAN_POINT('',(-243.157164287265,12.7208275168076,87.9281740703576));
#8405=CARTESIAN_POINT('',(-265.231810340545,12.7208275168076,87.9281740703575));
#8406=CARTESIAN_POINT('',(-243.157164287265,15.7208275168076,87.9281740703576));
#8407=CARTESIAN_POINT('',(-243.157164287265,12.7208275168076,87.9281740703576));
#8408=CARTESIAN_POINT('',(-265.231810340545,15.7208275168076,87.9281740703575));
#8409=CARTESIAN_POINT('',(-265.231810340545,15.7208275168076,87.9281740703575));
#8410=CARTESIAN_POINT('',(-265.231810340543,21.0713489027303,87.9281740703576));
#8411=CARTESIAN_POINT('',(-265.231810340545,20.,87.9281740703576));
#8412=CARTESIAN_POINT('',(-263.231810340545,19.8521253091384,87.9281740703576));
#8413=CARTESIAN_POINT('Origin',(-263.231810340545,22.1021253091384,87.9281740703576));
#8414=CARTESIAN_POINT('',(-257.231810340545,19.8521253091384,87.9281740703576));
#8415=CARTESIAN_POINT('',(-255.,19.8521253091383,87.9281740703576));
#8416=CARTESIAN_POINT('',(-257.231810340545,24.3521253091384,87.9281740703576));
#8417=CARTESIAN_POINT('Origin',(-257.231810340545,22.1021253091384,87.9281740703576));
#8418=CARTESIAN_POINT('',(-263.231810340545,24.3521253091384,87.9281740703576));
#8419=CARTESIAN_POINT('',(-255.,24.3521253091384,87.9281740703576));
#8420=CARTESIAN_POINT('',(-265.479491461441,22.,87.9281740703577));
#8421=CARTESIAN_POINT('Origin',(-263.231810340545,22.1021253091384,87.9281740703576));
#8422=CARTESIAN_POINT('',(-269.449528138754,22.,87.9281740703577));
#8423=CARTESIAN_POINT('',(4.27935684994458E-13,22.,87.9281740703564));
#8424=CARTESIAN_POINT('',(-264.806539992655,28.4834231014693,87.9281740703576));
#8425=CARTESIAN_POINT('',(-264.806539992655,28.4834231014693,87.9281740703576));
#8426=CARTESIAN_POINT('',(-232.231810340545,28.4834231014693,87.9281740703574));
#8427=CARTESIAN_POINT('',(-255.,28.4834231014693,87.9281740703576));
#8428=CARTESIAN_POINT('',(-232.231810340545,20.,87.9281740703574));
#8429=CARTESIAN_POINT('',(-237.231810340545,24.3521253091384,87.9281740703574));
#8430=CARTESIAN_POINT('',(-237.231810340545,19.8521253091384,87.9281740703575));
#8431=CARTESIAN_POINT('Origin',(-237.231810340545,22.1021253091384,87.9281740703575));
#8432=CARTESIAN_POINT('',(-243.231810340545,24.3521253091384,87.9281740703575));
#8433=CARTESIAN_POINT('',(-255.,24.3521253091384,87.9281740703576));
#8434=CARTESIAN_POINT('',(-243.231810340545,19.8521253091384,87.9281740703575));
#8435=CARTESIAN_POINT('Origin',(-243.231810340545,22.1021253091384,87.9281740703575));
#8436=CARTESIAN_POINT('',(-255.,19.8521253091384,87.9281740703576));
#8437=CARTESIAN_POINT('Origin',(-277.174754553302,20.,62.7513603515281));
#8438=CARTESIAN_POINT('',(-277.174754553302,0.,55.7513603515281));
#8439=CARTESIAN_POINT('',(-277.174754553302,0.,63.9513603515281));
#8440=CARTESIAN_POINT('',(-277.174754553302,0.,62.7513603515281));
#8441=CARTESIAN_POINT('',(-277.174754553302,15.6598539419909,63.9513603515281));
#8442=CARTESIAN_POINT('',(-277.174754553302,20.,63.9513603515281));
#8443=CARTESIAN_POINT('',(-277.174754553302,15.6598539419909,58.7513603515281));
#8444=CARTESIAN_POINT('',(-277.174754553302,15.6598539419909,58.7513603515281));
#8445=CARTESIAN_POINT('',(-277.174754553302,19.3598539419909,58.7513603515281));
#8446=CARTESIAN_POINT('',(-277.174754553302,15.6598539419909,58.7513603515281));
#8447=CARTESIAN_POINT('',(-277.174754553302,19.3598539419909,63.9513603515281));
#8448=CARTESIAN_POINT('',(-277.174754553302,19.3598539419909,58.7513603515281));
#8449=CARTESIAN_POINT('',(-277.174754553302,22.,63.9513603515281));
#8450=CARTESIAN_POINT('',(-277.174754553302,20.,63.9513603515281));
#8451=CARTESIAN_POINT('',(-277.174754553302,22.,55.7513603515281));
#8452=CARTESIAN_POINT('',(-277.174754553302,22.,62.7513603515281));
#8453=CARTESIAN_POINT('',(-277.174754553302,22.,55.7513603515281));
#8454=CARTESIAN_POINT('',(-277.174754553302,11.,57.5013603515282));
#8455=CARTESIAN_POINT('Origin',(-277.174754553302,11.,59.7513603515282));
#8456=CARTESIAN_POINT('Origin',(-271.674754553302,20.,63.9513603515281));
#8457=CARTESIAN_POINT('',(-271.674754553302,19.3598539419909,63.9513603515281));
#8458=CARTESIAN_POINT('',(-271.174754553302,19.3598539419909,63.9513603515281));
#8459=CARTESIAN_POINT('',(-271.674754553302,22.,63.9513603515281));
#8460=CARTESIAN_POINT('',(-271.674754553302,20.,63.9513603515281));
#8461=CARTESIAN_POINT('',(-271.674754553302,22.,63.9513603515281));
#8462=CARTESIAN_POINT('Origin',(-271.674754553302,20.,63.9513603515281));
#8463=CARTESIAN_POINT('',(-271.674754553302,0.,63.9513603515281));
#8464=CARTESIAN_POINT('',(-271.674754553302,0.,63.9513603515281));
#8465=CARTESIAN_POINT('',(-271.674754553302,15.6598539419909,63.9513603515281));
#8466=CARTESIAN_POINT('',(-271.674754553302,20.,63.9513603515281));
#8467=CARTESIAN_POINT('',(-271.174754553302,15.6598539419909,63.9513603515281));
#8468=CARTESIAN_POINT('Origin',(-277.674754553302,20.,87.5513603515281));
#8469=CARTESIAN_POINT('',(-271.674754553302,19.3598539419909,87.5513603515281));
#8470=CARTESIAN_POINT('',(-277.174754553302,19.3598539419909,87.5513603515281));
#8471=CARTESIAN_POINT('',(-271.174754553302,19.3598539419909,87.5513603515281));
#8472=CARTESIAN_POINT('',(-277.174754553302,22.,87.5513603515281));
#8473=CARTESIAN_POINT('',(-277.174754553302,20.,87.5513603515281));
#8474=CARTESIAN_POINT('',(-271.674754553302,22.,87.5513603515281));
#8475=CARTESIAN_POINT('',(-277.674754553302,22.,87.5513603515281));
#8476=CARTESIAN_POINT('',(-271.674754553302,20.,87.5513603515281));
#8477=CARTESIAN_POINT('Origin',(-277.674754553302,20.,87.5513603515281));
#8478=CARTESIAN_POINT('',(-271.674754553302,0.,87.5513603515281));
#8479=CARTESIAN_POINT('',(-277.174754553302,0.,87.5513603515281));
#8480=CARTESIAN_POINT('',(-277.674754553302,0.,87.5513603515281));
#8481=CARTESIAN_POINT('',(-277.174754553302,15.6598539419909,87.5513603515281));
#8482=CARTESIAN_POINT('',(-277.174754553302,20.,87.5513603515281));
#8483=CARTESIAN_POINT('',(-271.674754553302,15.6598539419909,87.5513603515281));
#8484=CARTESIAN_POINT('',(-271.174754553302,15.6598539419909,87.5513603515281));
#8485=CARTESIAN_POINT('',(-271.674754553302,20.,87.5513603515281));
#8486=CARTESIAN_POINT('Origin',(-277.174754553302,20.,87.2513603515281));
#8487=CARTESIAN_POINT('',(-277.174754553302,0.,95.7513603515281));
#8488=CARTESIAN_POINT('',(-277.174754553302,0.,87.2513603515281));
#8489=CARTESIAN_POINT('',(-277.174754553302,22.,95.7513603515281));
#8490=CARTESIAN_POINT('',(-277.174754553302,0.,95.7513603515281));
#8491=CARTESIAN_POINT('',(-277.174754553302,22.,87.2513603515281));
#8492=CARTESIAN_POINT('',(-277.174754553302,19.3598539419909,92.7513603515281));
#8493=CARTESIAN_POINT('',(-277.174754553302,19.3598539419909,92.7513603515281));
#8494=CARTESIAN_POINT('',(-277.174754553302,15.6598539419909,92.7513603515281));
#8495=CARTESIAN_POINT('',(-277.174754553302,15.6598539419909,92.7513603515281));
#8496=CARTESIAN_POINT('',(-277.174754553302,15.6598539419909,87.2513603515281));
#8497=CARTESIAN_POINT('',(-277.174754553302,11.,89.5013603515281));
#8498=CARTESIAN_POINT('Origin',(-277.174754553302,11.,91.7513603515281));
#8499=CARTESIAN_POINT('Origin',(-265.231810340545,20.,87.2513603515281));
#8500=CARTESIAN_POINT('',(-265.231810340545,0.,87.2513603515281));
#8501=CARTESIAN_POINT('',(-265.231810340545,0.,87.2513603515281));
#8502=CARTESIAN_POINT('',(-265.231810340545,12.7208275168076,87.2513603515281));
#8503=CARTESIAN_POINT('',(-265.231810340545,20.,87.2513603515281));
#8504=CARTESIAN_POINT('',(-265.231810340545,12.7208275168076,87.9281740703575));
#8505=CARTESIAN_POINT('Origin',(-270.174754553302,20.,87.2513603515281));
#8506=CARTESIAN_POINT('',(-270.174754553302,0.,87.2513603515281));
#8507=CARTESIAN_POINT('',(-270.174754553302,0.,87.2513603515281));
#8508=CARTESIAN_POINT('',(-270.174754553302,12.7208275168076,87.2513603515281));
#8509=CARTESIAN_POINT('',(-270.174754553302,20.,87.2513603515281));
#8510=CARTESIAN_POINT('',(-265.231810340545,12.7208275168076,87.2513603515281));
#8511=CARTESIAN_POINT('Origin',(-270.174754553302,20.,87.2513603515281));
#8512=CARTESIAN_POINT('',(-270.174754553302,0.,62.7513603515281));
#8513=CARTESIAN_POINT('',(-270.174754553302,2.,62.7513603515281));
#8514=CARTESIAN_POINT('',(-270.174754553302,22.,87.2513603515281));
#8515=CARTESIAN_POINT('',(-270.174754553302,22.,87.2513603515281));
#8516=CARTESIAN_POINT('',(-270.174754553302,15.7208275168076,87.2513603515281));
#8517=CARTESIAN_POINT('',(-270.174754553302,20.,87.2513603515281));
#8518=CARTESIAN_POINT('',(-270.174754553302,15.7208275168076,66.8397672109429));
#8519=CARTESIAN_POINT('',(-270.174754553302,15.7208275168076,87.2513603515281));
#8520=CARTESIAN_POINT('',(-270.174754553302,12.7208275168076,66.8397672109429));
#8521=CARTESIAN_POINT('',(-270.174754553302,12.7208275168076,66.8397672109429));
#8522=CARTESIAN_POINT('',(-270.174754553302,12.7208275168076,87.2513603515281));
#8523=CARTESIAN_POINT('',(-270.174754553302,0.,87.2513603515281));
#8524=CARTESIAN_POINT('Origin',(-232.231810340545,20.,87.9281740703574));
#8525=CARTESIAN_POINT('',(-232.231810340545,17.2929102684881,87.9281740703574));
#8526=CARTESIAN_POINT('',(-232.231810340545,28.4834231014693,87.9281740703574));
#8527=CARTESIAN_POINT('Origin',(-265.231810340545,20.,87.2513603515281));
#8528=CARTESIAN_POINT('',(-265.231810340545,21.071348902734,87.2513603515281));
#8529=CARTESIAN_POINT('',(-265.231810340545,15.7208275168076,87.2513603515281));
#8530=CARTESIAN_POINT('',(-265.231810340545,20.,87.2513603515281));
#8531=CARTESIAN_POINT('',(-265.231810340543,21.0713489027303,65.8328913438149));
#8532=CARTESIAN_POINT('',(-265.231810340545,15.7208275168076,87.9281740703575));
#8533=CARTESIAN_POINT('Origin',(-270.174754553302,20.,87.2513603515281));
#8534=CARTESIAN_POINT('',(-265.479491461441,22.,87.2513603515281));
#8535=CARTESIAN_POINT('',(-270.174754553302,22.,87.2513603515281));
#8536=CARTESIAN_POINT('Origin',(-263.231810340545,22.1021253091384,87.2513603515281));
#8537=CARTESIAN_POINT('',(-265.231810340545,15.7208275168076,87.2513603515281));
#8538=CARTESIAN_POINT('Origin',(-271.674754553302,20.,87.2513603515281));
#8539=CARTESIAN_POINT('',(-271.674754553302,0.,87.2513603515281));
#8540=CARTESIAN_POINT('',(-271.674754553302,15.6598539419909,87.2513603515281));
#8541=CARTESIAN_POINT('',(-271.674754553302,15.6598539419909,87.2513603515281));
#8542=CARTESIAN_POINT('',(-271.674754553302,19.3598539419909,87.2513603515281));
#8543=CARTESIAN_POINT('',(-271.674754553302,20.,87.2513603515281));
#8544=CARTESIAN_POINT('',(-271.674754553302,19.3598539419909,92.7513603515281));
#8545=CARTESIAN_POINT('',(-271.674754553302,22.,87.2513603515281));
#8546=CARTESIAN_POINT('',(-271.674754553302,19.3598539419909,64.2513603515281));
#8547=CARTESIAN_POINT('',(-271.674754553302,19.3598539419909,58.7513603515281));
#8548=CARTESIAN_POINT('',(-271.674754553302,15.6598539419909,64.2513603515281));
#8549=CARTESIAN_POINT('',(-271.674754553302,20.,64.2513603515281));
#8550=CARTESIAN_POINT('',(-271.674754553302,15.6598539419909,87.2513603515281));
#8551=CARTESIAN_POINT('Origin',(0.,22.,0.));
#8552=CARTESIAN_POINT('',(-265.479491461441,22.,65.8328913438151));
#8553=CARTESIAN_POINT('',(-274.174754553302,22.,55.7513603515281));
#8554=CARTESIAN_POINT('',(-274.174754553302,22.,95.7513603515281));
#8555=CARTESIAN_POINT('',(-269.449528138754,22.,87.9281740703577));
#8556=CARTESIAN_POINT('Origin',(0.,0.,0.));
#8557=CARTESIAN_POINT('',(-274.174754553302,0.,55.7513603515281));
#8558=CARTESIAN_POINT('',(-274.174754553302,0.,55.7513603515281));
#8559=CARTESIAN_POINT('',(-270.174754553302,0.,62.7513603515281));
#8560=CARTESIAN_POINT('',(-265.231810340546,0.,1.29085082955984E-12));
#8561=CARTESIAN_POINT('',(-274.174754553302,0.,95.7513603515281));
#8562=CARTESIAN_POINT('',(-274.174754553302,0.,95.7513603515281));
#8563=CARTESIAN_POINT('',(-274.174754553302,0.,95.7513603515281));
#8564=CARTESIAN_POINT('Origin',(-265.231810340545,0.,75.1265623356491));
#8565=CARTESIAN_POINT('Origin',(0.,28.4834231014693,0.));
#8566=CARTESIAN_POINT('',(-264.806539992653,28.4834231014693,-4.89990529618593E-12));
#8567=CARTESIAN_POINT('Origin',(-264.806539992655,28.4834231014693,87.9281740703576));
#8568=CARTESIAN_POINT('Origin',(-270.174754553302,12.7208275168076,66.8397672109429));
#8569=CARTESIAN_POINT('',(-270.174754553302,15.7208275168076,66.8397672109429));
#8570=CARTESIAN_POINT('',(-270.174754553302,12.7208275168076,66.8397672109429));
#8571=CARTESIAN_POINT('Origin',(0.,12.7208275168076,0.));
#8572=CARTESIAN_POINT('Origin',(0.,15.7208275168076,0.));
#8573=CARTESIAN_POINT('Origin',(-274.174754553302,0.,95.7513603515281));
#8574=CARTESIAN_POINT('',(-274.174754553302,2.,95.7513603515281));
#8575=CARTESIAN_POINT('Origin',(-274.174754553302,11.,91.7513603515281));
#8576=CARTESIAN_POINT('',(-274.174754553302,11.,89.5013603515281));
#8577=CARTESIAN_POINT('Origin',(-271.174754553302,0.,0.));
#8578=CARTESIAN_POINT('',(-271.174754553302,19.3598539419909,87.2513603515281));
#8579=CARTESIAN_POINT('',(-271.174754553302,19.3598539419909,87.2513603515281));
#8580=CARTESIAN_POINT('',(-271.174754553302,15.6598539419909,87.2513603515281));
#8581=CARTESIAN_POINT('',(-271.174754553302,19.3598539419909,87.2513603515281));
#8582=CARTESIAN_POINT('',(-271.174754553302,15.6598539419909,92.7513603515281));
#8583=CARTESIAN_POINT('Origin',(-271.174754553302,19.3598539419909,87.2513603515281));
#8584=CARTESIAN_POINT('',(-271.174754553302,15.6598539419909,87.2513603515281));
#8585=CARTESIAN_POINT('',(-271.174754553302,19.3598539419909,87.2513603515281));
#8586=CARTESIAN_POINT('Origin',(-271.174754553302,19.3598539419909,92.7513603515281));
#8587=CARTESIAN_POINT('',(-271.174754553302,19.3598539419909,92.7513603515281));
#8588=CARTESIAN_POINT('Origin',(-271.174754553302,15.6598539419909,87.2513603515281));
#8589=CARTESIAN_POINT('',(-271.174754553302,15.6598539419909,92.7513603515281));
#8590=CARTESIAN_POINT('Origin',(-271.174754553302,15.6598539419909,92.7513603515281));
#8591=CARTESIAN_POINT('Origin',(-274.174754553302,19.3598539419909,58.7513603515281));
#8592=CARTESIAN_POINT('',(-274.174754553302,19.3598539419909,58.7513603515281));
#8593=CARTESIAN_POINT('',(-271.174754553302,19.3598539419909,64.2513603515281));
#8594=CARTESIAN_POINT('',(-271.174754553302,19.3598539419909,62.7513603515281));
#8595=CARTESIAN_POINT('',(-271.174754553302,19.3598539419909,64.2513603515281));
#8596=CARTESIAN_POINT('Origin',(-274.174754553302,15.6598539419909,58.7513603515281));
#8597=CARTESIAN_POINT('',(-274.174754553302,15.6598539419909,58.7513603515281));
#8598=CARTESIAN_POINT('Origin',(-274.174754553302,15.6598539419909,58.7513603515281));
#8599=CARTESIAN_POINT('',(-271.174754553302,15.6598539419909,64.2513603515281));
#8600=CARTESIAN_POINT('',(-271.174754553302,15.6598539419909,64.2513603515281));
#8601=CARTESIAN_POINT('',(-271.174754553302,15.6598539419909,62.7513603515281));
#8602=CARTESIAN_POINT('Origin',(-274.174754553302,11.,59.7513603515282));
#8603=CARTESIAN_POINT('',(-274.174754553302,11.,57.5013603515282));
#8604=CARTESIAN_POINT('Origin',(-274.174754553302,22.,55.7513603515281));
#8605=CARTESIAN_POINT('',(-274.174754553302,22.,55.7513603515281));
#8606=CARTESIAN_POINT('Origin',(-271.174754553302,19.3598539419909,64.2513603515281));
#8607=CARTESIAN_POINT('',(-271.174754553302,19.3598539419909,64.2513603515281));
#8608=CARTESIAN_POINT('Origin',(-271.174754553302,0.,0.));
#8609=CARTESIAN_POINT('Origin',(-243.231810340545,22.1021253091384,65.832891343815));
#8610=CARTESIAN_POINT('',(-243.231810340545,24.3521253091384,65.832891343815));
#8611=CARTESIAN_POINT('',(-243.231810340545,19.8521253091384,65.832891343815));
#8612=CARTESIAN_POINT('Origin',(-240.231810340545,19.8521253091383,65.832891343815));
#8613=CARTESIAN_POINT('',(-237.231810340545,19.8521253091384,65.832891343815));
#8614=CARTESIAN_POINT('Origin',(-240.231810340545,24.3521253091384,65.832891343815));
#8615=CARTESIAN_POINT('',(-237.231810340545,24.3521253091384,65.832891343815));
#8616=CARTESIAN_POINT('Origin',(-237.231810340545,22.1021253091384,65.832891343815));
#8617=CARTESIAN_POINT('Origin',(-257.231810340545,22.1021253091384,65.8328913438151));
#8618=CARTESIAN_POINT('',(-257.231810340545,19.8521253091384,65.8328913438151));
#8619=CARTESIAN_POINT('',(-257.231810340545,24.3521253091384,65.8328913438151));
#8620=CARTESIAN_POINT('Origin',(-257.231810340545,24.3521253091384,65.8328913438151));
#8621=CARTESIAN_POINT('',(-263.231810340545,24.3521253091384,65.8328913438151));
#8622=CARTESIAN_POINT('Origin',(-257.231810340545,19.8521253091383,65.8328913438151));
#8623=CARTESIAN_POINT('',(-263.231810340545,19.8521253091384,65.8328913438151));
#8624=CARTESIAN_POINT('Origin',(-263.231810340545,22.1021253091384,65.8328913438151));
#8625=CARTESIAN_POINT('Origin',(-269.703282446923,2.,93.3397672109429));
#8626=CARTESIAN_POINT('',(-274.174754553302,2.,95.7513603515281));
#8627=CARTESIAN_POINT('Origin',(-274.174754553302,2.,95.7513603515281));
#8628=CARTESIAN_POINT('Origin',(-272.174754553302,2.,59.2513603515281));
#8629=CARTESIAN_POINT('',(-270.174754553302,2.,62.7513603515281));
#8630=CARTESIAN_POINT('Origin',(-270.174754553302,2.,62.7513603515281));
#8631=CARTESIAN_POINT('',(0.,0.,0.));
#8632=CARTESIAN_POINT('Origin',(-271.674754553302,-14.,62.7513603515281));
#8633=CARTESIAN_POINT('',(-285.774754553302,-20.,62.7513603515281));
#8634=CARTESIAN_POINT('',(-281.274754553301,-20.,62.7513603515281));
#8635=CARTESIAN_POINT('',(-271.674754553302,-20.,62.7513603515281));
#8636=CARTESIAN_POINT('',(-285.774754553302,0.,62.7513603515281));
#8637=CARTESIAN_POINT('',(-285.774754553302,-14.,62.7513603515281));
#8638=CARTESIAN_POINT('',(-281.274754553301,0.,62.7513603515281));
#8639=CARTESIAN_POINT('',(-271.674754553302,0.,62.7513603515281));
#8640=CARTESIAN_POINT('',(-281.274754553301,-2.64014605800912,62.7513603515281));
#8641=CARTESIAN_POINT('',(-281.274754553301,0.,62.7513603515281));
#8642=CARTESIAN_POINT('',(-284.774754553302,-2.64014605800912,62.7513603515281));
#8643=CARTESIAN_POINT('',(-271.674754553302,-2.64014605800912,62.7513603515281));
#8644=CARTESIAN_POINT('',(-284.774754553302,-6.34014605800913,62.7513603515281));
#8645=CARTESIAN_POINT('',(-284.774754553302,-14.,62.7513603515281));
#8646=CARTESIAN_POINT('',(-281.274754553301,-6.34014605800913,62.7513603515281));
#8647=CARTESIAN_POINT('',(-271.674754553302,-6.34014605800913,62.7513603515281));
#8648=CARTESIAN_POINT('',(-281.274754553301,-6.34014605800913,62.7513603515281));
#8649=CARTESIAN_POINT('Origin',(-281.274754553301,0.,0.));
#8650=CARTESIAN_POINT('',(-281.274754553301,-20.,55.7513603515281));
#8651=CARTESIAN_POINT('',(-281.274754553301,-20.,0.));
#8652=CARTESIAN_POINT('',(-281.274754553301,-6.34014605800913,58.7513603515281));
#8653=CARTESIAN_POINT('',(-281.274754553301,-6.34014605800913,58.7513603515281));
#8654=CARTESIAN_POINT('',(-281.274754553301,-2.64014605800912,58.7513603515281));
#8655=CARTESIAN_POINT('',(-281.274754553301,-6.34014605800913,58.7513603515281));
#8656=CARTESIAN_POINT('',(-281.274754553301,-2.64014605800912,58.7513603515281));
#8657=CARTESIAN_POINT('',(-281.274754553301,0.,55.7513603515281));
#8658=CARTESIAN_POINT('',(-281.274754553301,0.,55.7513603515281));
#8659=CARTESIAN_POINT('',(-281.274754553301,0.,55.7513603515281));
#8660=CARTESIAN_POINT('',(-281.274754553301,-11.,57.5013603515282));
#8661=CARTESIAN_POINT('Origin',(-281.274754553301,-11.,59.7513603515282));
#8662=CARTESIAN_POINT('Origin',(-285.774754553302,-14.,88.7513603515281));
#8663=CARTESIAN_POINT('',(-281.274754553302,-20.,88.7513603515281));
#8664=CARTESIAN_POINT('',(-285.774754553302,-20.,88.7513603515281));
#8665=CARTESIAN_POINT('',(-285.774754553302,-20.,88.7513603515281));
#8666=CARTESIAN_POINT('',(-281.274754553302,-6.34014605800913,88.7513603515281));
#8667=CARTESIAN_POINT('',(-281.274754553302,-22.,88.7513603515281));
#8668=CARTESIAN_POINT('',(-284.774754553302,-6.34014605800913,88.7513603515281));
#8669=CARTESIAN_POINT('',(-278.274754553302,-6.34014605800913,88.7513603515281));
#8670=CARTESIAN_POINT('',(-284.774754553302,-2.64014605800912,88.7513603515281));
#8671=CARTESIAN_POINT('',(-284.774754553302,-6.34014605800913,88.7513603515281));
#8672=CARTESIAN_POINT('',(-281.274754553302,-2.64014605800912,88.7513603515281));
#8673=CARTESIAN_POINT('',(-284.774754553302,-2.64014605800912,88.7513603515281));
#8674=CARTESIAN_POINT('',(-281.274754553302,0.,88.7513603515281));
#8675=CARTESIAN_POINT('',(-281.274754553302,-14.,88.7513603515281));
#8676=CARTESIAN_POINT('',(-285.774754553302,0.,88.7513603515281));
#8677=CARTESIAN_POINT('',(-285.774754553302,0.,88.7513603515281));
#8678=CARTESIAN_POINT('',(-285.774754553302,-14.,88.7513603515281));
#8679=CARTESIAN_POINT('Origin',(-281.274754553302,-22.,94.7513603515281));
#8680=CARTESIAN_POINT('',(-281.274754553302,-20.,95.7513603515281));
#8681=CARTESIAN_POINT('',(-281.274754553302,-20.,94.7513603515281));
#8682=CARTESIAN_POINT('',(-281.274754553302,0.,95.7513603515281));
#8683=CARTESIAN_POINT('',(-281.274754553302,-22.,95.7513603515281));
#8684=CARTESIAN_POINT('',(-281.274754553302,0.,0.));
#8685=CARTESIAN_POINT('',(-281.274754553302,-2.64014605800912,92.7513603515281));
#8686=CARTESIAN_POINT('',(-281.274754553302,-2.64014605800913,95.7513603515281));
#8687=CARTESIAN_POINT('',(-281.274754553302,-6.34014605800913,92.7513603515281));
#8688=CARTESIAN_POINT('',(-281.274754553302,-7.15383663004547,92.7513603515281));
#8689=CARTESIAN_POINT('',(-281.274754553302,-6.34014605800913,94.7513603515281));
#8690=CARTESIAN_POINT('',(-281.274754553301,-11.,89.5013603515281));
#8691=CARTESIAN_POINT('Origin',(-281.274754553301,-11.,91.7513603515281));
#8692=CARTESIAN_POINT('Origin',(-278.274754553302,-6.34014605800913,44.2021247095837));
#8693=CARTESIAN_POINT('',(-278.274754553302,-6.34014605800913,92.7513603515281));
#8694=CARTESIAN_POINT('',(-278.274754553302,-6.34014605800913,92.7513603515281));
#8695=CARTESIAN_POINT('',(-278.274754553302,-6.34014605800913,87.5513603515281));
#8696=CARTESIAN_POINT('',(-278.274754553302,-6.34014605800913,44.2021247095837));
#8697=CARTESIAN_POINT('',(-284.274754553302,-6.34014605800913,87.5513603515281));
#8698=CARTESIAN_POINT('',(-284.274754553302,-6.34014605800913,87.5513603515281));
#8699=CARTESIAN_POINT('',(-284.274754553302,-6.34014605800913,63.9513603515281));
#8700=CARTESIAN_POINT('',(-284.274754553302,-6.34014605800913,64.2513603515281));
#8701=CARTESIAN_POINT('',(-278.274754553302,-6.34014605800913,63.9513603515281));
#8702=CARTESIAN_POINT('',(-271.674754553302,-6.34014605800913,63.9513603515281));
#8703=CARTESIAN_POINT('',(-278.274754553302,-6.34014605800913,58.7513603515281));
#8704=CARTESIAN_POINT('',(-278.274754553302,-6.34014605800913,44.2021247095837));
#8705=CARTESIAN_POINT('',(-278.274754553302,-6.34014605800913,58.7513603515281));
#8706=CARTESIAN_POINT('',(-284.774754553302,-6.34014605800913,44.2021247095837));
#8707=CARTESIAN_POINT('Origin',(-284.774754553302,-2.64014605800912,44.2021247095837));
#8708=CARTESIAN_POINT('',(-278.274754553302,-2.64014605800912,87.5513603515281));
#8709=CARTESIAN_POINT('',(-278.274754553302,-2.64014605800912,92.7513603515281));
#8710=CARTESIAN_POINT('',(-278.274754553302,-2.64014605800912,44.2021247095837));
#8711=CARTESIAN_POINT('',(-281.274754553302,-2.64014605800912,92.7513603515281));
#8712=CARTESIAN_POINT('',(-284.774754553302,-2.64014605800912,44.2021247095837));
#8713=CARTESIAN_POINT('',(-278.274754553302,-2.64014605800912,58.7513603515281));
#8714=CARTESIAN_POINT('',(-278.274754553302,-2.64014605800912,58.7513603515281));
#8715=CARTESIAN_POINT('',(-278.274754553302,-2.64014605800912,63.9513603515281));
#8716=CARTESIAN_POINT('',(-278.274754553302,-2.64014605800912,44.2021247095837));
#8717=CARTESIAN_POINT('',(-284.274754553302,-2.64014605800912,63.9513603515281));
#8718=CARTESIAN_POINT('',(-271.674754553302,-2.64014605800912,63.9513603515281));
#8719=CARTESIAN_POINT('',(-284.274754553302,-2.64014605800912,87.5513603515281));
#8720=CARTESIAN_POINT('',(-284.274754553302,-2.64014605800912,64.2513603515281));
#8721=CARTESIAN_POINT('',(-284.274754553302,-2.64014605800912,87.5513603515281));
#8722=CARTESIAN_POINT('Origin',(-271.674754553302,-14.,63.9513603515281));
#8723=CARTESIAN_POINT('',(-278.274754553302,-22.,63.9513603515281));
#8724=CARTESIAN_POINT('',(-278.274754553302,-14.,63.9513603515281));
#8725=CARTESIAN_POINT('',(-284.274754553302,-22.,63.9513603515281));
#8726=CARTESIAN_POINT('',(-284.274754553302,-14.,63.9513603515281));
#8727=CARTESIAN_POINT('',(-271.674754553302,-22.,63.9513603515281));
#8728=CARTESIAN_POINT('Origin',(-271.674754553302,-14.,63.9513603515281));
#8729=CARTESIAN_POINT('',(-278.274754553302,0.,63.9513603515281));
#8730=CARTESIAN_POINT('',(-278.274754553302,-14.,63.9513603515281));
#8731=CARTESIAN_POINT('',(-284.274754553302,0.,63.9513603515281));
#8732=CARTESIAN_POINT('',(-271.674754553302,0.,63.9513603515281));
#8733=CARTESIAN_POINT('',(-284.274754553302,-14.,63.9513603515281));
#8734=CARTESIAN_POINT('Origin',(-284.274754553302,-14.,64.2513603515281));
#8735=CARTESIAN_POINT('',(-284.274754553302,-22.,87.5513603515281));
#8736=CARTESIAN_POINT('',(-284.274754553302,-14.,87.5513603515281));
#8737=CARTESIAN_POINT('',(-284.274754553302,-22.,64.2513603515281));
#8738=CARTESIAN_POINT('Origin',(-284.274754553302,-14.,64.2513603515281));
#8739=CARTESIAN_POINT('',(-284.274754553302,0.,87.5513603515281));
#8740=CARTESIAN_POINT('',(-284.274754553302,0.,64.2513603515281));
#8741=CARTESIAN_POINT('',(-284.274754553302,-14.,87.5513603515281));
#8742=CARTESIAN_POINT('Origin',(-284.274754553302,-14.,87.5513603515281));
#8743=CARTESIAN_POINT('',(-278.274754553302,-22.,87.5513603515281));
#8744=CARTESIAN_POINT('',(-278.274754553302,-14.,87.5513603515281));
#8745=CARTESIAN_POINT('',(-284.274754553302,-22.,87.5513603515281));
#8746=CARTESIAN_POINT('Origin',(-284.274754553302,-14.,87.5513603515281));
#8747=CARTESIAN_POINT('',(-278.274754553302,0.,87.5513603515281));
#8748=CARTESIAN_POINT('',(-284.274754553302,0.,87.5513603515281));
#8749=CARTESIAN_POINT('',(-278.274754553302,-14.,87.5513603515281));
#8750=CARTESIAN_POINT('Origin',(-278.274754553302,-14.,88.7513603515281));
#8751=CARTESIAN_POINT('',(-278.274754553302,-7.15383663004547,92.7513603515281));
#8752=CARTESIAN_POINT('',(-278.274754553302,0.,95.7513603515281));
#8753=CARTESIAN_POINT('',(-278.274754553302,0.,88.7513603515281));
#8754=CARTESIAN_POINT('',(-278.274754553302,-22.,95.7513603515281));
#8755=CARTESIAN_POINT('',(-278.274754553302,-22.,95.7513603515281));
#8756=CARTESIAN_POINT('',(-278.274754553302,-22.,88.7513603515281));
#8757=CARTESIAN_POINT('',(-278.274754553302,-11.,89.5013603515281));
#8758=CARTESIAN_POINT('Origin',(-278.274754553302,-11.,91.7513603515281));
#8759=CARTESIAN_POINT('Origin',(-278.274754553302,-14.,64.2513603515281));
#8760=CARTESIAN_POINT('',(-278.274754553302,-22.,55.7513603515281));
#8761=CARTESIAN_POINT('',(-278.274754553302,-22.,64.2513603515281));
#8762=CARTESIAN_POINT('',(-278.274754553302,0.,55.7513603515281));
#8763=CARTESIAN_POINT('',(-278.274754553302,0.,55.7513603515281));
#8764=CARTESIAN_POINT('',(-278.274754553302,0.,64.2513603515281));
#8765=CARTESIAN_POINT('',(-278.274754553302,-6.34014605800913,58.7513603515281));
#8766=CARTESIAN_POINT('',(-278.274754553302,-11.,57.5013603515282));
#8767=CARTESIAN_POINT('Origin',(-278.274754553302,-11.,59.7513603515282));
#8768=CARTESIAN_POINT('Origin',(-285.774754553302,-14.,62.7513603515281));
#8769=CARTESIAN_POINT('',(-285.774754553302,-22.,88.7513603515281));
#8770=CARTESIAN_POINT('',(-285.774754553302,-14.,88.7513603515281));
#8771=CARTESIAN_POINT('',(-285.774754553302,0.,62.7513603515281));
#8772=CARTESIAN_POINT('',(-285.774754553302,-22.,62.7513603515281));
#8773=CARTESIAN_POINT('',(-285.774754553302,-14.,62.7513603515281));
#8774=CARTESIAN_POINT('',(-285.774754553302,-22.,62.7513603515281));
#8775=CARTESIAN_POINT('Origin',(0.,-22.,0.));
#8776=CARTESIAN_POINT('',(-281.274754553302,-22.,95.7513603515281));
#8777=CARTESIAN_POINT('',(-281.274754553302,-22.,95.7513603515281));
#8778=CARTESIAN_POINT('',(-281.274754553301,-22.,55.7513603515281));
#8779=CARTESIAN_POINT('',(-281.274754553301,-22.,55.7513603515281));
#8780=CARTESIAN_POINT('',(-278.274754553302,-22.,55.7513603515281));
#8781=CARTESIAN_POINT('',(-278.274754553302,-22.,95.7513603515281));
#8782=CARTESIAN_POINT('Origin',(0.,0.,0.));
#8783=CARTESIAN_POINT('',(-278.274754553302,0.,55.7513603515281));
#8784=CARTESIAN_POINT('',(-285.774754553302,0.,95.7513603515281));
#8785=CARTESIAN_POINT('Origin',(-284.774754553302,-6.34014605800913,44.2021247095837));
#8786=CARTESIAN_POINT('Origin',(0.,0.,95.7513603515281));
#8787=CARTESIAN_POINT('',(-281.274754553302,-20.,95.7513603515281));
#8788=CARTESIAN_POINT('Origin',(-265.86200757924,-11.,91.7513603515281));
#8789=CARTESIAN_POINT('',(-265.86200757924,-11.,89.5013603515281));
#8790=CARTESIAN_POINT('Origin',(-281.274754553302,-7.15383663004547,92.7513603515281));
#8791=CARTESIAN_POINT('Origin',(-278.274754553302,-6.34014605800913,58.7513603515281));
#8792=CARTESIAN_POINT('Origin',(-278.274754553302,0.,55.7513603515281));
#8793=CARTESIAN_POINT('',(-281.274754553301,-20.,55.7513603515281));
#8794=CARTESIAN_POINT('Origin',(-278.274754553302,-11.,59.7513603515282));
#8795=CARTESIAN_POINT('',(-278.274754553302,-11.,57.5013603515282));
#8796=CARTESIAN_POINT('Origin',(-283.524754553301,-20.,92.2513603515281));
#8797=CARTESIAN_POINT('',(-281.274754553302,-20.,95.7513603515281));
#8798=CARTESIAN_POINT('Origin',(-281.274754553302,-20.,95.7513603515281));
#8799=CARTESIAN_POINT('Origin',(-283.524754553301,-20.,59.2513603515281));
#8800=CARTESIAN_POINT('',(-281.274754553301,-20.,55.7513603515281));
#8801=CARTESIAN_POINT('Origin',(-281.274754553301,-20.,55.7513603515281));
#8802=CARTESIAN_POINT('',(-88.8963914947105,35.5374171049115,4.99999999999998));
#8803=CARTESIAN_POINT('',(-69.0289203560873,-32.9929658892557,60.6444875246723));
#8804=CARTESIAN_POINT('',(195.445834197216,-36.5397928126243,-83.2281740703569));
#8805=CARTESIAN_POINT('',(195.445834197215,-14.5397928126246,-83.2281740703566));
#8806=UNCERTAINTY_MEASURE_WITH_UNIT(LENGTH_MEASURE(0.01),#8832,
'DISTANCE_ACCURACY_VALUE',
'Maximum model space distance between geometric entities at asserted c
onnectivities');
#8807=UNCERTAINTY_MEASURE_WITH_UNIT(LENGTH_MEASURE(0.01),#8832,
'DISTANCE_ACCURACY_VALUE',
'Maximum model space distance between geometric entities at asserted c
onnectivities');
#8808=UNCERTAINTY_MEASURE_WITH_UNIT(LENGTH_MEASURE(0.01),#8832,
'DISTANCE_ACCURACY_VALUE',
'Maximum model space distance between geometric entities at asserted c
onnectivities');
#8809=UNCERTAINTY_MEASURE_WITH_UNIT(LENGTH_MEASURE(0.01),#8832,
'DISTANCE_ACCURACY_VALUE',
'Maximum model space distance between geometric entities at asserted c
onnectivities');
#8810=UNCERTAINTY_MEASURE_WITH_UNIT(LENGTH_MEASURE(0.01),#8832,
'DISTANCE_ACCURACY_VALUE',
'Maximum model space distance between geometric entities at asserted c
onnectivities');
#8811=UNCERTAINTY_MEASURE_WITH_UNIT(LENGTH_MEASURE(0.01),#8832,
'DISTANCE_ACCURACY_VALUE',
'Maximum model space distance between geometric entities at asserted c
onnectivities');
#8812=UNCERTAINTY_MEASURE_WITH_UNIT(LENGTH_MEASURE(0.01),#8832,
'DISTANCE_ACCURACY_VALUE',
'Maximum model space distance between geometric entities at asserted c
onnectivities');
#8813=UNCERTAINTY_MEASURE_WITH_UNIT(LENGTH_MEASURE(0.01),#8832,
'DISTANCE_ACCURACY_VALUE',
'Maximum model space distance between geometric entities at asserted c
onnectivities');
#8814=UNCERTAINTY_MEASURE_WITH_UNIT(LENGTH_MEASURE(0.01),#8832,
'DISTANCE_ACCURACY_VALUE',
'Maximum model space distance between geometric entities at asserted c
onnectivities');
#8815=UNCERTAINTY_MEASURE_WITH_UNIT(LENGTH_MEASURE(0.01),#8832,
'DISTANCE_ACCURACY_VALUE',
'Maximum model space distance between geometric entities at asserted c
onnectivities');
#8816=UNCERTAINTY_MEASURE_WITH_UNIT(LENGTH_MEASURE(0.01),#8832,
'DISTANCE_ACCURACY_VALUE',
'Maximum model space distance between geometric entities at asserted c
onnectivities');
#8817=UNCERTAINTY_MEASURE_WITH_UNIT(LENGTH_MEASURE(0.01),#8832,
'DISTANCE_ACCURACY_VALUE',
'Maximum model space distance between geometric entities at asserted c
onnectivities');
#8818=UNCERTAINTY_MEASURE_WITH_UNIT(LENGTH_MEASURE(0.01),#8832,
'DISTANCE_ACCURACY_VALUE',
'Maximum model space distance between geometric entities at asserted c
onnectivities');
#8819=(
GEOMETRIC_REPRESENTATION_CONTEXT(3)
GLOBAL_UNCERTAINTY_ASSIGNED_CONTEXT((#8806))
GLOBAL_UNIT_ASSIGNED_CONTEXT((#8832,#8834,#8835))
REPRESENTATION_CONTEXT('','3D')
);
#8820=(
GEOMETRIC_REPRESENTATION_CONTEXT(3)
GLOBAL_UNCERTAINTY_ASSIGNED_CONTEXT((#8807))
GLOBAL_UNIT_ASSIGNED_CONTEXT((#8832,#8834,#8835))
REPRESENTATION_CONTEXT('','3D')
);
#8821=(
GEOMETRIC_REPRESENTATION_CONTEXT(3)
GLOBAL_UNCERTAINTY_ASSIGNED_CONTEXT((#8808))
GLOBAL_UNIT_ASSIGNED_CONTEXT((#8832,#8834,#8835))
REPRESENTATION_CONTEXT('','3D')
);
#8822=(
GEOMETRIC_REPRESENTATION_CONTEXT(3)
GLOBAL_UNCERTAINTY_ASSIGNED_CONTEXT((#8809))
GLOBAL_UNIT_ASSIGNED_CONTEXT((#8832,#8834,#8835))
REPRESENTATION_CONTEXT('','3D')
);
#8823=(
GEOMETRIC_REPRESENTATION_CONTEXT(3)
GLOBAL_UNCERTAINTY_ASSIGNED_CONTEXT((#8810))
GLOBAL_UNIT_ASSIGNED_CONTEXT((#8832,#8834,#8835))
REPRESENTATION_CONTEXT('','3D')
);
#8824=(
GEOMETRIC_REPRESENTATION_CONTEXT(3)
GLOBAL_UNCERTAINTY_ASSIGNED_CONTEXT((#8811))
GLOBAL_UNIT_ASSIGNED_CONTEXT((#8832,#8834,#8835))
REPRESENTATION_CONTEXT('','3D')
);
#8825=(
GEOMETRIC_REPRESENTATION_CONTEXT(3)
GLOBAL_UNCERTAINTY_ASSIGNED_CONTEXT((#8812))
GLOBAL_UNIT_ASSIGNED_CONTEXT((#8832,#8834,#8835))
REPRESENTATION_CONTEXT('','3D')
);
#8826=(
GEOMETRIC_REPRESENTATION_CONTEXT(3)
GLOBAL_UNCERTAINTY_ASSIGNED_CONTEXT((#8813))
GLOBAL_UNIT_ASSIGNED_CONTEXT((#8832,#8834,#8835))
REPRESENTATION_CONTEXT('','3D')
);
#8827=(
GEOMETRIC_REPRESENTATION_CONTEXT(3)
GLOBAL_UNCERTAINTY_ASSIGNED_CONTEXT((#8814))
GLOBAL_UNIT_ASSIGNED_CONTEXT((#8832,#8834,#8835))
REPRESENTATION_CONTEXT('','3D')
);
#8828=(
GEOMETRIC_REPRESENTATION_CONTEXT(3)
GLOBAL_UNCERTAINTY_ASSIGNED_CONTEXT((#8815))
GLOBAL_UNIT_ASSIGNED_CONTEXT((#8832,#8834,#8835))
REPRESENTATION_CONTEXT('','3D')
);
#8829=(
GEOMETRIC_REPRESENTATION_CONTEXT(3)
GLOBAL_UNCERTAINTY_ASSIGNED_CONTEXT((#8816))
GLOBAL_UNIT_ASSIGNED_CONTEXT((#8832,#8834,#8835))
REPRESENTATION_CONTEXT('','3D')
);
#8830=(
GEOMETRIC_REPRESENTATION_CONTEXT(3)
GLOBAL_UNCERTAINTY_ASSIGNED_CONTEXT((#8817))
GLOBAL_UNIT_ASSIGNED_CONTEXT((#8832,#8834,#8835))
REPRESENTATION_CONTEXT('','3D')
);
#8831=(
GEOMETRIC_REPRESENTATION_CONTEXT(3)
GLOBAL_UNCERTAINTY_ASSIGNED_CONTEXT((#8818))
GLOBAL_UNIT_ASSIGNED_CONTEXT((#8832,#8834,#8835))
REPRESENTATION_CONTEXT('','3D')
);
#8832=(
LENGTH_UNIT()
NAMED_UNIT(*)
SI_UNIT(.MILLI.,.METRE.)
);
#8833=(
LENGTH_UNIT()
NAMED_UNIT(*)
SI_UNIT(.CENTI.,.METRE.)
);
#8834=(
NAMED_UNIT(*)
PLANE_ANGLE_UNIT()
SI_UNIT($,.RADIAN.)
);
#8835=(
NAMED_UNIT(*)
SI_UNIT($,.STERADIAN.)
SOLID_ANGLE_UNIT()
);
#8836=SHAPE_DEFINITION_REPRESENTATION(#8848,#8879);
#8837=SHAPE_DEFINITION_REPRESENTATION(#8849,#8880);
#8838=SHAPE_DEFINITION_REPRESENTATION(#8850,#8881);
#8839=SHAPE_DEFINITION_REPRESENTATION(#8851,#8882);
#8840=SHAPE_DEFINITION_REPRESENTATION(#8852,#8883);
#8841=SHAPE_DEFINITION_REPRESENTATION(#8853,#8884);
#8842=SHAPE_DEFINITION_REPRESENTATION(#8854,#8885);
#8843=SHAPE_DEFINITION_REPRESENTATION(#8855,#8886);
#8844=SHAPE_DEFINITION_REPRESENTATION(#8856,#8887);
#8845=SHAPE_DEFINITION_REPRESENTATION(#8857,#8888);
#8846=SHAPE_DEFINITION_REPRESENTATION(#8873,#8889);
#8847=SHAPE_DEFINITION_REPRESENTATION(#8874,#8890);
#8848=PRODUCT_DEFINITION_SHAPE('',$,#8892);
#8849=PRODUCT_DEFINITION_SHAPE('',$,#8893);
#8850=PRODUCT_DEFINITION_SHAPE('',$,#8894);
#8851=PRODUCT_DEFINITION_SHAPE('',$,#8895);
#8852=PRODUCT_DEFINITION_SHAPE('',$,#8896);
#8853=PRODUCT_DEFINITION_SHAPE('',$,#8897);
#8854=PRODUCT_DEFINITION_SHAPE('',$,#8898);
#8855=PRODUCT_DEFINITION_SHAPE('',$,#8899);
#8856=PRODUCT_DEFINITION_SHAPE('',$,#8900);
#8857=PRODUCT_DEFINITION_SHAPE('',$,#8901);
#8858=PRODUCT_DEFINITION_SHAPE($,$,#68);
#8859=PRODUCT_DEFINITION_SHAPE($,$,#69);
#8860=PRODUCT_DEFINITION_SHAPE($,$,#70);
#8861=PRODUCT_DEFINITION_SHAPE($,$,#71);
#8862=PRODUCT_DEFINITION_SHAPE($,$,#72);
#8863=PRODUCT_DEFINITION_SHAPE($,$,#73);
#8864=PRODUCT_DEFINITION_SHAPE($,$,#74);
#8865=PRODUCT_DEFINITION_SHAPE($,$,#75);
#8866=PRODUCT_DEFINITION_SHAPE($,$,#76);
#8867=PRODUCT_DEFINITION_SHAPE($,$,#77);
#8868=PRODUCT_DEFINITION_SHAPE($,$,#78);
#8869=PRODUCT_DEFINITION_SHAPE($,$,#79);
#8870=PRODUCT_DEFINITION_SHAPE($,$,#80);
#8871=PRODUCT_DEFINITION_SHAPE($,$,#81);
#8872=PRODUCT_DEFINITION_SHAPE($,$,#82);
#8873=PRODUCT_DEFINITION_SHAPE('',$,#8902);
#8874=PRODUCT_DEFINITION_SHAPE('',$,#8903);
#8875=PRODUCT_DEFINITION_SHAPE($,$,#83);
#8876=PRODUCT_DEFINITION_SHAPE($,$,#84);
#8877=PRODUCT_DEFINITION_SHAPE($,$,#85);
#8878=PRODUCT_DEFINITION_SHAPE($,$,#86);
#8879=SHAPE_REPRESENTATION('',(#5504,#5909,#5910,#5911,#5912),#8819);
#8880=SHAPE_REPRESENTATION('',(#5505),#8820);
#8881=SHAPE_REPRESENTATION('',(#5547,#5792,#5793,#5794,#5795,#5796,#5797,
#5798,#5799,#5800,#5801,#5802,#5803,#5804,#5805,#5806),#8821);
#8882=SHAPE_REPRESENTATION('',(#5548),#8822);
#8883=SHAPE_REPRESENTATION('',(#5582),#8823);
#8884=SHAPE_REPRESENTATION('',(#5626),#8824);
#8885=SHAPE_REPRESENTATION('',(#5645),#8825);
#8886=SHAPE_REPRESENTATION('',(#5676),#8826);
#8887=SHAPE_REPRESENTATION('',(#5711),#8827);
#8888=SHAPE_REPRESENTATION('',(#5721),#8828);
#8889=SHAPE_REPRESENTATION('',(#5807),#8829);
#8890=SHAPE_REPRESENTATION('',(#5876),#8830);
#8891=PRODUCT_DEFINITION_CONTEXT('part definition',#8929,'design');
#8892=PRODUCT_DEFINITION('ensamble_herramienta','ensamble_herramienta',
#8904,#8891);
#8893=PRODUCT_DEFINITION('lamina_herrAMIENTA','lamina_herrAMIENTA',#8905,
#8891);
#8894=PRODUCT_DEFINITION('pinza','pinza',#8906,#8891);
#8895=PRODUCT_DEFINITION('acople_servo','acople_servo',#8907,#8891);
#8896=PRODUCT_DEFINITION('cremallera1','cremallera1',#8908,#8891);
#8897=PRODUCT_DEFINITION('lamina-1 - copia','lamina-1 - copia',#8909,#8891);
#8898=PRODUCT_DEFINITION('soporte_pinza','soporte_pinza',#8910,#8891);
#8899=PRODUCT_DEFINITION('servomotor','servomotor',#8911,#8891);
#8900=PRODUCT_DEFINITION('polea_ensayo','polea_ensayo',#8912,#8891);
#8901=PRODUCT_DEFINITION('union','union',#8913,#8891);
#8902=PRODUCT_DEFINITION('soporte-motor','soporte-motor',#8914,#8891);
#8903=PRODUCT_DEFINITION('soprte_motor','soprte_motor',#8915,#8891);
#8904=PRODUCT_DEFINITION_FORMATION('',$,#8931);
#8905=PRODUCT_DEFINITION_FORMATION('',$,#8932);
#8906=PRODUCT_DEFINITION_FORMATION('',$,#8933);
#8907=PRODUCT_DEFINITION_FORMATION('',$,#8934);
#8908=PRODUCT_DEFINITION_FORMATION('',$,#8935);
#8909=PRODUCT_DEFINITION_FORMATION('',$,#8936);
#8910=PRODUCT_DEFINITION_FORMATION('',$,#8937);
#8911=PRODUCT_DEFINITION_FORMATION('',$,#8938);
#8912=PRODUCT_DEFINITION_FORMATION('',$,#8939);
#8913=PRODUCT_DEFINITION_FORMATION('',$,#8940);
#8914=PRODUCT_DEFINITION_FORMATION('',$,#8941);
#8915=PRODUCT_DEFINITION_FORMATION('',$,#8942);
#8916=PRODUCT_RELATED_PRODUCT_CATEGORY('ensamble_herramienta',
'ensamble_herramienta',(#8931));
#8917=PRODUCT_RELATED_PRODUCT_CATEGORY('lamina_herrAMIENTA',
'lamina_herrAMIENTA',(#8932));
#8918=PRODUCT_RELATED_PRODUCT_CATEGORY('pinza','pinza',(#8933));
#8919=PRODUCT_RELATED_PRODUCT_CATEGORY('acople_servo','acople_servo',(#8934));
#8920=PRODUCT_RELATED_PRODUCT_CATEGORY('cremallera1','cremallera1',(#8935));
#8921=PRODUCT_RELATED_PRODUCT_CATEGORY('lamina-1 - copia',
'lamina-1 - copia',(#8936));
#8922=PRODUCT_RELATED_PRODUCT_CATEGORY('soporte_pinza','soporte_pinza',
(#8937));
#8923=PRODUCT_RELATED_PRODUCT_CATEGORY('servomotor','servomotor',(#8938));
#8924=PRODUCT_RELATED_PRODUCT_CATEGORY('polea_ensayo','polea_ensayo',(#8939));
#8925=PRODUCT_RELATED_PRODUCT_CATEGORY('union','union',(#8940));
#8926=PRODUCT_RELATED_PRODUCT_CATEGORY('soporte-motor','soporte-motor',
(#8941));
#8927=PRODUCT_RELATED_PRODUCT_CATEGORY('soprte_motor','soprte_motor',(#8942));
#8928=APPLICATION_PROTOCOL_DEFINITION('international standard',
'automotive_design',2009,#8929);
#8929=APPLICATION_CONTEXT(
'Core Data for Automotive Mechanical Design Process');
#8930=PRODUCT_CONTEXT('part definition',#8929,'mechanical');
#8931=PRODUCT('ensamble_herramienta','ensamble_herramienta',$,(#8930));
#8932=PRODUCT('lamina_herrAMIENTA','lamina_herrAMIENTA',
'lamina_herrAMIENTA',(#8930));
#8933=PRODUCT('pinza','pinza','pinza',(#8930));
#8934=PRODUCT('acople_servo','acople_servo','acople_servo',(#8930));
#8935=PRODUCT('cremallera1','cremallera1','cremallera1',(#8930));
#8936=PRODUCT('lamina-1 - copia','lamina-1 - copia','lamina-1 - copia',
(#8930));
#8937=PRODUCT('soporte_pinza','soporte_pinza','soporte_pinza',(#8930));
#8938=PRODUCT('servomotor','servomotor','servomotor',(#8930));
#8939=PRODUCT('polea_ensayo','polea_ensayo','polea_ensayo',(#8930));
#8940=PRODUCT('union','union','union',(#8930));
#8941=PRODUCT('soporte-motor','soporte-motor','soporte-motor',(#8930));
#8942=PRODUCT('soprte_motor','soprte_motor','soprte_motor',(#8930));
ENDSEC;
END-ISO-10303-21;
